date,home,away,home_score,away_score,venue,prob_home,prediction,confidence,pair_games,predicted_historical_rate,home_season_rate,away_season_rate,form_agreement,high_confidence,hit,split
2025-03-28,DeNA,中日,5,0,横浜スタジアム,0.5517982157737795,0,0.4482017842262205,22,0.36363636363636365,0.5,0.5,True,False,False,2025_rule_selection
2025-03-28,オリックス,楽天,3,2,京セラドーム大阪,0.5383307548583685,0,0.46166924514163155,24,0.41666666666666663,0.5,0.5,True,False,False,2025_rule_selection
2025-03-28,ソフトバンク,ロッテ,2,8,PayPayドーム,0.5516531829342549,0,0.4483468170657451,24,0.33333333333333337,0.5,0.5,True,False,True,2025_rule_selection
2025-03-28,巨人,ヤクルト,6,5,東京ドーム,0.5497235375862671,0,0.45027646241373287,25,0.48,0.5,0.5,True,False,False,2025_rule_selection
2025-03-28,広島,阪神,0,4,マツダスタジアム,0.5552763079981502,1,0.5552763079981502,24,0.5,0.5,0.5,True,False,False,2025_rule_selection
2025-03-28,西武,日本ハム,0,2,メットライフドーム,0.534278166406538,0,0.465721833593462,23,0.5652173913043479,0.5,0.5,True,False,True,2025_rule_selection
2025-03-29,DeNA,中日,0,1,横浜スタジアム,0.5491380761205447,0,0.45086192387945534,23,0.34782608695652173,1.0,0.0,False,False,True,2025_rule_selection
2025-03-29,オリックス,楽天,4,5,京セラドーム大阪,0.5494231758889501,0,0.45057682411104993,25,0.4,1.0,0.0,False,False,True,2025_rule_selection
2025-03-29,ソフトバンク,ロッテ,4,5,PayPayドーム,0.5725026379574671,1,0.5725026379574671,25,0.64,0.0,1.0,False,False,False,2025_rule_selection
2025-03-29,巨人,ヤクルト,12,0,東京ドーム,0.5642689892081594,1,0.5642689892081594,26,0.5384615384615384,1.0,0.0,True,False,True,2025_rule_selection
2025-03-29,広島,阪神,2,3,マツダスタジアム,0.5764797192203645,1,0.5764797192203645,25,0.48,0.0,1.0,False,False,False,2025_rule_selection
2025-03-29,西武,日本ハム,2,3,メットライフドーム,0.5463616896304476,0,0.4536383103695524,24,0.5833333333333333,0.0,1.0,True,False,True,2025_rule_selection
2025-03-30,DeNA,中日,2,1,横浜スタジアム,0.545026048628648,0,0.454973951371352,24,0.375,0.5,0.5,True,False,False,2025_rule_selection
2025-03-30,オリックス,楽天,5,1,京セラドーム大阪,0.5343715859241306,0,0.4656284140758694,26,0.42307692307692313,0.5,0.5,True,False,False,2025_rule_selection
2025-03-30,ソフトバンク,ロッテ,4,7,PayPayドーム,0.573611825819006,1,0.573611825819006,26,0.6153846153846154,0.0,1.0,False,False,False,2025_rule_selection
2025-03-30,巨人,ヤクルト,3,0,東京ドーム,0.5621287791537496,1,0.5621287791537496,27,0.5555555555555556,1.0,0.0,True,False,True,2025_rule_selection
2025-03-30,広島,阪神,2,0,マツダスタジアム,0.5782386049526861,1,0.5782386049526861,26,0.46153846153846156,0.0,1.0,False,False,True,2025_rule_selection
2025-03-30,西武,日本ハム,5,7,メットライフドーム,0.5490327959568765,0,0.4509672040431235,25,0.6,0.0,1.0,True,False,True,2025_rule_selection
2025-04-01,中日,巨人,3,2,ナゴヤドーム,0.5415934383386357,0,0.4584065616613643,24,0.625,0.3333333333333333,1.0,True,False,False,2025_rule_selection
2025-04-01,日本ハム,ソフトバンク,1,5,エスコンF,0.5449429131809973,0,0.4550570868190027,22,0.5,1.0,0.0,False,False,True,2025_rule_selection
2025-04-01,阪神,DeNA,1,7,京セラドーム大阪,0.5368006233961525,0,0.46319937660384747,23,0.4347826086956522,0.6666666666666666,0.6666666666666666,True,False,True,2025_rule_selection
2025-04-02,ヤクルト,広島,5,4,神宮野球場,0.5582696799638301,1,0.5582696799638301,24,0.4166666666666667,0.0,0.3333333333333333,False,False,True,2025_rule_selection
2025-04-02,ロッテ,オリックス,2,3,ZOZOマリンスタジアム,0.5534492598384008,0,0.44655074016159924,21,0.33333333333333337,1.0,0.6666666666666666,False,False,True,2025_rule_selection
2025-04-02,中日,巨人,0,2,ナゴヤドーム,0.5400331453036076,0,0.4599668546963924,25,0.6,0.5,0.75,True,False,True,2025_rule_selection
2025-04-02,日本ハム,ソフトバンク,3,1,エスコンF,0.5458221085669165,0,0.4541778914330835,23,0.5217391304347826,0.75,0.25,False,False,False,2025_rule_selection
2025-04-03,ヤクルト,広島,3,0,神宮野球場,0.5585727419234809,1,0.5585727419234809,25,0.44,0.25,0.25,True,False,True,2025_rule_selection
2025-04-03,ロッテ,オリックス,2,3,ZOZOマリンスタジアム,0.5581306993946538,1,0.5581306993946538,22,0.6363636363636364,0.75,0.75,True,False,False,2025_rule_selection
2025-04-03,楽天,西武,4,1,楽天モバイル,0.5600310722536889,1,0.5600310722536889,23,0.6086956521739131,0.3333333333333333,0.0,True,False,True,2025_rule_selection
2025-04-03,阪神,DeNA,2,5,京セラドーム大阪,0.54778298317533,0,0.45221701682466997,24,0.45833333333333337,0.5,0.75,True,False,True,2025_rule_selection
2025-04-04,ソフトバンク,西武,0,6,PayPayドーム,0.5883290132488562,1,0.5883290132488562,25,0.68,0.2,0.0,True,False,False,2025_rule_selection
2025-04-04,ロッテ,楽天,1,3,ZOZOマリンスタジアム,0.5450700918132786,0,0.4549299081867214,23,0.4347826086956522,0.6,0.5,False,False,True,2025_rule_selection
2025-04-04,巨人,阪神,2,7,東京ドーム,0.5548932234120986,0,0.44510677658790143,24,0.5,0.8,0.4,False,False,True,2025_rule_selection
2025-04-04,広島,DeNA,8,2,マツダスタジアム,0.557162577268728,1,0.557162577268728,23,0.5217391304347826,0.2,0.8,False,False,True,2025_rule_selection
2025-04-04,日本ハム,オリックス,3,4,エスコンF,0.5540225264986867,0,0.44597747350131334,24,0.5,0.8,0.8,True,False,True,2025_rule_selection
2025-04-05,ソフトバンク,西武,3,6,PayPayドーム,0.5838046066175316,1,0.5838046066175316,26,0.6538461538461539,0.16666666666666666,0.2,False,False,False,2025_rule_selection
2025-04-05,ヤクルト,中日,2,0,神宮野球場,0.556154177100906,1,0.556154177100906,23,0.4782608695652174,0.4,0.4,True,False,True,2025_rule_selection
2025-04-05,ロッテ,楽天,1,0,ZOZOマリンスタジアム,0.5405865949330336,0,0.4594134050669664,24,0.45833333333333337,0.5,0.6,True,False,False,2025_rule_selection
2025-04-05,巨人,阪神,3,4,東京ドーム,0.5566671534948642,1,0.5566671534948642,25,0.48,0.6666666666666666,0.5,True,False,False,2025_rule_selection
2025-04-05,広島,DeNA,8,7,マツダスタジアム,0.5562508335415308,1,0.5562508335415308,24,0.5416666666666666,0.3333333333333333,0.6666666666666666,False,False,True,2025_rule_selection
2025-04-05,日本ハム,オリックス,1,11,エスコンF,0.5540146496173586,0,0.4459853503826414,25,0.52,0.6666666666666666,0.8333333333333334,True,False,True,2025_rule_selection
2025-04-06,ソフトバンク,西武,11,1,PayPayドーム,0.5853525711390355,1,0.5853525711390355,27,0.6296296296296297,0.14285714285714285,0.3333333333333333,False,False,True,2025_rule_selection
2025-04-06,ヤクルト,中日,5,6,神宮野球場,0.5428242934554804,0,0.45717570654451956,24,0.5,0.5,0.3333333333333333,False,False,True,2025_rule_selection
2025-04-06,ロッテ,楽天,0,5,ZOZOマリンスタジアム,0.5419221449819225,0,0.4580778550180775,25,0.43999999999999995,0.5714285714285714,0.5,False,False,True,2025_rule_selection
2025-04-06,巨人,阪神,0,1,東京ドーム,0.5549852892539215,0,0.44501471074607846,26,0.5384615384615384,0.5714285714285714,0.5714285714285714,True,False,True,2025_rule_selection
2025-04-06,広島,DeNA,7,6,マツダスタジアム,0.5465281443567227,0,0.4534718556432773,25,0.43999999999999995,0.42857142857142855,0.5714285714285714,True,False,False,2025_rule_selection
2025-04-06,日本ハム,オリックス,4,6,エスコンF,0.5586655241149697,1,0.5586655241149697,26,0.46153846153846156,0.5714285714285714,0.8571428571428571,False,False,False,2025_rule_selection
2025-04-08,オリックス,ソフトバンク,2,5,京セラドーム大阪,0.5318667987289142,0,0.4681332012710858,23,0.7391304347826086,0.875,0.25,False,False,True,2025_rule_selection
2025-04-08,楽天,日本ハム,2,5,楽天モバイル,0.5280033122609561,0,0.4719966877390439,21,0.5238095238095238,0.5714285714285714,0.5,False,False,True,2025_rule_selection
2025-04-08,西武,ロッテ,3,7,メットライフドーム,0.5348295482170995,0,0.4651704517829005,24,0.8333333333333334,0.2857142857142857,0.5,True,False,True,2025_rule_selection
2025-04-08,阪神,ヤクルト,0,1,甲子園球場,0.5518867822034783,0,0.4481132177965217,24,0.41666666666666663,0.625,0.42857142857142855,False,False,True,2025_rule_selection
2025-04-09,DeNA,巨人,3,6,横浜スタジアム,0.5286483731059709,0,0.4713516268940291,24,0.6666666666666667,0.5,0.5,True,False,True,2025_rule_selection
2025-04-09,オリックス,ソフトバンク,9,10,京セラドーム大阪,0.5350101496981261,0,0.4649898503018739,24,0.75,0.7777777777777778,0.3333333333333333,False,False,True,2025_rule_selection
2025-04-09,中日,広島,3,1,ナゴヤドーム,0.5339287794009443,0,0.4660712205990557,24,0.33333333333333337,0.42857142857142855,0.5,True,False,False,2025_rule_selection
2025-04-09,楽天,日本ハム,2,8,楽天モバイル,0.5306139619709258,0,0.4693860380290742,22,0.5454545454545454,0.5,0.5555555555555556,True,False,True,2025_rule_selection
2025-04-09,西武,ロッテ,2,0,県営大宮,0.5614220733688446,1,0.5614220733688446,25,0.16,0.25,0.5555555555555556,False,False,True,2025_rule_selection
2025-04-09,阪神,ヤクルト,3,5,甲子園球場,0.5491753722689477,0,0.45082462773105225,25,0.43999999999999995,0.5555555555555556,0.5,False,False,True,2025_rule_selection
2025-04-10,中日,広島,1,2,ナゴヤドーム,0.5409104215338656,0,0.4590895784661344,25,0.31999999999999995,0.5,0.4444444444444444,False,False,True,2025_rule_selection
2025-04-10,楽天,日本ハム,0,10,楽天モバイル,0.5244335792850368,0,0.47556642071496324,23,0.5652173913043479,0.4444444444444444,0.6,True,False,True,2025_rule_selection
2025-04-11,ロッテ,ソフトバンク,4,5,ZOZOマリンスタジアム,0.5286743770076593,0,0.4713256229923407,27,0.5925925925925926,0.5,0.4,False,False,True,2025_rule_selection
2025-04-11,広島,巨人,12,3,マツダスタジアム,0.5493683025580982,0,0.4506316974419018,22,0.5909090909090908,0.5,0.5555555555555556,True,False,False,2025_rule_selection
2025-04-11,日本ハム,西武,2,0,エスコンF,0.5719387690120576,1,0.5719387690120576,26,0.6153846153846154,0.6363636363636364,0.3333333333333333,True,False,True,2025_rule_selection
2025-04-11,楽天,オリックス,1,4,楽天モバイル,0.5368841207311008,0,0.4631158792688992,27,0.5925925925925926,0.4,0.7,True,False,True,2025_rule_selection
2025-04-11,阪神,中日,6,3,甲子園球場,0.5565292770818034,1,0.5565292770818034,22,0.6818181818181818,0.5,0.4444444444444444,True,False,True,2025_rule_selection
2025-04-12,DeNA,ヤクルト,5,4,横浜スタジアム,0.5359432880810333,0,0.4640567119189667,24,0.41666666666666663,0.4444444444444444,0.5555555555555556,True,False,False,2025_rule_selection
2025-04-12,ロッテ,ソフトバンク,0,8,ZOZOマリンスタジアム,0.5352642067272152,0,0.4647357932727848,28,0.6071428571428572,0.45454545454545453,0.45454545454545453,True,False,True,2025_rule_selection
2025-04-12,広島,巨人,1,0,マツダスタジアム,0.5514471098923565,0,0.44855289010764354,23,0.5652173913043479,0.5454545454545454,0.5,False,False,False,2025_rule_selection
2025-04-12,日本ハム,西武,1,2,エスコンF,0.571628818204974,1,0.571628818204974,27,0.6296296296296297,0.6666666666666666,0.3,True,False,False,2025_rule_selection
2025-04-12,楽天,オリックス,2,4,楽天モバイル,0.5458075659993069,0,0.4541924340006931,28,0.6071428571428572,0.36363636363636365,0.7272727272727273,True,False,True,2025_rule_selection
2025-04-12,阪神,中日,2,3,甲子園球場,0.5540322642219442,0,0.4459677357780558,23,0.30434782608695654,0.5454545454545454,0.4,False,False,True,2025_rule_selection
2025-04-13,広島,巨人,5,3,マツダスタジアム,0.5570895893808465,1,0.5570895893808465,24,0.4583333333333333,0.5833333333333334,0.45454545454545453,True,False,True,2025_rule_selection
2025-04-13,日本ハム,西武,2,7,エスコンF,0.5817797186471593,1,0.5817797186471593,28,0.6071428571428571,0.6153846153846154,0.36363636363636365,True,False,False,2025_rule_selection
2025-04-13,楽天,オリックス,1,6,楽天モバイル,0.5496345133294276,0,0.4503654866705724,29,0.6206896551724138,0.3333333333333333,0.75,True,False,True,2025_rule_selection
2025-04-15,オリックス,西武,2,0,京セラドーム大阪,0.564480764952306,1,0.564480764952306,25,0.48,0.7692307692307693,0.4166666666666667,True,False,True,2025_rule_selection
2025-04-15,ソフトバンク,楽天,1,2,PayPayドーム,0.5751879930975436,1,0.5751879930975436,25,0.64,0.5,0.3076923076923077,True,False,False,2025_rule_selection
2025-04-15,ヤクルト,阪神,1,5,松山,0.537490790219604,0,0.462509209780396,26,0.5384615384615384,0.5,0.5,True,False,True,2025_rule_selection
2025-04-15,ロッテ,日本ハム,3,9,ZOZOマリンスタジアム,0.5467669532746827,0,0.4532330467253173,24,0.75,0.4166666666666667,0.5714285714285714,True,False,True,2025_rule_selection
2025-04-15,巨人,DeNA,1,0,東京ドーム,0.5384601636184649,0,0.46153983638153506,25,0.31999999999999995,0.4166666666666667,0.5,True,False,False,2025_rule_selection
2025-04-15,広島,中日,7,1,マツダスタジアム,0.5697589016779048,1,0.5697589016779048,26,0.34615384615384615,0.6153846153846154,0.45454545454545453,True,False,True,2025_rule_selection
2025-04-16,オリックス,西武,0,5,京セラドーム大阪,0.5632565205671989,1,0.5632565205671989,26,0.5,0.7857142857142857,0.38461538461538464,True,False,False,2025_rule_selection
2025-04-16,ソフトバンク,楽天,2,6,PayPayドーム,0.5714976279028985,1,0.5714976279028985,26,0.6153846153846154,0.46153846153846156,0.35714285714285715,True,False,False,2025_rule_selection
2025-04-16,ロッテ,日本ハム,4,0,ZOZOマリンスタジアム,0.5521447970109805,0,0.4478552029890195,25,0.76,0.38461538461538464,0.6,True,False,False,2025_rule_selection
2025-04-16,巨人,DeNA,5,0,東京ドーム,0.533911806414193,0,0.466088193585807,26,0.3076923076923077,0.46153846153846156,0.45454545454545453,False,False,False,2025_rule_selection
2025-04-16,広島,中日,0,2,マツダスタジアム,0.576108757276318,1,0.576108757276318,27,0.37037037037037035,0.6428571428571429,0.4166666666666667,True,False,False,2025_rule_selection
2025-04-17,オリックス,西武,2,3,京セラドーム大阪,0.5645306971154332,1,0.5645306971154332,27,0.48148148148148145,0.7333333333333333,0.42857142857142855,True,False,False,2025_rule_selection
2025-04-17,ソフトバンク,楽天,3,4,PayPayドーム,0.5642192977753528,1,0.5642192977753528,27,0.5925925925925926,0.42857142857142855,0.4,True,False,False,2025_rule_selection
2025-04-17,ヤクルト,阪神,5,7,神宮野球場,0.5486047032246415,0,0.4513952967753585,27,0.5555555555555556,0.45454545454545453,0.5384615384615384,True,False,True,2025_rule_selection
2025-04-17,巨人,DeNA,1,9,東京ドーム,0.5317847496304742,0,0.4682152503695258,27,0.2962962962962963,0.5,0.4166666666666667,False,False,True,2025_rule_selection
2025-04-18,オリックス,日本ハム,2,1,京セラドーム大阪,0.5446924768044062,0,0.45530752319559376,27,0.4444444444444444,0.6875,0.5625,False,False,False,2025_rule_selection
2025-04-18,楽天,ロッテ,1,4,楽天モバイル,0.5347519618723842,0,0.46524803812761584,26,0.5384615384615384,0.4375,0.42857142857142855,False,False,True,2025_rule_selection
2025-04-18,西武,ソフトバンク,2,1,メットライフドーム,0.5307359775766146,0,0.4692640224233854,28,0.6428571428571428,0.4666666666666667,0.4,False,False,False,2025_rule_selection
2025-04-19,オリックス,日本ハム,4,7,京セラドーム大阪,0.544967676693409,0,0.45503232330659105,28,0.4285714285714286,0.7058823529411765,0.5294117647058824,False,False,True,2025_rule_selection
2025-04-19,ヤクルト,巨人,4,6,神宮野球場,0.5336453915794642,0,0.4663546084205358,28,0.5714285714285714,0.4166666666666667,0.4666666666666667,True,False,True,2025_rule_selection
2025-04-19,中日,DeNA,3,2,ナゴヤドーム,0.5280415456221882,0,0.4719584543778118,25,0.64,0.46153846153846156,0.46153846153846156,True,False,False,2025_rule_selection
2025-04-19,楽天,ロッテ,2,1,楽天モバイル,0.5433647655984346,0,0.4566352344015654,27,0.5555555555555556,0.4117647058823529,0.4666666666666667,True,False,False,2025_rule_selection
2025-04-19,西武,ソフトバンク,1,0,メットライフドーム,0.5301712053082945,0,0.46982879469170546,29,0.6206896551724138,0.5,0.375,False,False,False,2025_rule_selection
2025-04-19,阪神,広島,0,3,甲子園球場,0.547512024441038,0,0.45248797555896203,27,0.4814814814814815,0.5714285714285714,0.6,True,False,True,2025_rule_selection
2025-04-20,オリックス,日本ハム,0,2,京セラドーム大阪,0.5479137067628839,0,0.45208629323711613,29,0.4482758620689655,0.6666666666666666,0.5555555555555556,False,False,True,2025_rule_selection
2025-04-20,ヤクルト,巨人,3,2,神宮野球場,0.5403026159399974,0,0.4596973840600026,29,0.5862068965517242,0.38461538461538464,0.5,True,False,False,2025_rule_selection
2025-04-20,中日,DeNA,2,0,ナゴヤドーム,0.52854790916848,0,0.47145209083151995,26,0.6153846153846154,0.5,0.42857142857142855,False,False,False,2025_rule_selection
2025-04-20,楽天,ロッテ,4,1,楽天モバイル,0.5386577498396256,0,0.46134225016037445,28,0.5357142857142857,0.4444444444444444,0.4375,False,False,False,2025_rule_selection
2025-04-20,西武,ソフトバンク,1,3,メットライフドーム,0.5290378244296023,0,0.47096217557039766,30,0.6,0.5294117647058824,0.35294117647058826,False,False,True,2025_rule_selection
2025-04-20,阪神,広島,8,1,甲子園球場,0.544441382613824,0,0.455558617386176,28,0.5,0.5333333333333333,0.625,True,False,False,2025_rule_selection
2025-04-22,DeNA,阪神,2,4,横浜スタジアム,0.5401749734771568,0,0.4598250265228432,25,0.52,0.4,0.5625,True,False,True,2025_rule_selection
2025-04-22,ロッテ,西武,2,1,ZOZOマリンスタジアム,0.5749693273385212,1,0.5749693273385212,26,0.8076923076923077,0.4117647058823529,0.5,False,False,True,2025_rule_selection
2025-04-22,巨人,中日,8,1,東京ドーム,0.552980718156993,0,0.447019281843007,26,0.3846153846153846,0.47058823529411764,0.5333333333333333,True,False,False,2025_rule_selection
2025-04-22,日本ハム,楽天,2,4,エスコンF,0.5445786858024817,0,0.4554213141975183,24,0.41666666666666663,0.5789473684210527,0.47368421052631576,False,False,True,2025_rule_selection
2025-04-23,DeNA,阪神,2,3,横浜スタジアム,0.5412947008085718,0,0.4587052991914282,26,0.5384615384615384,0.375,0.5882352941176471,True,False,True,2025_rule_selection
2025-04-23,ソフトバンク,オリックス,6,2,PayPayドーム,0.5655111530824272,1,0.5655111530824272,25,0.76,0.3888888888888889,0.631578947368421,False,False,True,2025_rule_selection
2025-04-23,ロッテ,西武,5,2,ZOZOマリンスタジアム,0.5722448937599457,1,0.5722448937599457,27,0.8148148148148148,0.4444444444444444,0.47368421052631576,False,False,True,2025_rule_selection
2025-04-23,巨人,中日,2,0,東京ドーム,0.5563495512391616,1,0.5563495512391616,27,0.6296296296296297,0.5,0.5,True,False,True,2025_rule_selection
2025-04-23,広島,ヤクルト,7,1,マツダスタジアム,0.5664849714179225,1,0.5664849714179225,26,0.5384615384615384,0.5882352941176471,0.42857142857142855,True,False,True,2025_rule_selection
2025-04-23,日本ハム,楽天,3,8,エスコンF,0.5469524366826779,0,0.4530475633173221,25,0.43999999999999995,0.55,0.5,False,False,True,2025_rule_selection
2025-04-25,DeNA,広島,2,1,横浜スタジアム,0.5423479827244966,0,0.4576520172755034,26,0.5769230769230769,0.35294117647058826,0.6111111111111112,True,False,False,2025_rule_selection
2025-04-25,中日,ヤクルト,4,6,ナゴヤドーム,0.5521387733472147,0,0.44786122665278527,25,0.48,0.47058823529411764,0.4,False,False,True,2025_rule_selection
2025-04-25,日本ハム,ロッテ,1,2,エスコンF,0.5501413418350756,0,0.44985865816492443,26,0.2692307692307693,0.5238095238095238,0.47368421052631576,False,False,True,2025_rule_selection
2025-04-25,楽天,ソフトバンク,0,1,楽天モバイル,0.5206667364013865,0,0.4793332635986135,28,0.5714285714285714,0.5238095238095238,0.42105263157894735,False,False,True,2025_rule_selection
2025-04-25,西武,オリックス,2,6,メットライフドーム,0.5337262582120875,0,0.4662737417879125,28,0.4642857142857143,0.45,0.6,True,False,True,2025_rule_selection
2025-04-25,阪神,巨人,4,1,甲子園球場,0.5479835724088553,0,0.4520164275911447,27,0.4444444444444444,0.6111111111111112,0.5263157894736842,False,False,False,2025_rule_selection
2025-04-26,DeNA,広島,2,0,横浜スタジアム,0.5413271492751112,0,0.45867285072488884,27,0.5555555555555556,0.3888888888888889,0.5789473684210527,True,False,False,2025_rule_selection
2025-04-26,中日,ヤクルト,5,2,ナゴヤドーム,0.5517055156240593,0,0.44829448437594066,26,0.5,0.4444444444444444,0.4375,False,False,False,2025_rule_selection
2025-04-26,日本ハム,ロッテ,2,1,エスコンF,0.5492640386464656,0,0.45073596135353444,27,0.2962962962962963,0.5,0.5,True,False,False,2025_rule_selection
2025-04-26,楽天,ソフトバンク,6,3,楽天モバイル,0.5272698574698703,0,0.4727301425301297,29,0.5862068965517242,0.5,0.45,False,False,False,2025_rule_selection
2025-04-26,西武,オリックス,3,0,メットライフドーム,0.5354687770645478,0,0.46453122293545224,29,0.48275862068965514,0.42857142857142855,0.6190476190476191,True,False,False,2025_rule_selection
2025-04-26,阪神,巨人,6,2,甲子園球場,0.5448571864083088,0,0.4551428135916912,28,0.4285714285714286,0.631578947368421,0.5,False,False,False,2025_rule_selection
2025-04-27,DeNA,広島,2,1,横浜スタジアム,0.545472565473921,0,0.454527434526079,28,0.5357142857142857,0.42105263157894735,0.55,True,False,False,2025_rule_selection
2025-04-27,中日,ヤクルト,2,6,ナゴヤドーム,0.54883574914016,0,0.45116425085984,27,0.4814814814814815,0.47368421052631576,0.4117647058823529,False,False,True,2025_rule_selection
2025-04-27,日本ハム,ロッテ,3,5,エスコンF,0.5563348484569917,1,0.5563348484569917,28,0.7142857142857143,0.5217391304347826,0.47619047619047616,True,False,False,2025_rule_selection
2025-04-27,楽天,ソフトバンク,3,2,楽天モバイル,0.5286317889307519,0,0.4713682110692481,30,0.5666666666666667,0.5217391304347826,0.42857142857142855,False,False,False,2025_rule_selection
2025-04-27,西武,オリックス,3,2,メットライフドーム,0.5349495304939736,0,0.46505046950602635,30,0.4666666666666667,0.45454545454545453,0.5909090909090909,True,False,False,2025_rule_selection
2025-04-27,阪神,巨人,1,2,甲子園球場,0.554720316088926,0,0.445279683911074,29,0.4137931034482759,0.65,0.47619047619047616,False,False,True,2025_rule_selection
2025-04-29,オリックス,ロッテ,3,2,京セラドーム大阪,0.5294476940467571,0,0.47055230595324293,23,0.6086956521739131,0.5652173913043478,0.5,False,False,False,2025_rule_selection
2025-04-29,ソフトバンク,日本ハム,1,2,PayPayドーム,0.5559156108994563,1,0.5559156108994563,24,0.5,0.4090909090909091,0.5,False,False,False,2025_rule_selection
2025-04-29,中日,阪神,4,1,ナゴヤドーム,0.5522820562092449,0,0.44771794379075514,24,0.6666666666666667,0.45,0.6190476190476191,True,False,False,2025_rule_selection
2025-04-29,巨人,広島,4,3,東京ドーム,0.5458938919643401,0,0.4541061080356599,25,0.48,0.5,0.5238095238095238,True,False,False,2025_rule_selection
2025-04-30,オリックス,ロッテ,5,0,京セラドーム大阪,0.5271209762418466,0,0.4728790237581534,24,0.5833333333333333,0.5833333333333334,0.4782608695652174,False,False,False,2025_rule_selection
2025-04-30,ソフトバンク,日本ハム,1,6,PayPayドーム,0.5645775528609469,1,0.5645775528609469,25,0.48,0.391304347826087,0.52,False,False,False,2025_rule_selection
2025-04-30,巨人,広島,2,0,東京ドーム,0.5450137586665176,0,0.4549862413334824,26,0.46153846153846156,0.5217391304347826,0.5,False,False,False,2025_rule_selection
2025-04-30,西武,楽天,3,1,メットライフドーム,0.5185147732457195,0,0.4814852267542805,24,0.625,0.4782608695652174,0.5416666666666666,True,False,False,2025_rule_selection
2025-05-01,ソフトバンク,日本ハム,2,3,PayPayドーム,0.5601505547522045,1,0.5601505547522045,26,0.46153846153846156,0.375,0.5384615384615384,False,False,False,2025_rule_selection
2025-05-01,ヤクルト,DeNA,0,3,神宮野球場,0.5349237128057519,0,0.4650762871942481,25,0.6,0.4444444444444444,0.45,True,False,True,2025_rule_selection
2025-05-01,中日,阪神,3,2,ナゴヤドーム,0.5493411858086318,0,0.4506588141913682,25,0.64,0.47619047619047616,0.5909090909090909,True,False,False,2025_rule_selection
2025-05-01,巨人,広島,4,3,東京ドーム,0.5531122048195762,0,0.44688779518042376,27,0.4444444444444444,0.5416666666666666,0.4782608695652174,False,False,False,2025_rule_selection
2025-05-01,西武,楽天,2,1,メットライフドーム,0.521854142544845,0,0.47814585745515503,25,0.6,0.5,0.52,True,False,False,2025_rule_selection
2025-05-02,ソフトバンク,ロッテ,4,3,PayPayドーム,0.5703499937736504,1,0.5703499937736504,29,0.6206896551724138,0.36,0.4583333333333333,False,False,True,2025_rule_selection
2025-05-02,阪神,ヤクルト,4,0,甲子園球場,0.5623836879299315,1,0.5623836879299315,28,0.5714285714285714,0.5652173913043478,0.42105263157894735,True,False,True,2025_rule_selection
2025-05-03,DeNA,巨人,1,0,横浜スタジアム,0.526204685454276,0,0.473795314545724,28,0.6785714285714286,0.47619047619047616,0.56,True,False,False,2025_rule_selection
2025-05-03,ソフトバンク,ロッテ,5,0,PayPayドーム,0.575026535742351,1,0.575026535742351,30,0.6333333333333333,0.38461538461538464,0.44,False,False,True,2025_rule_selection
2025-05-03,広島,中日,2,0,マツダスタジアム,0.5476103879689744,0,0.45238961203102557,28,0.6428571428571428,0.4583333333333333,0.5,True,False,False,2025_rule_selection
2025-05-03,日本ハム,西武,3,4,エスコンF,0.5777549588886243,1,0.5777549588886243,29,0.5862068965517241,0.5555555555555556,0.52,True,True,False,2025_rule_selection
2025-05-03,楽天,オリックス,0,7,楽天モバイル,0.5361153426776949,0,0.4638846573223051,30,0.6333333333333333,0.5,0.6,True,False,True,2025_rule_selection
2025-05-03,阪神,ヤクルト,7,1,甲子園球場,0.562975339807883,1,0.562975339807883,29,0.5862068965517241,0.5833333333333334,0.4,True,True,True,2025_rule_selection
2025-05-04,DeNA,巨人,1,3,横浜スタジアム,0.5312472078661337,0,0.46875279213386634,29,0.6551724137931034,0.5,0.5384615384615384,True,False,True,2025_rule_selection
2025-05-04,ソフトバンク,ロッテ,5,3,PayPayドーム,0.5725153883518441,1,0.5725153883518441,31,0.6451612903225806,0.4074074074074074,0.4230769230769231,False,False,True,2025_rule_selection
2025-05-04,広島,中日,9,4,マツダスタジアム,0.5503884343386947,0,0.44961156566130533,29,0.6206896551724138,0.48,0.4782608695652174,False,False,False,2025_rule_selection
2025-05-04,日本ハム,西武,3,2,エスコンF,0.5852879375803084,1,0.5852879375803084,30,0.5666666666666667,0.5357142857142857,0.5384615384615384,False,False,True,2025_rule_selection
2025-05-04,楽天,オリックス,14,3,楽天モバイル,0.5342658953078809,0,0.46573410469211907,31,0.6451612903225806,0.48148148148148145,0.6153846153846154,True,False,False,2025_rule_selection
2025-05-04,阪神,ヤクルト,2,5,甲子園球場,0.5645319779479412,1,0.5645319779479412,30,0.6,0.6,0.38095238095238093,True,True,False,2025_rule_selection
2025-05-05,オリックス,日本ハム,1,0,京セラドーム大阪,0.536565378644697,0,0.463434621355303,30,0.4666666666666667,0.5925925925925926,0.5517241379310345,False,False,False,2025_rule_selection
2025-05-05,ヤクルト,広島,0,4,神宮野球場,0.5533790296291603,0,0.4466209703708397,27,0.5555555555555556,0.4090909090909091,0.5,True,False,True,2025_rule_selection
2025-05-05,ロッテ,楽天,1,2,ZOZOマリンスタジアム,0.5508947098099523,0,0.44910529019004775,29,0.48275862068965514,0.4074074074074074,0.5,True,False,True,2025_rule_selection
2025-05-05,中日,DeNA,1,2,ナゴヤドーム,0.5500393913619309,0,0.4499606086380691,27,0.5925925925925926,0.4583333333333333,0.4782608695652174,True,False,True,2025_rule_selection
2025-05-05,巨人,阪神,1,10,東京ドーム,0.5494901133772891,0,0.45050988662271085,30,0.5666666666666667,0.5555555555555556,0.5769230769230769,True,False,True,2025_rule_selection
2025-05-05,西武,ソフトバンク,0,2,メットライフドーム,0.5188369992139994,0,0.4811630007860006,31,0.6129032258064516,0.5185185185185185,0.42857142857142855,False,False,True,2025_rule_selection
2025-05-06,オリックス,日本ハム,3,7,京セラドーム大阪,0.5398323340370976,0,0.4601676659629024,31,0.4516129032258065,0.6071428571428571,0.5333333333333333,False,False,True,2025_rule_selection
2025-05-06,中日,DeNA,0,3,ナゴヤドーム,0.5456785051944545,0,0.4543214948055455,28,0.6071428571428572,0.44,0.5,True,False,True,2025_rule_selection
2025-05-06,西武,ソフトバンク,0,10,メットライフドーム,0.5187739929085656,0,0.48122600709143437,32,0.625,0.5,0.4482758620689655,False,False,True,2025_rule_selection
2025-05-07,ヤクルト,広島,3,5,神宮野球場,0.5485748805852237,0,0.45142511941477625,28,0.5714285714285714,0.391304347826087,0.5185185185185185,True,False,True,2025_rule_selection
2025-05-07,ロッテ,楽天,7,3,ZOZOマリンスタジアム,0.5540751731613787,0,0.44592482683862134,30,0.5,0.39285714285714285,0.5172413793103449,True,False,False,2025_rule_selection
2025-05-07,中日,DeNA,2,1,ナゴヤドーム,0.5461455161427003,0,0.45385448385729965,29,0.6206896551724138,0.4230769230769231,0.52,True,False,False,2025_rule_selection
2025-05-07,巨人,阪神,6,4,東京ドーム,0.5486844341481172,0,0.4513155658518828,31,0.5806451612903225,0.5357142857142857,0.5925925925925926,True,False,False,2025_rule_selection
2025-05-07,西武,ソフトバンク,7,1,メットライフドーム,0.5283360631521884,0,0.4716639368478116,33,0.6363636363636364,0.4827586206896552,0.4666666666666667,False,False,False,2025_rule_selection
2025-05-09,DeNA,広島,4,3,横浜スタジアム,0.5404554155109903,0,0.4595445844890097,29,0.5172413793103448,0.5,0.5357142857142857,True,False,False,2025_rule_selection
2025-05-09,オリックス,ソフトバンク,1,11,京セラドーム大阪,0.5356314185692795,0,0.46436858143072046,26,0.7692307692307692,0.5862068965517241,0.45161290322580644,False,False,True,2025_rule_selection
2025-05-09,ヤクルト,巨人,5,2,神宮野球場,0.5379228794482168,0,0.4620771205517832,30,0.5666666666666667,0.375,0.5517241379310345,True,False,False,2025_rule_selection
2025-05-09,日本ハム,楽天,2,1,エスコンF,0.5434913962986675,0,0.4565086037013325,26,0.46153846153846156,0.5483870967741935,0.5,False,False,False,2025_rule_selection
2025-05-09,西武,ロッテ,1,0,県営大宮,0.5323879433320741,0,0.46761205666792593,28,0.8214285714285714,0.5,0.41379310344827586,False,False,False,2025_rule_selection
2025-05-10,DeNA,広島,3,5,横浜スタジアム,0.5444168431152144,0,0.45558315688478557,30,0.5,0.5185185185185185,0.5172413793103449,False,False,True,2025_rule_selection
2025-05-10,オリックス,ソフトバンク,6,1,京セラドーム大阪,0.5357502859355591,0,0.46424971406444093,27,0.7777777777777778,0.5666666666666667,0.46875,False,False,False,2025_rule_selection
2025-05-10,ヤクルト,巨人,2,3,神宮野球場,0.5370448160093999,0,0.4629551839906001,31,0.5483870967741935,0.4,0.5333333333333333,True,False,True,2025_rule_selection
2025-05-10,日本ハム,楽天,8,7,エスコンF,0.5439617092084664,0,0.4560382907915336,27,0.4444444444444444,0.5625,0.4838709677419355,False,False,False,2025_rule_selection
2025-05-10,西武,ロッテ,7,0,メットライフドーム,0.5333767879623043,0,0.46662321203769574,29,0.7931034482758621,0.5161290322580645,0.4,False,False,False,2025_rule_selection
2025-05-10,阪神,中日,2,0,甲子園球場,0.5689320511567101,1,0.5689320511567101,26,0.6153846153846154,0.5714285714285714,0.4444444444444444,True,True,True,2025_rule_selection
2025-05-11,DeNA,広島,4,2,横浜スタジアム,0.5380042082735693,0,0.4619957917264307,31,0.5161290322580645,0.5,0.5333333333333333,True,False,False,2025_rule_selection
2025-05-11,オリックス,ソフトバンク,1,7,京セラドーム大阪,0.5301579673341956,0,0.4698420326658044,28,0.75,0.5806451612903226,0.45454545454545453,False,False,True,2025_rule_selection
2025-05-11,ヤクルト,巨人,2,1,神宮野球場,0.542567459803971,0,0.45743254019602897,32,0.5625,0.38461538461538464,0.5483870967741935,True,False,False,2025_rule_selection
2025-05-11,日本ハム,楽天,4,0,エスコンF,0.5501812962197538,0,0.44981870378024624,28,0.4285714285714286,0.5757575757575758,0.46875,False,False,False,2025_rule_selection
2025-05-11,西武,ロッテ,10,0,メットライフドーム,0.533913322096138,0,0.46608667790386205,30,0.7666666666666666,0.53125,0.3870967741935484,False,False,False,2025_rule_selection
2025-05-11,阪神,中日,1,0,甲子園球場,0.5669838669501721,1,0.5669838669501721,27,0.6296296296296297,0.5862068965517241,0.42857142857142855,True,True,True,2025_rule_selection
2025-05-13,ソフトバンク,西武,6,1,京セラドーム大阪,0.5720911446889992,1,0.5720911446889992,34,0.6176470588235294,0.47058823529411764,0.5454545454545454,False,False,True,2025_rule_selection
2025-05-13,中日,ヤクルト,5,4,豊橋,0.5299038085161499,0,0.47009619148385007,28,0.5,0.41379310344827586,0.4074074074074074,False,False,False,2025_rule_selection
2025-05-13,広島,巨人,5,4,マツダスタジアム,0.5548046985515652,0,0.4451953014484348,28,0.5714285714285714,0.5161290322580645,0.53125,True,False,False,2025_rule_selection
2025-05-13,日本ハム,オリックス,7,0,エスコンF,0.5711905026848536,1,0.5711905026848536,32,0.46875,0.5882352941176471,0.5625,True,False,True,2025_rule_selection
2025-05-13,楽天,ロッテ,4,3,楽天モバイル,0.5304147194446347,0,0.4695852805553653,31,0.5161290322580645,0.45454545454545453,0.375,False,False,False,2025_rule_selection
2025-05-14,ソフトバンク,西武,1,3,PayPayドーム,0.5793320563351569,1,0.5793320563351569,35,0.6285714285714286,0.4857142857142857,0.5294117647058824,False,False,False,2025_rule_selection
2025-05-14,中日,ヤクルト,2,0,ナゴヤドーム,0.552425389611265,0,0.44757461038873503,29,0.48275862068965514,0.43333333333333335,0.39285714285714285,False,False,False,2025_rule_selection
2025-05-14,広島,巨人,3,0,マツダスタジアム,0.5452105864235316,0,0.4547894135764684,29,0.5517241379310345,0.53125,0.5151515151515151,False,False,False,2025_rule_selection
2025-05-14,日本ハム,オリックス,5,9,エスコンF,0.5715946966920173,1,0.5715946966920173,33,0.48484848484848486,0.6,0.5454545454545454,True,False,False,2025_rule_selection
2025-05-14,楽天,ロッテ,4,0,楽天モバイル,0.5296458114980518,0,0.4703541885019482,32,0.5,0.47058823529411764,0.36363636363636365,False,False,False,2025_rule_selection
2025-05-15,DeNA,阪神,1,0,横浜スタジアム,0.5379844788718066,0,0.46201552112819344,27,0.5555555555555556,0.5172413793103449,0.6,True,False,False,2025_rule_selection
2025-05-15,ソフトバンク,西武,5,0,PayPayドーム,0.5926751270031642,1,0.5926751270031642,36,0.6111111111111112,0.4722222222222222,0.5428571428571428,False,False,True,2025_rule_selection
2025-05-15,広島,巨人,5,1,マツダスタジアム,0.5406846875898246,0,0.4593153124101754,30,0.5333333333333333,0.5454545454545454,0.5,False,False,False,2025_rule_selection
2025-05-15,日本ハム,オリックス,7,0,エスコンF,0.5684614889158207,1,0.5684614889158207,34,0.47058823529411764,0.5833333333333334,0.5588235294117647,True,False,True,2025_rule_selection
2025-05-15,楽天,ロッテ,2,5,東京ドーム,0.5677008923260358,1,0.5677008923260358,33,0.5151515151515151,0.4857142857142857,0.35294117647058826,True,True,False,2025_rule_selection
2025-05-16,ソフトバンク,楽天,1,5,PayPayドーム,0.5562555199389012,1,0.5562555199389012,31,0.5483870967741935,0.4864864864864865,0.4722222222222222,True,False,False,2025_rule_selection
2025-05-16,ヤクルト,DeNA,6,8,神宮野球場,0.5474424263159755,0,0.4525575736840245,26,0.6153846153846154,0.3793103448275862,0.5333333333333333,True,False,True,2025_rule_selection
2025-05-16,ロッテ,日本ハム,0,8,ZOZOマリンスタジアム,0.5557326001244466,1,0.5557326001244466,29,0.3103448275862069,0.37142857142857144,0.5945945945945946,False,False,False,2025_rule_selection
2025-05-16,巨人,中日,4,2,東京ドーム,0.5561805060169067,1,0.5561805060169067,28,0.6428571428571429,0.4857142857142857,0.45161290322580644,True,False,True,2025_rule_selection
2025-05-16,西武,オリックス,3,0,メットライフドーム,0.5377737677082011,0,0.46222623229179893,31,0.4516129032258065,0.5277777777777778,0.5428571428571428,True,False,False,2025_rule_selection
2025-05-16,阪神,広島,2,4,甲子園球場,0.5465522712188948,0,0.4534477287811052,29,0.48275862068965514,0.5806451612903226,0.5588235294117647,False,False,True,2025_rule_selection
2025-05-17,ソフトバンク,楽天,2,1,PayPayドーム,0.5615200058435487,1,0.5615200058435487,32,0.53125,0.47368421052631576,0.4864864864864865,False,False,True,2025_rule_selection
2025-05-17,ヤクルト,DeNA,7,6,神宮野球場,0.5471058305101216,0,0.4528941694898784,27,0.6296296296296297,0.36666666666666664,0.5483870967741935,True,False,False,2025_rule_selection
2025-05-17,巨人,中日,1,0,東京ドーム,0.5603024483636435,1,0.5603024483636435,29,0.6551724137931034,0.5,0.4375,True,True,True,2025_rule_selection
2025-05-17,西武,オリックス,3,2,メットライフドーム,0.5408123316994949,0,0.45918766830050506,32,0.4375,0.5405405405405406,0.5277777777777778,False,False,False,2025_rule_selection
2025-05-17,阪神,広島,5,2,甲子園球場,0.544995447697506,0,0.45500455230249404,30,0.5,0.5625,0.5714285714285714,True,False,False,2025_rule_selection
2025-05-18,ソフトバンク,楽天,2,1,PayPayドーム,0.5640951198873076,1,0.5640951198873076,33,0.5454545454545454,0.48717948717948717,0.47368421052631576,True,True,True,2025_rule_selection
2025-05-18,ヤクルト,DeNA,2,10,神宮野球場,0.5448174543426141,0,0.4551825456573859,28,0.6071428571428572,0.3870967741935484,0.53125,True,False,True,2025_rule_selection
2025-05-18,ロッテ,日本ハム,2,1,ZOZOマリンスタジアム,0.5576674837102437,1,0.5576674837102437,30,0.3,0.3611111111111111,0.6052631578947368,False,False,True,2025_rule_selection
2025-05-18,巨人,中日,4,7,東京ドーム,0.561095729549089,1,0.561095729549089,30,0.6666666666666666,0.5135135135135135,0.42424242424242425,True,True,False,2025_rule_selection
2025-05-18,西武,オリックス,1,3,メットライフドーム,0.5377768487788331,0,0.46222315122116686,33,0.4242424242424242,0.5526315789473685,0.5135135135135135,False,False,True,2025_rule_selection
2025-05-18,阪神,広島,3,1,甲子園球場,0.5504500431154473,0,0.4495499568845527,31,0.4838709677419355,0.5757575757575758,0.5555555555555556,False,False,False,2025_rule_selection
2025-05-20,DeNA,中日,10,2,横浜スタジアム,0.5576330610387717,1,0.5576330610387717,30,0.6,0.5454545454545454,0.4411764705882353,True,False,True,2025_rule_selection
2025-05-20,オリックス,ロッテ,2,1,京セラドーム大阪,0.5462114022038175,0,0.4537885977961825,25,0.56,0.5263157894736842,0.3783783783783784,False,False,False,2025_rule_selection
2025-05-20,広島,ヤクルト,3,2,マツダスタジアム,0.5611471778915371,1,0.5611471778915371,29,0.5862068965517241,0.5405405405405406,0.375,True,True,True,2025_rule_selection
2025-05-20,日本ハム,ソフトバンク,2,5,エスコンF,0.5571853832729208,1,0.5571853832729208,27,0.5555555555555556,0.5897435897435898,0.5,True,False,False,2025_rule_selection
2025-05-20,楽天,西武,0,1,盛岡,0.5545069376331275,0,0.44549306236687247,26,0.42307692307692313,0.46153846153846156,0.5384615384615384,True,False,True,2025_rule_selection
2025-05-20,阪神,巨人,4,0,甲子園球場,0.5447180600757003,0,0.45528193992429966,32,0.4375,0.5882352941176471,0.5,False,False,False,2025_rule_selection
2025-05-21,DeNA,中日,5,6,横浜スタジアム,0.5536366562403511,0,0.4463633437596489,31,0.3870967741935484,0.5588235294117647,0.42857142857142855,False,False,True,2025_rule_selection
2025-05-21,オリックス,ロッテ,6,1,ZOZOマリンスタジアム,0.5552548344536137,1,0.5552548344536137,26,0.46153846153846156,0.5384615384615384,0.3684210526315789,True,False,True,2025_rule_selection
2025-05-21,日本ハム,ソフトバンク,2,1,エスコンF,0.5536109933324111,0,0.44638900666758885,28,0.4642857142857143,0.575,0.5121951219512195,False,False,False,2025_rule_selection
2025-05-21,阪神,巨人,4,5,甲子園球場,0.5515144250272889,0,0.44848557497271113,33,0.4242424242424242,0.6,0.48717948717948717,False,False,True,2025_rule_selection
2025-05-22,DeNA,中日,4,0,横浜スタジアム,0.5595225968604737,1,0.5595225968604737,32,0.59375,0.5428571428571428,0.4444444444444444,True,False,True,2025_rule_selection
2025-05-22,オリックス,ロッテ,1,9,京セラドーム大阪,0.5452145464668868,0,0.45478545353311317,27,0.5185185185185186,0.55,0.358974358974359,False,False,True,2025_rule_selection
2025-05-22,日本ハム,ソフトバンク,3,4,エスコンF,0.555928347216376,1,0.555928347216376,29,0.5517241379310345,0.5853658536585366,0.5,True,False,False,2025_rule_selection
2025-05-22,楽天,西武,2,1,楽天モバイル,0.558669101296192,1,0.558669101296192,27,0.5555555555555556,0.45,0.55,False,False,True,2025_rule_selection
2025-05-22,阪神,巨人,2,3,甲子園球場,0.5479085668506412,0,0.45209143314935885,34,0.4411764705882353,0.5833333333333334,0.5,False,False,True,2025_rule_selection
2025-05-23,ロッテ,西武,8,3,ZOZOマリンスタジアム,0.5837632314723927,1,0.5837632314723927,31,0.7419354838709677,0.375,0.5365853658536586,False,False,True,2025_rule_selection
2025-05-23,中日,阪神,0,3,ナゴヤドーム,0.5622443567684844,1,0.5622443567684844,28,0.35714285714285715,0.43243243243243246,0.5675675675675675,False,False,False,2025_rule_selection
2025-05-23,巨人,ヤクルト,5,0,東京ドーム,0.5626274600520941,1,0.5626274600520941,33,0.5454545454545454,0.5121951219512195,0.36363636363636365,True,True,True,2025_rule_selection
2025-05-23,広島,DeNA,1,2,マツダスタジアム,0.5410597756804024,0,0.4589402243195976,32,0.5,0.5526315789473685,0.5555555555555556,True,False,True,2025_rule_selection
2025-05-23,楽天,日本ハム,0,1,楽天モバイル,0.536311166088309,0,0.463688833911691,29,0.5862068965517242,0.4634146341463415,0.5714285714285714,True,False,True,2025_rule_selection
2025-05-24,ロッテ,西武,1,6,ZOZOマリンスタジアム,0.5797056748610737,1,0.5797056748610737,32,0.75,0.3902439024390244,0.5238095238095238,False,False,False,2025_rule_selection
2025-05-24,中日,阪神,5,4,ナゴヤドーム,0.5616887564641073,1,0.5616887564641073,29,0.3448275862068966,0.42105263157894735,0.5789473684210527,False,False,True,2025_rule_selection
2025-05-24,巨人,ヤクルト,4,2,東京ドーム,0.5612089541166939,1,0.5612089541166939,34,0.5588235294117647,0.5238095238095238,0.35294117647058826,True,True,True,2025_rule_selection
2025-05-24,楽天,日本ハム,2,1,楽天モバイル,0.5416111809917667,0,0.45838881900823325,30,0.6,0.4523809523809524,0.5813953488372093,True,False,False,2025_rule_selection
2025-05-25,ソフトバンク,オリックス,5,13,鹿児島,0.5471951204679337,0,0.4528048795320663,29,0.24137931034482762,0.5116279069767442,0.5365853658536586,True,False,True,2025_rule_selection
2025-05-25,ロッテ,西武,0,8,ZOZOマリンスタジアム,0.5802907335902944,1,0.5802907335902944,33,0.7272727272727273,0.38095238095238093,0.5348837209302325,False,False,False,2025_rule_selection
2025-05-25,中日,阪神,1,5,ナゴヤドーム,0.5646452876189468,1,0.5646452876189468,30,0.36666666666666664,0.4358974358974359,0.5641025641025641,False,False,False,2025_rule_selection
2025-05-25,巨人,ヤクルト,5,2,東京ドーム,0.5645880548856372,1,0.5645880548856372,35,0.5714285714285714,0.5348837209302325,0.34285714285714286,True,True,True,2025_rule_selection
2025-05-25,広島,DeNA,3,0,マツダスタジアム,0.545405826665972,0,0.45459417333402796,33,0.5151515151515151,0.5384615384615384,0.5675675675675675,True,False,False,2025_rule_selection
2025-05-27,ソフトバンク,日本ハム,2,5,PayPayドーム,0.5732288460258828,1,0.5732288460258828,30,0.4666666666666667,0.5,0.5681818181818182,False,False,False,2025_rule_selection
2025-05-27,ヤクルト,中日,2,1,神宮野球場,0.567455412883311,1,0.567455412883311,30,0.4666666666666667,0.3333333333333333,0.425,False,False,True,2025_rule_selection
2025-05-27,ロッテ,オリックス,6,4,ZOZOマリンスタジアム,0.5629880268803703,1,0.5629880268803703,28,0.5357142857142857,0.37209302325581395,0.5476190476190477,False,False,True,2025_rule_selection
2025-05-27,巨人,広島,1,2,富山,0.5348306935642073,0,0.4651693064357927,31,0.4838709677419355,0.5454545454545454,0.55,True,False,True,2025_rule_selection
2025-05-27,西武,楽天,1,3,前橋,0.5151197084876439,0,0.4848802915123561,28,0.5714285714285714,0.5454545454545454,0.46511627906976744,False,False,True,2025_rule_selection
2025-05-28,ソフトバンク,日本ハム,2,1,PayPayドーム,0.5654321314014098,1,0.5654321314014098,31,0.45161290322580644,0.4888888888888889,0.5777777777777777,False,False,True,2025_rule_selection
2025-05-28,ヤクルト,中日,1,4,神宮野球場,0.5685850534113837,1,0.5685850534113837,31,0.4838709677419355,0.35135135135135137,0.4146341463414634,False,False,False,2025_rule_selection
2025-05-28,ロッテ,オリックス,1,2,ZOZOマリンスタジアム,0.5607764013396119,1,0.5607764013396119,29,0.5517241379310345,0.38636363636363635,0.5348837209302325,False,False,False,2025_rule_selection
2025-05-28,巨人,広島,4,1,金沢,0.5591742767730916,1,0.5591742767730916,32,0.5,0.5333333333333333,0.5609756097560976,False,False,True,2025_rule_selection
2025-05-28,西武,楽天,6,0,メットライフドーム,0.5296369743339331,0,0.4703630256660669,29,0.5862068965517242,0.5333333333333333,0.4772727272727273,False,False,False,2025_rule_selection
2025-05-28,阪神,DeNA,1,0,甲子園球場,0.5435342761440681,0,0.45646572385593187,28,0.4642857142857143,0.575,0.5526315789473685,False,False,False,2025_rule_selection
2025-05-29,ヤクルト,中日,0,6,神宮野球場,0.566811397896357,1,0.566811397896357,32,0.46875,0.34210526315789475,0.42857142857142855,False,False,False,2025_rule_selection
2025-05-29,西武,楽天,3,6,メットライフドーム,0.5326855540662453,0,0.4673144459337547,30,0.5666666666666667,0.5434782608695652,0.4666666666666667,False,False,True,2025_rule_selection
2025-05-29,阪神,DeNA,1,5,甲子園球場,0.5431526055137923,0,0.4568473944862077,29,0.4482758620689655,0.5853658536585366,0.5384615384615384,False,False,True,2025_rule_selection
2025-05-30,DeNA,ヤクルト,6,2,横浜スタジアム,0.5370160686885112,0,0.46298393131148885,29,0.3793103448275862,0.55,0.3333333333333333,False,False,False,2025_rule_selection
2025-05-30,中日,巨人,1,4,ナゴヤドーム,0.5456267771975712,0,0.45437322280242876,31,0.6451612903225806,0.4418604651162791,0.5434782608695652,True,False,True,2025_rule_selection
2025-05-30,広島,阪神,2,5,マツダスタジアム,0.5484872663276186,0,0.4515127336723814,32,0.53125,0.5476190476190477,0.5714285714285714,True,False,True,2025_rule_selection
2025-05-30,日本ハム,ロッテ,4,1,エスコンF,0.5471860969083646,0,0.4528139030916354,31,0.32258064516129037,0.5652173913043478,0.37777777777777777,False,False,False,2025_rule_selection
2025-05-31,DeNA,ヤクルト,5,2,横浜スタジアム,0.5382413882490976,0,0.4617586117509024,30,0.3666666666666667,0.5609756097560976,0.325,False,False,False,2025_rule_selection
2025-05-31,オリックス,西武,3,2,ほっと神戸,0.5793514638915297,1,0.5793514638915297,34,0.4411764705882353,0.5454545454545454,0.5319148936170213,True,False,True,2025_rule_selection
2025-05-31,中日,巨人,4,2,ナゴヤドーム,0.541472989029863,0,0.45852701097013704,32,0.65625,0.4318181818181818,0.5531914893617021,True,False,False,2025_rule_selection
2025-05-31,広島,阪神,0,2,マツダスタジアム,0.5557615802138848,1,0.5557615802138848,33,0.45454545454545453,0.5348837209302325,0.5813953488372093,False,False,False,2025_rule_selection
2025-05-31,日本ハム,ロッテ,4,3,エスコンF,0.5485909851160224,0,0.45140901488397756,32,0.3125,0.574468085106383,0.3695652173913043,False,False,False,2025_rule_selection
2025-06-01,DeNA,ヤクルト,3,2,横浜スタジアム,0.5368739379202383,0,0.4631260620797617,31,0.3548387096774194,0.5714285714285714,0.3170731707317073,False,False,False,2025_rule_selection
2025-06-01,オリックス,西武,2,3,ほっと神戸,0.5697377896678039,1,0.5697377896678039,35,0.45714285714285713,0.5555555555555556,0.5208333333333334,True,False,False,2025_rule_selection
2025-06-01,中日,巨人,4,1,ナゴヤドーム,0.5516480405629639,0,0.4483519594370361,33,0.6363636363636364,0.4444444444444444,0.5416666666666666,True,False,False,2025_rule_selection
2025-06-01,広島,阪神,0,8,マツダスタジアム,0.5607225069365804,1,0.5607225069365804,34,0.4411764705882353,0.5227272727272727,0.5909090909090909,False,False,False,2025_rule_selection
2025-06-01,日本ハム,ロッテ,1,0,エスコンF,0.5544027306227013,0,0.4455972693772987,33,0.303030303030303,0.5833333333333334,0.3617021276595745,False,False,False,2025_rule_selection
2025-06-01,楽天,ソフトバンク,3,0,楽天モバイル,0.5247651748166674,0,0.4752348251833326,34,0.5588235294117647,0.4782608695652174,0.5,True,False,False,2025_rule_selection
2025-06-03,オリックス,広島,2,5,京セラドーム大阪,0.5491677786724272,0,0.45083222132757284,3,0.6666666666666667,0.5434782608695652,0.5111111111111111,False,False,True,2025_rule_selection
2025-06-03,ソフトバンク,中日,4,0,PayPayドーム,0.563316201378936,1,0.563316201378936,3,0.6666666666666666,0.48936170212765956,0.45652173913043476,True,True,True,2025_rule_selection
2025-06-03,日本ハム,阪神,0,1,エスコンF,0.5459102743192125,0,0.45408972568078754,3,0.33333333333333337,0.5918367346938775,0.6,True,False,True,2025_rule_selection
2025-06-03,楽天,DeNA,3,6,楽天モバイル,0.5076461757489885,0,0.4923538242510115,3,0.33333333333333337,0.48936170212765956,0.5813953488372093,True,False,True,2025_rule_selection
2025-06-03,西武,ヤクルト,1,0,メットライフドーム,0.5264680254350782,0,0.4735319745649218,3,1.0,0.5306122448979592,0.30952380952380953,False,False,False,2025_rule_selection
2025-06-04,オリックス,広島,6,1,京セラドーム大阪,0.5460323744703416,0,0.4539676255296584,4,0.75,0.5319148936170213,0.5217391304347826,False,False,False,2025_rule_selection
2025-06-04,ソフトバンク,中日,8,2,PayPayドーム,0.5603280329877863,1,0.5603280329877863,4,0.75,0.5,0.44680851063829785,True,True,True,2025_rule_selection
2025-06-04,ロッテ,巨人,5,3,ZOZOマリンスタジアム,0.5435063769008605,0,0.45649362309913954,3,0.6666666666666667,0.3541666666666667,0.5306122448979592,True,False,False,2025_rule_selection
2025-06-04,日本ハム,阪神,5,4,エスコンF,0.5418803777515452,0,0.4581196222484548,4,0.5,0.58,0.6086956521739131,True,False,False,2025_rule_selection
2025-06-04,楽天,DeNA,3,1,楽天モバイル,0.5078791471682408,0,0.4921208528317592,4,0.5,0.4791666666666667,0.5909090909090909,True,False,False,2025_rule_selection
2025-06-04,西武,ヤクルト,4,2,メットライフドーム,0.5260574612814224,0,0.4739425387185776,4,0.75,0.54,0.3023255813953488,False,False,False,2025_rule_selection
2025-06-05,オリックス,広島,4,3,京セラドーム大阪,0.5453770355638808,0,0.45462296443611916,5,0.6,0.5416666666666666,0.5106382978723404,False,False,False,2025_rule_selection
2025-06-05,ソフトバンク,中日,8,4,PayPayドーム,0.5644217512678732,1,0.5644217512678732,5,0.8,0.5102040816326531,0.4375,True,True,True,2025_rule_selection
2025-06-05,ロッテ,巨人,2,1,ZOZOマリンスタジアム,0.5440972906364656,0,0.4559027093635344,4,0.5,0.3673469387755102,0.52,True,False,False,2025_rule_selection
2025-06-05,日本ハム,阪神,1,7,エスコンF,0.5421498279354854,0,0.4578501720645146,5,0.4,0.5882352941176471,0.5957446808510638,True,False,True,2025_rule_selection
2025-06-05,楽天,DeNA,0,5,郡山,0.530332842236582,0,0.46966715776341805,5,0.4,0.4897959183673469,0.5777777777777777,True,False,True,2025_rule_selection
2025-06-05,西武,ヤクルト,1,4,メットライフドーム,0.5239204893191498,0,0.4760795106808502,5,0.6,0.5490196078431373,0.29545454545454547,False,False,True,2025_rule_selection
2025-06-06,DeNA,日本ハム,2,1,横浜スタジアム,0.5212432063493022,0,0.4787567936506978,3,0.33333333333333337,0.5869565217391305,0.5769230769230769,False,False,False,2025_rule_selection
2025-06-06,ヤクルト,ソフトバンク,3,2,神宮野球場,0.5170183465518109,0,0.4829816534481891,3,0.6666666666666667,0.3111111111111111,0.52,True,False,False,2025_rule_selection
2025-06-06,中日,ロッテ,3,2,ナゴヤドーム,0.5234879377565189,0,0.4765120622434811,3,0.6666666666666667,0.42857142857142855,0.38,False,False,False,2025_rule_selection
2025-06-06,巨人,楽天,0,2,東京ドーム,0.530165672322297,0,0.46983432767770295,3,1.0,0.5098039215686274,0.48,False,False,True,2025_rule_selection
2025-06-06,広島,西武,3,2,マツダスタジアム,0.5419695412203155,0,0.4580304587796845,3,0.33333333333333337,0.5,0.5384615384615384,True,False,False,2025_rule_selection
2025-06-06,阪神,オリックス,1,0,甲子園球場,0.5356756983420917,0,0.4643243016579083,3,0.6666666666666667,0.6041666666666666,0.5510204081632653,False,False,False,2025_rule_selection
2025-06-07,DeNA,日本ハム,4,7,横浜スタジアム,0.5169214542876589,0,0.4830785457123411,4,0.25,0.5957446808510638,0.5660377358490566,False,False,True,2025_rule_selection
2025-06-07,ヤクルト,ソフトバンク,1,8,神宮野球場,0.5281219715072868,0,0.4718780284927132,4,0.5,0.32608695652173914,0.5098039215686274,True,False,True,2025_rule_selection
2025-06-07,中日,ロッテ,4,3,ナゴヤドーム,0.5269534651294464,0,0.4730465348705536,4,0.5,0.44,0.37254901960784315,False,False,False,2025_rule_selection
2025-06-07,巨人,楽天,2,0,東京ドーム,0.5227434366274392,0,0.47725656337256084,4,1.0,0.5,0.49019607843137253,False,False,False,2025_rule_selection
2025-06-07,広島,西武,5,2,マツダスタジアム,0.5620475769239175,1,0.5620475769239175,4,0.75,0.5102040816326531,0.5283018867924528,False,False,True,2025_rule_selection
2025-06-08,DeNA,日本ハム,5,4,横浜スタジアム,0.5224033687303494,0,0.4775966312696506,5,0.4,0.5833333333333334,0.5740740740740741,False,False,False,2025_rule_selection
2025-06-08,ヤクルト,ソフトバンク,4,2,神宮野球場,0.5249436123800437,0,0.4750563876199563,5,0.6,0.3191489361702128,0.5192307692307693,True,False,False,2025_rule_selection
2025-06-08,中日,ロッテ,3,0,ナゴヤドーム,0.5260088677308451,0,0.4739911322691549,5,0.4,0.45098039215686275,0.36538461538461536,False,False,False,2025_rule_selection
2025-06-08,巨人,楽天,5,0,東京ドーム,0.5240040511888386,0,0.47599594881116136,5,0.8,0.5094339622641509,0.4807692307692308,False,False,False,2025_rule_selection
2025-06-08,広島,西武,10,0,マツダスタジアム,0.5529579854103094,0,0.4470420145896906,5,0.19999999999999996,0.52,0.5185185185185185,False,False,False,2025_rule_selection
2025-06-08,阪神,オリックス,8,1,甲子園球場,0.5480523400497395,0,0.45194765995026054,4,0.5,0.6122448979591837,0.54,False,False,False,2025_rule_selection
2025-06-10,オリックス,DeNA,2,0,京セラドーム大阪,0.5257220698006227,0,0.47427793019937725,3,0.33333333333333337,0.5294117647058824,0.5918367346938775,True,False,False,2025_rule_selection
2025-06-10,ソフトバンク,巨人,5,2,PayPayドーム,0.5520780463493596,0,0.44792195365064036,3,0.6666666666666667,0.5094339622641509,0.5185185185185185,True,False,False,2025_rule_selection
2025-06-10,ロッテ,広島,6,1,ZOZOマリンスタジアム,0.5500915160874873,0,0.4499084839125127,3,0.6666666666666667,0.3584905660377358,0.5294117647058824,True,False,False,2025_rule_selection
2025-06-10,日本ハム,ヤクルト,3,1,エスコンF,0.5506825335839476,0,0.4493174664160524,3,0.6666666666666667,0.5636363636363636,0.3333333333333333,False,False,False,2025_rule_selection
2025-06-10,楽天,中日,1,3,山形市,0.5563222566860367,1,0.5563222566860367,3,0.6666666666666666,0.4716981132075472,0.46153846153846156,True,False,False,2025_rule_selection
2025-06-10,西武,阪神,4,2,メットライフドーム,0.5289900161260743,0,0.4710099838739257,3,1.0,0.509090909090909,0.62,True,False,False,2025_rule_selection
2025-06-11,オリックス,DeNA,0,4,京セラドーム大阪,0.53256849117137,0,0.46743150882863005,4,0.25,0.5384615384615384,0.58,True,False,True,2025_rule_selection
2025-06-11,ソフトバンク,巨人,3,7,PayPayドーム,0.5540846531310469,0,0.44591534686895307,4,0.5,0.5185185185185185,0.509090909090909,False,False,True,2025_rule_selection
2025-06-11,日本ハム,ヤクルト,8,2,エスコンF,0.5522844475364985,0,0.4477155524635015,4,0.5,0.5714285714285714,0.32653061224489793,False,False,False,2025_rule_selection
2025-06-11,西武,阪神,3,2,メットライフドーム,0.5317803656604553,0,0.4682196343395447,4,0.75,0.5178571428571429,0.6078431372549019,True,False,False,2025_rule_selection
2025-06-12,オリックス,DeNA,4,2,京セラドーム大阪,0.5273068296045635,0,0.47269317039543646,5,0.4,0.5283018867924528,0.5882352941176471,True,False,False,2025_rule_selection
2025-06-12,ロッテ,広島,5,4,ZOZOマリンスタジアム,0.5452801259618102,0,0.4547198740381898,4,0.5,0.37037037037037035,0.5192307692307693,True,False,False,2025_rule_selection
2025-06-12,日本ハム,ヤクルト,6,1,エスコンF,0.554280719708215,0,0.445719280291785,5,0.4,0.5789473684210527,0.32,False,False,False,2025_rule_selection
2025-06-12,楽天,中日,4,0,楽天モバイル,0.5210297852211874,0,0.47897021477881263,4,0.5,0.46296296296296297,0.4716981132075472,True,False,False,2025_rule_selection
2025-06-12,西武,阪神,4,1,メットライフドーム,0.5341242325764924,0,0.46587576742350756,5,0.6,0.5263157894736842,0.5961538461538461,True,False,False,2025_rule_selection
2025-06-13,オリックス,巨人,7,3,京セラドーム大阪,0.5165134243436679,0,0.48348657565633213,3,0.0,0.5370370370370371,0.5178571428571429,False,False,False,2025_rule_selection
2025-06-13,ソフトバンク,DeNA,4,1,PayPayドーム,0.5515602929620683,0,0.4484397070379317,3,0.33333333333333337,0.509090909090909,0.5769230769230769,True,False,False,2025_rule_selection
2025-06-13,ロッテ,ヤクルト,5,4,ZOZOマリンスタジアム,0.5519192467915209,0,0.44808075320847907,1,0.0,0.38181818181818183,0.3137254901960784,False,False,False,2025_rule_selection
2025-06-13,日本ハム,広島,2,6,エスコンF,0.5464260186058649,0,0.4535739813941351,3,0.6666666666666667,0.5862068965517241,0.5094339622641509,False,False,True,2025_rule_selection
2025-06-14,オリックス,巨人,2,1,京セラドーム大阪,0.5200796460855943,0,0.4799203539144057,4,0.0,0.5454545454545454,0.5087719298245614,False,False,False,2025_rule_selection
2025-06-14,ソフトバンク,DeNA,4,0,PayPayドーム,0.5588141756771734,1,0.5588141756771734,4,0.75,0.5178571428571429,0.5660377358490566,False,False,True,2025_rule_selection
2025-06-14,ロッテ,ヤクルト,0,5,ZOZOマリンスタジアム,0.5426417329296117,0,0.4573582670703883,2,0.0,0.39285714285714285,0.3076923076923077,False,False,True,2025_rule_selection
2025-06-14,日本ハム,広島,5,0,エスコンF,0.5454225474290564,0,0.4545774525709436,4,0.75,0.576271186440678,0.5185185185185185,False,False,False,2025_rule_selection
2025-06-14,楽天,阪神,5,4,楽天モバイル,0.5309187989676393,0,0.46908120103236073,3,0.0,0.4727272727272727,0.5849056603773585,True,False,False,2025_rule_selection
2025-06-14,西武,中日,2,1,メットライフドーム,0.5207692208339735,0,0.4792307791660265,3,0.33333333333333337,0.5344827586206896,0.46296296296296297,False,False,False,2025_rule_selection
2025-06-15,オリックス,巨人,8,3,京セラドーム大阪,0.5226391638562324,0,0.47736083614376756,5,0.0,0.5535714285714286,0.5,False,False,False,2025_rule_selection
2025-06-15,ソフトバンク,DeNA,4,3,PayPayドーム,0.5518494542082242,0,0.4481505457917758,5,0.19999999999999996,0.5263157894736842,0.5555555555555556,True,False,False,2025_rule_selection
2025-06-15,ロッテ,ヤクルト,5,4,ZOZOマリンスタジアム,0.5510947907039402,0,0.4489052092960598,3,0.33333333333333337,0.38596491228070173,0.32075471698113206,False,False,False,2025_rule_selection
2025-06-15,日本ハム,広島,8,7,エスコンF,0.5447638966329058,0,0.4552361033670942,5,0.6,0.5833333333333334,0.509090909090909,False,False,False,2025_rule_selection
2025-06-15,楽天,阪神,3,2,楽天モバイル,0.5303070640953513,0,0.46969293590464867,4,0.0,0.48214285714285715,0.5740740740740741,True,False,False,2025_rule_selection
2025-06-15,西武,中日,1,0,メットライフドーム,0.5255447102722596,0,0.4744552897277404,4,0.25,0.5423728813559322,0.45454545454545453,False,False,False,2025_rule_selection
2025-06-17,DeNA,西武,0,3,横浜スタジアム,0.5275181476804551,0,0.47248185231954487,3,0.0,0.5454545454545454,0.55,True,False,True,2025_rule_selection
2025-06-17,中日,オリックス,3,5,ナゴヤドーム,0.5393434593983585,0,0.4606565406016415,3,0.33333333333333337,0.44642857142857145,0.5614035087719298,True,False,True,2025_rule_selection
2025-06-17,巨人,日本ハム,1,4,東京ドーム,0.5181131515745355,0,0.4818868484254645,2,0.0,0.4915254237288136,0.5901639344262295,True,False,True,2025_rule_selection
2025-06-17,広島,ソフトバンク,0,2,マツダスタジアム,0.5196645924043388,0,0.4803354075956612,3,1.0,0.5,0.5344827586206896,True,False,True,2025_rule_selection
2025-06-17,阪神,ロッテ,1,3,甲子園球場,0.5276159385798911,0,0.4723840614201089,3,0.6666666666666667,0.5636363636363636,0.39655172413793105,False,False,True,2025_rule_selection
2025-06-18,DeNA,西武,4,2,横浜スタジアム,0.5251198860845521,0,0.47488011391544793,4,0.25,0.5357142857142857,0.5573770491803278,True,False,False,2025_rule_selection
2025-06-18,ヤクルト,楽天,2,6,神宮野球場,0.5405180148564309,0,0.4594819851435691,3,0.6666666666666667,0.3148148148148148,0.49122807017543857,True,False,True,2025_rule_selection
2025-06-18,中日,オリックス,6,3,ナゴヤドーム,0.5361307981430349,0,0.4638692018569651,4,0.5,0.43859649122807015,0.5689655172413793,True,False,False,2025_rule_selection
2025-06-18,巨人,日本ハム,2,1,東京ドーム,0.5155787081256346,0,0.48442129187436545,3,0.33333333333333337,0.48333333333333334,0.5967741935483871,True,False,False,2025_rule_selection
2025-06-18,広島,ソフトバンク,8,4,マツダスタジアム,0.5198725373515944,0,0.48012746264840556,4,1.0,0.49122807017543857,0.5423728813559322,True,False,False,2025_rule_selection
2025-06-18,阪神,ロッテ,8,1,甲子園球場,0.5228494286132425,0,0.47715057138675754,4,0.75,0.5535714285714286,0.4067796610169492,False,False,False,2025_rule_selection
2025-06-19,DeNA,西武,1,2,横浜スタジアム,0.5267481074565042,0,0.47325189254349576,5,0.19999999999999996,0.543859649122807,0.5483870967741935,True,False,True,2025_rule_selection
2025-06-19,ヤクルト,楽天,1,3,神宮野球場,0.5348848268621673,0,0.4651151731378327,4,0.75,0.3090909090909091,0.5,True,False,True,2025_rule_selection
2025-06-19,中日,オリックス,1,6,ナゴヤドーム,0.5307332150407044,0,0.46926678495929564,5,0.4,0.4482758620689655,0.559322033898305,True,False,True,2025_rule_selection
2025-06-19,巨人,日本ハム,1,4,東京ドーム,0.5189700593415942,0,0.48102994065840576,4,0.25,0.4918032786885246,0.5873015873015873,True,False,True,2025_rule_selection
2025-06-19,広島,ソフトバンク,2,16,マツダスタジアム,0.5292369246185704,0,0.4707630753814296,5,0.8,0.5,0.5333333333333333,True,False,True,2025_rule_selection
2025-06-19,阪神,ロッテ,2,0,甲子園球場,0.5402153330260886,0,0.4597846669739114,5,0.6,0.5614035087719298,0.4,False,False,False,2025_rule_selection
2025-06-20,DeNA,ロッテ,1,6,横浜スタジアム,0.5157225172788683,0,0.4842774827211317,3,0.0,0.5344827586206896,0.39344262295081966,False,False,True,2025_rule_selection
2025-06-20,ヤクルト,オリックス,8,10,神宮野球場,0.5368209999144123,0,0.46317900008558766,3,0.33333333333333337,0.30357142857142855,0.5666666666666667,True,False,True,2025_rule_selection
2025-06-20,中日,日本ハム,0,1,ナゴヤドーム,0.5284421890036395,0,0.4715578109963605,3,0.6666666666666667,0.4406779661016949,0.59375,True,False,True,2025_rule_selection
2025-06-20,巨人,西武,2,1,東京ドーム,0.5402849741360868,0,0.4597150258639132,3,0.33333333333333337,0.4838709677419355,0.5555555555555556,True,False,False,2025_rule_selection
2025-06-20,広島,楽天,0,4,マツダスタジアム,0.5222177932617592,0,0.4777822067382408,3,0.33333333333333337,0.4915254237288136,0.5084745762711864,True,False,True,2025_rule_selection
2025-06-20,阪神,ソフトバンク,1,2,甲子園球場,0.5168825819888618,0,0.48311741801113817,3,0.6666666666666667,0.5689655172413793,0.5409836065573771,False,False,True,2025_rule_selection
2025-06-21,DeNA,楽天,5,0,横浜スタジアム,0.502874386090591,0,0.497125613909409,6,0.5,0.5254237288135594,0.5166666666666667,False,False,False,2025_rule_selection
2025-06-21,ヤクルト,オリックス,5,2,神宮野球場,0.5377521219720827,0,0.46224787802791734,4,0.5,0.2982456140350877,0.5737704918032787,True,False,False,2025_rule_selection
2025-06-21,中日,日本ハム,2,3,ナゴヤドーム,0.5327655990882969,0,0.4672344009117031,4,0.75,0.43333333333333335,0.6,True,False,True,2025_rule_selection
2025-06-21,巨人,西武,5,2,東京ドーム,0.5411882660675479,0,0.4588117339324521,4,0.25,0.49206349206349204,0.546875,True,False,False,2025_rule_selection
2025-06-21,広島,楽天,8,3,マツダスタジアム,0.5237270759959551,0,0.47627292400404486,4,0.5,0.48333333333333334,0.5081967213114754,True,False,False,2025_rule_selection
2025-06-21,阪神,ソフトバンク,3,0,甲子園球場,0.5205016997995355,0,0.47949830020046447,4,0.75,0.559322033898305,0.5483870967741935,False,False,False,2025_rule_selection
2025-06-22,DeNA,ロッテ,9,10,横浜スタジアム,0.5091617067464432,0,0.49083829325355677,4,0.25,0.5333333333333333,0.4032258064516129,False,False,True,2025_rule_selection
2025-06-22,ヤクルト,オリックス,2,4,神宮野球場,0.5396107239744817,0,0.46038927602551827,5,0.4,0.3103448275862069,0.5645161290322581,True,False,True,2025_rule_selection
2025-06-22,中日,日本ハム,4,1,ナゴヤドーム,0.5288500302568829,0,0.47114996974311707,5,0.8,0.4262295081967213,0.6060606060606061,True,False,False,2025_rule_selection
2025-06-22,巨人,西武,0,5,東京ドーム,0.5450508330043695,0,0.4549491669956305,5,0.19999999999999996,0.5,0.5384615384615384,True,False,True,2025_rule_selection
2025-06-22,広島,楽天,5,2,マツダスタジアム,0.5240244401938517,0,0.47597555980614825,5,0.4,0.4918032786885246,0.5,True,False,False,2025_rule_selection
2025-06-22,阪神,ソフトバンク,1,3,甲子園球場,0.5246491058090429,0,0.4753508941909571,5,0.6,0.5666666666666667,0.5396825396825397,False,False,True,2025_rule_selection
2025-06-24,ロッテ,巨人,6,4,ZOZOマリンスタジアム,0.5421530591398053,0,0.45784694086019473,5,0.4,0.4126984126984127,0.49230769230769234,True,False,False,2025_rule_selection
2025-06-27,オリックス,楽天,10,2,京セラドーム大阪,0.5437656397032933,0,0.4562343602967067,32,0.375,0.5714285714285714,0.49206349206349204,False,False,False,2025_rule_selection
2025-06-27,ヤクルト,阪神,4,3,神宮野球場,0.5737149352852948,1,0.5737149352852948,31,0.41935483870967744,0.3050847457627119,0.5573770491803278,False,False,True,2025_rule_selection
2025-06-27,ロッテ,ソフトバンク,3,6,ZOZOマリンスタジアム,0.5515442929553991,0,0.4484557070446009,32,0.65625,0.421875,0.546875,True,False,True,2025_rule_selection
2025-06-27,中日,広島,3,2,ナゴヤドーム,0.5386730104708028,0,0.46132698952919715,30,0.4,0.43548387096774194,0.5,True,False,False,2025_rule_selection
2025-06-27,巨人,DeNA,4,0,東京ドーム,0.5374144044737112,0,0.46258559552628875,30,0.33333333333333337,0.48484848484848486,0.5245901639344263,True,False,False,2025_rule_selection
2025-06-27,西武,日本ハム,2,5,メットライフドーム,0.5284026143087919,0,0.4715973856912081,31,0.5806451612903225,0.5454545454545454,0.5970149253731343,True,False,True,2025_rule_selection
2025-06-28,オリックス,楽天,7,3,京セラドーム大阪,0.5430627268869253,0,0.45693727311307475,33,0.36363636363636365,0.578125,0.484375,False,False,False,2025_rule_selection
2025-06-28,ヤクルト,阪神,0,2,神宮野球場,0.566900608311532,1,0.566900608311532,32,0.4375,0.31666666666666665,0.5483870967741935,False,False,False,2025_rule_selection
2025-06-28,ロッテ,ソフトバンク,5,0,ZOZOマリンスタジアム,0.5485638958563112,0,0.45143610414368884,33,0.6666666666666667,0.4153846153846154,0.5538461538461539,True,False,False,2025_rule_selection
2025-06-28,中日,広島,1,2,ナゴヤドーム,0.5415884585137658,0,0.4584115414862342,31,0.3870967741935484,0.4444444444444444,0.49206349206349204,True,False,True,2025_rule_selection
2025-06-28,巨人,DeNA,5,0,東京ドーム,0.5373844302679981,0,0.4626155697320019,31,0.32258064516129037,0.4925373134328358,0.5161290322580645,True,False,False,2025_rule_selection
2025-06-28,西武,日本ハム,3,2,メットライフドーム,0.5359220988569464,0,0.4640779011430536,32,0.59375,0.5373134328358209,0.6029411764705882,True,False,False,2025_rule_selection
2025-06-29,オリックス,楽天,2,4,京セラドーム大阪,0.542421405730146,0,0.45757859426985403,34,0.3529411764705882,0.5846153846153846,0.47692307692307695,False,False,True,2025_rule_selection
2025-06-29,ヤクルト,阪神,0,6,神宮野球場,0.5706527979406397,1,0.5706527979406397,33,0.42424242424242425,0.3114754098360656,0.5555555555555556,False,False,False,2025_rule_selection
2025-06-29,ロッテ,ソフトバンク,1,2,ZOZOマリンスタジアム,0.5483423574702211,0,0.4516576425297789,34,0.6470588235294117,0.42424242424242425,0.5454545454545454,True,False,True,2025_rule_selection
2025-06-29,中日,広島,1,2,ナゴヤドーム,0.5421025786724328,0,0.45789742132756717,32,0.40625,0.4375,0.5,True,False,True,2025_rule_selection
2025-06-29,巨人,DeNA,1,0,東京ドーム,0.5454024919802548,0,0.4545975080197452,32,0.3125,0.5,0.5079365079365079,True,False,False,2025_rule_selection
2025-06-29,西武,日本ハム,1,2,メットライフドーム,0.536695679101563,0,0.463304320898437,33,0.5757575757575757,0.5441176470588235,0.5942028985507246,True,False,True,2025_rule_selection
2025-07-01,DeNA,中日,3,2,横浜スタジアム,0.5490902874098736,0,0.45090971259012635,33,0.3939393939393939,0.5,0.4307692307692308,False,False,False,2025_rule_selection
2025-07-01,ソフトバンク,日本ハム,1,0,東京ドーム,0.5598672696908009,1,0.5598672696908009,32,0.46875,0.5522388059701493,0.6,False,False,True,2025_rule_selection
2025-07-01,楽天,ロッテ,6,1,楽天モバイル,0.5313898711373566,0,0.4686101288626434,34,0.5,0.48484848484848486,0.417910447761194,False,False,False,2025_rule_selection
2025-07-01,西武,オリックス,0,3,那覇,0.5326204212841392,0,0.4673795787158608,36,0.4444444444444444,0.5362318840579711,0.5757575757575758,True,False,True,2025_rule_selection
2025-07-01,阪神,巨人,2,1,甲子園球場,0.5509339705549323,0,0.4490660294450677,35,0.4571428571428572,0.5625,0.5072463768115942,False,False,False,2025_rule_selection
2025-07-02,DeNA,中日,4,3,横浜スタジアム,0.5478341221857731,0,0.4521658778142269,34,0.38235294117647056,0.5076923076923077,0.42424242424242425,False,False,False,2025_rule_selection
2025-07-02,ソフトバンク,日本ハム,2,1,PayPayドーム,0.5623661507817281,1,0.5623661507817281,33,0.48484848484848486,0.5588235294117647,0.5915492957746479,False,False,True,2025_rule_selection
2025-07-02,広島,ヤクルト,2,1,マツダスタジアム,0.5543069024623724,0,0.44569309753762765,30,0.4,0.5076923076923077,0.3064516129032258,False,False,False,2025_rule_selection
2025-07-02,楽天,ロッテ,3,6,楽天モバイル,0.5229866752304543,0,0.4770133247695457,35,0.48571428571428577,0.4925373134328358,0.4117647058823529,False,False,True,2025_rule_selection
2025-07-02,西武,オリックス,2,6,那覇,0.5504746665664249,0,0.44952533343357515,37,0.45945945945945943,0.5285714285714286,0.582089552238806,True,False,True,2025_rule_selection
2025-07-02,阪神,巨人,1,0,甲子園球場,0.5517011955098016,0,0.44829880449019843,36,0.4444444444444444,0.5692307692307692,0.5,False,False,False,2025_rule_selection
2025-07-03,DeNA,中日,8,5,横浜スタジアム,0.5447326285010088,0,0.4552673714989912,35,0.37142857142857144,0.5151515151515151,0.417910447761194,False,False,False,2025_rule_selection
2025-07-03,ソフトバンク,日本ハム,4,1,PayPayドーム,0.566306886977896,1,0.566306886977896,34,0.5,0.5652173913043478,0.5833333333333334,False,False,True,2025_rule_selection
2025-07-03,広島,ヤクルト,0,5,マツダスタジアム,0.556871099584582,1,0.556871099584582,31,0.6129032258064516,0.5151515151515151,0.30158730158730157,True,False,False,2025_rule_selection
2025-07-03,阪神,巨人,3,2,甲子園球場,0.5483961876316011,0,0.45160381236839886,37,0.43243243243243246,0.5757575757575758,0.49295774647887325,False,False,False,2025_rule_selection
2025-07-04,DeNA,阪神,1,7,横浜スタジアム,0.5480152060216297,0,0.4519847939783703,30,0.5333333333333333,0.5223880597014925,0.582089552238806,True,False,True,2025_rule_selection
2025-07-04,オリックス,ロッテ,8,6,ほっと神戸,0.5390205781692136,0,0.46097942183078644,30,0.5333333333333333,0.5882352941176471,0.42028985507246375,False,False,False,2025_rule_selection
2025-07-04,ソフトバンク,西武,0,1,PayPayドーム,0.5838460472151754,1,0.5838460472151754,37,0.6216216216216216,0.5714285714285714,0.5211267605633803,True,True,False,2025_rule_selection
2025-07-04,中日,ヤクルト,2,1,ナゴヤドーム,0.5632882464345035,1,0.5632882464345035,33,0.5454545454545454,0.4117647058823529,0.3125,True,True,True,2025_rule_selection
2025-07-04,巨人,広島,1,0,東京ドーム,0.5457345126965264,0,0.4542654873034736,33,0.48484848484848486,0.4861111111111111,0.5074626865671642,True,False,False,2025_rule_selection
2025-07-04,日本ハム,楽天,7,1,エスコンF,0.5465226022622903,0,0.4534773977377097,31,0.4193548387096774,0.5753424657534246,0.4852941176470588,False,False,False,2025_rule_selection
2025-07-05,DeNA,阪神,0,3,横浜スタジアム,0.5467890179619944,0,0.4532109820380056,31,0.5483870967741935,0.5147058823529411,0.5882352941176471,True,False,True,2025_rule_selection
2025-07-05,オリックス,ロッテ,2,8,ほっと神戸,0.5340674358142863,0,0.4659325641857137,31,0.5161290322580645,0.5942028985507246,0.4142857142857143,False,False,True,2025_rule_selection
2025-07-05,ソフトバンク,西武,4,3,PayPayドーム,0.5709328179348973,1,0.5709328179348973,38,0.6052631578947368,0.5633802816901409,0.5277777777777778,True,True,True,2025_rule_selection
2025-07-05,中日,ヤクルト,4,6,ナゴヤドーム,0.5621146006148457,1,0.5621146006148457,34,0.5588235294117647,0.42028985507246375,0.3076923076923077,True,True,False,2025_rule_selection
2025-07-05,日本ハム,楽天,12,1,エスコンF,0.5427594110122748,0,0.45724058898772524,32,0.40625,0.581081081081081,0.4782608695652174,False,False,False,2025_rule_selection
2025-07-06,DeNA,阪神,1,5,横浜スタジアム,0.5524565724373732,0,0.44754342756262677,32,0.5625,0.5072463768115942,0.5942028985507246,True,False,True,2025_rule_selection
2025-07-06,オリックス,ロッテ,4,1,京セラドーム大阪,0.5423204583531026,0,0.4576795416468974,32,0.53125,0.5857142857142857,0.4225352112676056,False,False,False,2025_rule_selection
2025-07-06,ソフトバンク,西武,3,1,PayPayドーム,0.5827250493243522,1,0.5827250493243522,39,0.6153846153846154,0.5694444444444444,0.5205479452054794,True,True,True,2025_rule_selection
2025-07-06,中日,ヤクルト,4,5,ナゴヤドーム,0.5633013054313821,1,0.5633013054313821,35,0.5428571428571428,0.4142857142857143,0.3181818181818182,True,True,False,2025_rule_selection
2025-07-06,巨人,広島,2,3,東京ドーム,0.5399689087530148,0,0.46003109124698516,34,0.47058823529411764,0.4931506849315068,0.5,True,False,True,2025_rule_selection
2025-07-06,日本ハム,楽天,8,6,エスコンF,0.549656355595168,0,0.450343644404832,33,0.3939393939393939,0.5866666666666667,0.4714285714285714,False,False,False,2025_rule_selection
2025-07-08,オリックス,ソフトバンク,1,9,京セラドーム大阪,0.5412796391901615,0,0.45872036080983847,30,0.7333333333333334,0.5915492957746479,0.5753424657534246,False,False,True,2025_rule_selection
2025-07-08,ヤクルト,DeNA,0,4,神宮野球場,0.5550461827630159,1,0.5550461827630159,32,0.34375,0.3283582089552239,0.5,False,False,False,2025_rule_selection
2025-07-08,ロッテ,日本ハム,4,5,ZOZOマリンスタジアム,0.5691182702209652,1,0.5691182702209652,34,0.29411764705882354,0.4166666666666667,0.5921052631578947,False,False,False,2025_rule_selection
2025-07-08,巨人,中日,5,4,山形,0.5624368008552255,1,0.5624368008552255,34,0.6176470588235294,0.4864864864864865,0.4084507042253521,True,True,True,2025_rule_selection
2025-07-08,広島,阪神,1,6,マツダスタジアム,0.5601829063922203,1,0.5601829063922203,35,0.42857142857142855,0.5072463768115942,0.6,False,False,False,2025_rule_selection
2025-07-08,西武,楽天,2,7,メットライフドーム,0.5147234489591127,0,0.4852765510408873,31,0.5806451612903225,0.5135135135135135,0.4647887323943662,False,False,True,2025_rule_selection
2025-07-09,オリックス,ソフトバンク,0,1,京セラドーム大阪,0.5392644322001949,0,0.46073556779980507,31,0.7419354838709677,0.5833333333333334,0.581081081081081,False,False,True,2025_rule_selection
2025-07-09,ロッテ,日本ハム,1,13,ZOZOマリンスタジアム,0.5687727314785456,1,0.5687727314785456,35,0.2857142857142857,0.410958904109589,0.5974025974025974,False,False,False,2025_rule_selection
2025-07-09,巨人,中日,2,3,福島,0.5595521624176547,1,0.5595521624176547,35,0.6285714285714286,0.49333333333333335,0.4027777777777778,True,False,False,2025_rule_selection
2025-07-09,広島,阪神,1,3,マツダスタジアム,0.5517699737298543,0,0.44823002627014574,36,0.5833333333333333,0.5,0.6056338028169014,True,False,True,2025_rule_selection
2025-07-09,西武,楽天,0,2,メットライフドーム,0.5192955141460275,0,0.4807044858539725,32,0.59375,0.5066666666666667,0.4722222222222222,False,False,True,2025_rule_selection
2025-07-10,オリックス,ソフトバンク,4,0,京セラドーム大阪,0.5410353863517119,0,0.4589646136482881,32,0.75,0.5753424657534246,0.5866666666666667,True,False,False,2025_rule_selection
2025-07-10,広島,阪神,3,6,マツダスタジアム,0.5559037017818778,1,0.5559037017818778,37,0.40540540540540543,0.49295774647887325,0.6111111111111112,False,False,False,2025_rule_selection
2025-07-10,西武,楽天,5,1,メットライフドーム,0.5171025482561935,0,0.4828974517438065,33,0.6060606060606061,0.5,0.4794520547945205,False,False,False,2025_rule_selection
2025-07-11,DeNA,巨人,1,2,横浜スタジアム,0.5348087916456997,0,0.4651912083543003,33,0.696969696969697,0.5070422535211268,0.4868421052631579,False,False,True,2025_rule_selection
2025-07-11,中日,広島,2,1,ナゴヤドーム,0.5564185708163875,1,0.5564185708163875,33,0.5757575757575758,0.410958904109589,0.4861111111111111,False,False,True,2025_rule_selection
2025-07-11,日本ハム,オリックス,0,6,エスコンF,0.5708012410162493,1,0.5708012410162493,35,0.4857142857142857,0.6025641025641025,0.581081081081081,True,False,False,2025_rule_selection
2025-07-11,楽天,ソフトバンク,3,0,楽天モバイル,0.5378724739220204,0,0.4621275260779796,35,0.5428571428571429,0.47297297297297297,0.5789473684210527,True,False,False,2025_rule_selection
2025-07-11,阪神,ヤクルト,3,6,甲子園球場,0.5649239365349791,1,0.5649239365349791,34,0.5882352941176471,0.6164383561643836,0.3235294117647059,True,True,False,2025_rule_selection
2025-07-12,DeNA,巨人,0,3,横浜スタジアム,0.5363003764676887,0,0.4636996235323113,34,0.7058823529411764,0.5,0.4935064935064935,False,False,True,2025_rule_selection
2025-07-12,ロッテ,西武,1,5,ZOZOマリンスタジアム,0.5720322640523287,1,0.5720322640523287,34,0.7058823529411765,0.40540540540540543,0.5064935064935064,False,False,False,2025_rule_selection
2025-07-12,中日,広島,7,1,ナゴヤドーム,0.5576197924538445,1,0.5576197924538445,34,0.5882352941176471,0.4189189189189189,0.4794520547945205,False,False,True,2025_rule_selection
2025-07-12,日本ハム,オリックス,7,3,エスコンF,0.5742405798074072,1,0.5742405798074072,36,0.4722222222222222,0.5949367088607594,0.5866666666666667,True,False,True,2025_rule_selection
2025-07-12,楽天,ソフトバンク,7,0,楽天モバイル,0.538748365227723,0,0.46125163477227704,36,0.5277777777777778,0.48,0.5714285714285714,True,False,False,2025_rule_selection
2025-07-12,阪神,ヤクルト,5,2,甲子園球場,0.5641767457641282,1,0.5641767457641282,35,0.5714285714285714,0.6081081081081081,0.3333333333333333,True,True,True,2025_rule_selection
2025-07-13,DeNA,巨人,4,3,横浜スタジアム,0.5358713743824767,0,0.4641286256175233,35,0.7142857142857143,0.4931506849315068,0.5,True,False,False,2025_rule_selection
2025-07-13,ロッテ,西武,5,1,ZOZOマリンスタジアム,0.5762714686358721,1,0.5762714686358721,35,0.6857142857142857,0.4,0.5128205128205128,False,False,True,2025_rule_selection
2025-07-13,中日,広島,3,2,ナゴヤドーム,0.5664473053975897,1,0.5664473053975897,35,0.6,0.4266666666666667,0.47297297297297297,False,False,True,2025_rule_selection
2025-07-13,日本ハム,オリックス,4,0,エスコンF,0.5681931764009848,1,0.5681931764009848,37,0.4864864864864865,0.6,0.5789473684210527,True,False,True,2025_rule_selection
2025-07-13,楽天,ソフトバンク,3,5,楽天モバイル,0.5361470180030212,0,0.4638529819969788,37,0.5135135135135135,0.4868421052631579,0.5641025641025641,True,False,True,2025_rule_selection
2025-07-13,阪神,ヤクルト,2,1,甲子園球場,0.5599776682731636,1,0.5599776682731636,36,0.5833333333333334,0.6133333333333333,0.32857142857142857,True,False,True,2025_rule_selection
2025-07-14,西武,日本ハム,1,2,東京ドーム,0.553054662204833,0,0.446945337795167,34,0.5882352941176471,0.5063291139240507,0.6049382716049383,True,False,True,2025_rule_selection
2025-07-15,オリックス,楽天,6,7,京セラドーム大阪,0.5355762888464778,0,0.4644237111535222,35,0.37142857142857144,0.5714285714285714,0.4805194805194805,False,False,True,2025_rule_selection
2025-07-15,ソフトバンク,ロッテ,10,2,PayPayドーム,0.5654714828563283,1,0.5654714828563283,35,0.6571428571428571,0.569620253164557,0.40789473684210525,True,True,True,2025_rule_selection
2025-07-15,広島,DeNA,0,1,マツダスタジアム,0.5464693748010342,0,0.4535306251989658,34,0.5,0.4666666666666667,0.5,True,False,True,2025_rule_selection
2025-07-15,阪神,中日,2,3,甲子園球場,0.5587959872149851,1,0.5587959872149851,31,0.6451612903225806,0.618421052631579,0.4342105263157895,True,False,False,2025_rule_selection
2025-07-16,オリックス,楽天,1,0,京セラドーム大阪,0.5367050350463342,0,0.46329496495366584,36,0.38888888888888884,0.5641025641025641,0.48717948717948717,False,False,False,2025_rule_selection
2025-07-16,ソフトバンク,ロッテ,6,0,PayPayドーム,0.5584194328862061,1,0.5584194328862061,36,0.6666666666666666,0.575,0.4025974025974026,True,False,True,2025_rule_selection
2025-07-16,広島,DeNA,4,3,マツダスタジアム,0.5498075187510765,0,0.4501924812489235,35,0.5142857142857142,0.4605263157894737,0.5066666666666667,True,False,False,2025_rule_selection
2025-07-16,西武,日本ハム,1,10,メットライフドーム,0.5379001296332185,0,0.46209987036678146,35,0.6,0.5,0.6097560975609756,True,False,True,2025_rule_selection
2025-07-16,阪神,中日,0,6,甲子園球場,0.5602830395255765,1,0.5602830395255765,32,0.625,0.6103896103896104,0.44155844155844154,True,True,False,2025_rule_selection
2025-07-17,ヤクルト,巨人,3,2,神宮野球場,0.549640736270871,0,0.45035926372912904,36,0.5833333333333333,0.323943661971831,0.4936708860759494,True,False,False,2025_rule_selection
2025-07-17,西武,日本ハム,4,3,メットライフドーム,0.5417681048133256,0,0.4582318951866744,36,0.6111111111111112,0.49382716049382713,0.6144578313253012,True,False,False,2025_rule_selection
2025-07-18,ロッテ,オリックス,3,8,ZOZOマリンスタジアム,0.5726015855700815,1,0.5726015855700815,33,0.5151515151515151,0.3974358974358974,0.569620253164557,False,False,False,2025_rule_selection
2025-07-19,ヤクルト,広島,3,1,神宮野球場,0.5670119780716207,1,0.5670119780716207,32,0.40625,0.3333333333333333,0.4675324675324675,False,False,True,2025_rule_selection
2025-07-19,ロッテ,オリックス,8,0,ZOZOマリンスタジアム,0.5684202120777506,1,0.5684202120777506,34,0.5,0.3924050632911392,0.575,False,False,True,2025_rule_selection
2025-07-19,中日,DeNA,7,2,ナゴヤドーム,0.5491504865014301,0,0.45084951349856994,36,0.6388888888888888,0.44871794871794873,0.5,True,False,False,2025_rule_selection
2025-07-19,巨人,阪神,0,4,東京ドーム,0.5507400161261226,0,0.44925998387387744,38,0.5789473684210527,0.4875,0.6025641025641025,True,False,True,2025_rule_selection
2025-07-19,楽天,日本ハム,2,5,楽天モバイル,0.5365482222073511,0,0.4634517777926489,34,0.6176470588235294,0.4810126582278481,0.6071428571428571,True,False,True,2025_rule_selection
2025-07-19,西武,ソフトバンク,0,4,メットライフドーム,0.5323863917344392,0,0.46761360826556075,40,0.625,0.5,0.5802469135802469,True,False,True,2025_rule_selection
2025-07-20,ヤクルト,広島,8,7,神宮野球場,0.5648045623421847,1,0.5648045623421847,33,0.42424242424242425,0.3424657534246575,0.46153846153846156,False,False,True,2025_rule_selection
2025-07-20,ロッテ,オリックス,8,2,ZOZOマリンスタジアム,0.5739408886241942,1,0.5739408886241942,35,0.5142857142857142,0.4,0.5679012345679012,False,False,True,2025_rule_selection
2025-07-20,中日,DeNA,3,5,ナゴヤドーム,0.5492768096589336,0,0.45072319034106645,37,0.6216216216216216,0.45569620253164556,0.4935064935064935,True,False,True,2025_rule_selection
2025-07-20,巨人,阪神,1,2,東京ドーム,0.5509776395667257,0,0.44902236043327426,39,0.5897435897435898,0.48148148148148145,0.6075949367088608,True,False,True,2025_rule_selection
2025-07-20,楽天,日本ハム,2,4,楽天モバイル,0.5423026326304063,0,0.45769736736959366,35,0.6285714285714286,0.475,0.611764705882353,True,False,True,2025_rule_selection
2025-07-20,西武,ソフトバンク,3,7,メットライフドーム,0.5308739315060882,0,0.4691260684939118,41,0.6341463414634146,0.4939759036144578,0.5853658536585366,True,False,True,2025_rule_selection
2025-07-21,ヤクルト,広島,7,6,神宮野球場,0.5653128024693275,1,0.5653128024693275,34,0.4411764705882353,0.35135135135135137,0.45569620253164556,False,False,True,2025_rule_selection
2025-07-21,ロッテ,オリックス,2,0,ZOZOマリンスタジアム,0.5726323101272025,1,0.5726323101272025,36,0.5277777777777778,0.4074074074074074,0.5609756097560976,False,False,True,2025_rule_selection
2025-07-21,中日,DeNA,0,1,ナゴヤドーム,0.5422735735962746,0,0.4577264264037254,38,0.631578947368421,0.45,0.5,True,False,True,2025_rule_selection
2025-07-21,巨人,阪神,6,5,東京ドーム,0.5533929196901745,0,0.44660708030982554,40,0.6,0.47560975609756095,0.6125,True,False,False,2025_rule_selection
2025-07-21,楽天,日本ハム,0,2,楽天モバイル,0.5401596512291261,0,0.4598403487708739,36,0.6388888888888888,0.4691358024691358,0.6162790697674418,True,False,True,2025_rule_selection
2025-07-21,西武,ソフトバンク,1,4,メットライフドーム,0.5288699802410046,0,0.4711300197589954,42,0.6428571428571428,0.4880952380952381,0.5903614457831325,True,False,True,2025_rule_selection
2025-07-26,ソフトバンク,オリックス,11,3,PayPayドーム,0.5618004781624896,1,0.5618004781624896,33,0.7272727272727273,0.5952380952380952,0.5542168674698795,True,True,True,2025_rule_selection
2025-07-26,ヤクルト,中日,2,1,神宮野球場,0.5681063244941772,1,0.5681063244941772,36,0.4722222222222222,0.36,0.4444444444444444,False,False,True,2025_rule_selection
2025-07-26,広島,巨人,1,5,マツダスタジアム,0.5444697284666311,0,0.4555302715333689,35,0.5142857142857142,0.45,0.4819277108433735,True,False,True,2025_rule_selection
2025-07-26,日本ハム,ロッテ,5,0,エスコンF,0.5450979793181298,0,0.45490202068187024,36,0.2777777777777778,0.6206896551724138,0.4146341463414634,False,False,False,2025_rule_selection
2025-07-26,楽天,西武,3,2,楽天モバイル,0.5575935315925794,1,0.5575935315925794,34,0.5882352941176471,0.4634146341463415,0.4823529411764706,False,False,True,2025_rule_selection
2025-07-26,阪神,DeNA,2,0,甲子園球場,0.5533778334922926,0,0.44662216650770736,33,0.4242424242424242,0.6049382716049383,0.5063291139240507,False,False,False,2025_rule_selection
2025-07-27,ソフトバンク,オリックス,3,1,PayPayドーム,0.5681942717119084,1,0.5681942717119084,34,0.7352941176470589,0.6,0.5476190476190477,True,True,True,2025_rule_selection
2025-07-27,ヤクルト,中日,3,2,神宮野球場,0.5711666517110853,1,0.5711666517110853,37,0.4864864864864865,0.3684210526315789,0.43902439024390244,False,False,True,2025_rule_selection
2025-07-27,広島,巨人,5,6,マツダスタジアム,0.5406200882893221,0,0.45937991171067794,36,0.5277777777777778,0.4444444444444444,0.4880952380952381,True,False,True,2025_rule_selection
2025-07-27,日本ハム,ロッテ,4,5,エスコンF,0.5448484324849429,0,0.45515156751505714,37,0.2702702702702703,0.625,0.40963855421686746,False,False,True,2025_rule_selection
2025-07-27,楽天,西武,4,1,楽天モバイル,0.5554982661184907,1,0.5554982661184907,35,0.6,0.46987951807228917,0.47674418604651164,False,False,True,2025_rule_selection
2025-07-27,阪神,DeNA,7,1,甲子園球場,0.5433512707404425,0,0.45664872925955746,34,0.4117647058823529,0.6097560975609756,0.5,False,False,False,2025_rule_selection
2025-07-29,DeNA,ヤクルト,1,5,横浜スタジアム,0.545089086566232,0,0.454910913433768,33,0.33333333333333337,0.49382716049382713,0.37662337662337664,False,False,True,2025_rule_selection
2025-07-29,オリックス,西武,2,3,京セラドーム大阪,0.5685871012214595,1,0.5685871012214595,38,0.47368421052631576,0.5411764705882353,0.47126436781609193,True,False,False,2025_rule_selection
2025-07-29,ロッテ,楽天,1,2,ZOZOマリンスタジアム,0.5552724515788666,1,0.5552724515788666,36,0.5,0.4166666666666667,0.47619047619047616,False,False,False,2025_rule_selection
2025-07-29,中日,巨人,8,5,ナゴヤドーム,0.5433520392054907,0,0.4566479607945093,36,0.6111111111111112,0.43373493975903615,0.49411764705882355,True,False,False,2025_rule_selection
2025-07-29,日本ハム,ソフトバンク,2,5,エスコンF,0.5354595072548989,0,0.4645404927451011,35,0.5142857142857142,0.6179775280898876,0.6046511627906976,False,False,True,2025_rule_selection
2025-07-29,阪神,広島,1,0,甲子園球場,0.560631341247526,1,0.560631341247526,38,0.6052631578947368,0.6144578313253012,0.43902439024390244,True,True,True,2025_rule_selection
2025-07-31,DeNA,ヤクルト,14,1,横浜スタジアム,0.5402535352485178,0,0.4597464647514822,34,0.3529411764705882,0.4878048780487805,0.38461538461538464,False,False,False,2025_rule_selection
2025-07-31,オリックス,西武,6,2,京セラドーム大阪,0.5723756422201122,1,0.5723756422201122,39,0.46153846153846156,0.5348837209302325,0.4772727272727273,True,False,True,2025_rule_selection
2025-07-31,ロッテ,楽天,5,6,東京ドーム,0.5556229965948333,1,0.5556229965948333,37,0.4864864864864865,0.4117647058823529,0.4823529411764706,False,False,False,2025_rule_selection
2025-07-31,中日,巨人,7,6,ナゴヤドーム,0.5366410566629659,0,0.4633589433370341,37,0.5945945945945945,0.44047619047619047,0.4883720930232558,True,False,False,2025_rule_selection
2025-07-31,日本ハム,ソフトバンク,4,5,エスコンF,0.5467490367739165,0,0.4532509632260835,36,0.5277777777777778,0.6111111111111112,0.6091954022988506,False,False,True,2025_rule_selection
2025-07-31,阪神,広島,3,6,甲子園球場,0.5589829296707401,1,0.5589829296707401,39,0.6153846153846154,0.6190476190476191,0.43373493975903615,True,False,False,2025_rule_selection
2025-08-01,オリックス,日本ハム,4,2,京セラドーム大阪,0.5581601797915675,1,0.5581601797915675,38,0.5,0.5402298850574713,0.6043956043956044,False,False,True,2025_rule_selection
2025-08-01,ソフトバンク,楽天,3,1,PayPayドーム,0.562580331820711,1,0.562580331820711,38,0.5263157894736842,0.6136363636363636,0.4883720930232558,True,True,True,2025_rule_selection
2025-08-01,ヤクルト,阪神,2,3,神宮野球場,0.5711907290486192,1,0.5711907290486192,37,0.40540540540540543,0.379746835443038,0.611764705882353,False,False,False,2025_rule_selection
2025-08-01,巨人,DeNA,2,7,東京ドーム,0.5385598349315052,0,0.46144016506849483,36,0.3055555555555556,0.4827586206896552,0.4939759036144578,True,False,True,2025_rule_selection
2025-08-01,広島,中日,3,1,マツダスタジアム,0.5535414485212943,0,0.4464585514787057,36,0.6111111111111112,0.44047619047619047,0.4470588235294118,True,False,False,2025_rule_selection
2025-08-01,西武,ロッテ,11,2,メットライフドーム,0.5309016911117,0,0.46909830888829995,36,0.6944444444444444,0.47191011235955055,0.4069767441860465,False,False,False,2025_rule_selection
2025-08-02,オリックス,日本ハム,1,7,京セラドーム大阪,0.5562291183303674,1,0.5562291183303674,39,0.5128205128205128,0.5454545454545454,0.5978260869565217,False,False,False,2025_rule_selection
2025-08-02,ソフトバンク,楽天,5,2,PayPayドーム,0.5616254377937813,1,0.5616254377937813,39,0.5384615384615384,0.6179775280898876,0.4827586206896552,True,True,True,2025_rule_selection
2025-08-02,ヤクルト,阪神,1,5,神宮野球場,0.5723233249612327,1,0.5723233249612327,38,0.39473684210526316,0.375,0.6162790697674418,False,False,False,2025_rule_selection
2025-08-02,巨人,DeNA,4,7,東京ドーム,0.5380738557422294,0,0.46192614425777057,37,0.32432432432432434,0.4772727272727273,0.5,True,False,True,2025_rule_selection
2025-08-02,広島,中日,0,6,マツダスタジアム,0.5718350825826038,1,0.5718350825826038,37,0.40540540540540543,0.4470588235294118,0.4418604651162791,True,False,False,2025_rule_selection
2025-08-03,オリックス,日本ハム,0,9,京セラドーム大阪,0.5607332740306432,1,0.5607332740306432,40,0.5,0.5393258426966292,0.6021505376344086,False,False,False,2025_rule_selection
2025-08-03,ソフトバンク,楽天,8,1,PayPayドーム,0.5613235397949851,1,0.5613235397949851,40,0.55,0.6222222222222222,0.4772727272727273,True,True,True,2025_rule_selection
2025-08-03,ヤクルト,阪神,8,1,神宮野球場,0.5738092527815304,1,0.5738092527815304,39,0.38461538461538464,0.37037037037037035,0.6206896551724138,False,False,True,2025_rule_selection
2025-08-03,巨人,DeNA,4,3,東京ドーム,0.5353550651253006,0,0.4646449348746994,38,0.3421052631578947,0.47191011235955055,0.5058823529411764,True,False,False,2025_rule_selection
2025-08-03,広島,中日,2,1,マツダスタジアム,0.556951295190406,1,0.556951295190406,38,0.39473684210526316,0.4418604651162791,0.4482758620689655,False,False,True,2025_rule_selection
2025-08-03,西武,ロッテ,1,2,メットライフドーム,0.5420478749381058,0,0.4579521250618942,37,0.6756756756756757,0.4777777777777778,0.40229885057471265,False,False,True,2025_rule_selection
2025-08-05,DeNA,広島,5,4,横浜スタジアム,0.5532994533202096,0,0.4467005466797904,36,0.5,0.5,0.4482758620689655,False,False,False,2025_rule_selection
2025-08-05,ロッテ,ソフトバンク,6,3,ZOZOマリンスタジアム,0.5503826796802049,0,0.44961732031979507,37,0.6756756756756757,0.4090909090909091,0.6263736263736264,True,False,False,2025_rule_selection
2025-08-05,中日,阪神,2,6,ナゴヤドーム,0.5557843931525626,1,0.5557843931525626,33,0.3939393939393939,0.4431818181818182,0.6136363636363636,False,False,False,2025_rule_selection
2025-08-05,巨人,ヤクルト,5,2,東京ドーム,0.5485155270542083,0,0.45148447294579175,37,0.43243243243243246,0.4777777777777778,0.3780487804878049,False,False,False,2025_rule_selection
2025-08-05,日本ハム,西武,6,1,エスコンF,0.5690304727502005,1,0.5690304727502005,37,0.5945945945945946,0.6063829787234043,0.4725274725274725,True,True,True,2025_rule_selection
2025-08-06,DeNA,広島,5,8,横浜スタジアム,0.5491002324373139,0,0.4508997675626861,37,0.4864864864864865,0.5057471264367817,0.4431818181818182,False,False,True,2025_rule_selection
2025-08-06,ロッテ,ソフトバンク,3,12,ZOZOマリンスタジアム,0.5542767287678906,0,0.4457232712321094,38,0.6578947368421053,0.4157303370786517,0.6195652173913043,True,False,True,2025_rule_selection
2025-08-06,中日,阪神,2,3,ナゴヤドーム,0.5595684220699092,1,0.5595684220699092,34,0.38235294117647056,0.43820224719101125,0.6179775280898876,False,False,False,2025_rule_selection
2025-08-06,巨人,ヤクルト,2,0,東京ドーム,0.5597889573314919,1,0.5597889573314919,38,0.5789473684210527,0.4835164835164835,0.37349397590361444,True,False,True,2025_rule_selection
2025-08-06,日本ハム,西武,4,0,エスコンF,0.5712291143194085,1,0.5712291143194085,38,0.6052631578947368,0.6105263157894737,0.4673913043478261,True,True,True,2025_rule_selection
2025-08-06,楽天,オリックス,2,1,楽天モバイル,0.5356216415388191,0,0.4643783584611809,37,0.6216216216216216,0.47191011235955055,0.5333333333333333,True,False,False,2025_rule_selection
2025-08-07,DeNA,広島,9,5,横浜スタジアム,0.5513184186295459,0,0.4486815813704541,38,0.5,0.5,0.449438202247191,False,False,False,2025_rule_selection
2025-08-07,ロッテ,ソフトバンク,1,2,ZOZOマリンスタジアム,0.5481011909924483,0,0.45189880900755175,39,0.6666666666666667,0.4111111111111111,0.6236559139784946,True,False,True,2025_rule_selection
2025-08-07,中日,阪神,8,3,ナゴヤドーム,0.5542825199506352,0,0.44571748004936484,35,0.6285714285714286,0.43333333333333335,0.6222222222222222,True,False,False,2025_rule_selection
2025-08-07,巨人,ヤクルト,2,3,東京ドーム,0.5661828060054994,1,0.5661828060054994,39,0.5897435897435898,0.4891304347826087,0.36904761904761907,True,True,False,2025_rule_selection
2025-08-07,日本ハム,西武,0,2,エスコンF,0.5729881421492691,1,0.5729881421492691,39,0.6153846153846154,0.6145833333333334,0.46236559139784944,True,True,False,2025_rule_selection
2025-08-07,楽天,オリックス,7,3,楽天モバイル,0.5359886114056372,0,0.46401138859436275,38,0.6052631578947368,0.4777777777777778,0.5274725274725275,True,False,False,2025_rule_selection
2025-08-08,DeNA,巨人,2,12,横浜スタジアム,0.5373579614365486,0,0.46264203856345143,39,0.6666666666666667,0.5056179775280899,0.4838709677419355,False,False,True,2025_rule_selection
2025-08-08,中日,広島,2,3,ナゴヤドーム,0.5551659398106784,1,0.5551659398106784,39,0.5897435897435898,0.43956043956043955,0.4444444444444444,False,False,False,2025_rule_selection
2025-08-08,阪神,ヤクルト,1,3,京セラドーム大阪,0.5637193588224622,1,0.5637193588224622,40,0.6,0.6153846153846154,0.3764705882352941,True,True,False,2025_rule_selection
2025-08-09,DeNA,巨人,3,4,横浜スタジアム,0.5309309265927491,0,0.4690690734072509,40,0.675,0.5,0.48936170212765956,False,False,True,2025_rule_selection
2025-08-09,ソフトバンク,日本ハム,4,1,PayPayドーム,0.5744090066697353,1,0.5744090066697353,37,0.5405405405405406,0.6276595744680851,0.6082474226804123,True,True,True,2025_rule_selection
2025-08-09,ロッテ,オリックス,2,3,ZOZOマリンスタジアム,0.5550497298474125,1,0.5550497298474125,37,0.5405405405405406,0.4065934065934066,0.5217391304347826,False,False,False,2025_rule_selection
2025-08-09,中日,広島,2,0,ナゴヤドーム,0.5596683619869622,1,0.5596683619869622,40,0.575,0.43478260869565216,0.45054945054945056,False,False,True,2025_rule_selection
2025-08-09,西武,楽天,9,4,メットライフドーム,0.5284562507072886,0,0.47154374929271137,36,0.6111111111111112,0.46808510638297873,0.4835164835164835,True,False,False,2025_rule_selection
2025-08-09,阪神,ヤクルト,6,2,京セラドーム大阪,0.5646263961465796,1,0.5646263961465796,41,0.5853658536585366,0.6086956521739131,0.38372093023255816,True,True,True,2025_rule_selection
2025-08-10,ソフトバンク,日本ハム,1,0,PayPayドーム,0.5730044568935356,1,0.5730044568935356,38,0.5526315789473685,0.631578947368421,0.6020408163265306,True,True,True,2025_rule_selection
2025-08-10,中日,広島,5,6,ナゴヤドーム,0.5603669113574697,1,0.5603669113574697,41,0.5853658536585366,0.44086021505376344,0.44565217391304346,False,False,False,2025_rule_selection
2025-08-10,西武,楽天,4,9,メットライフドーム,0.5289715388044566,0,0.4710284611955434,37,0.5945945945945945,0.47368421052631576,0.4782608695652174,True,False,True,2025_rule_selection
2025-08-10,阪神,ヤクルト,5,2,京セラドーム大阪,0.5651064984446076,1,0.5651064984446076,42,0.5952380952380952,0.6129032258064516,0.3793103448275862,True,True,True,2025_rule_selection
2025-08-11,ソフトバンク,日本ハム,3,1,PayPayドーム,0.5691326905020966,1,0.5691326905020966,39,0.5641025641025641,0.6354166666666666,0.5959595959595959,True,True,True,2025_rule_selection
2025-08-11,ヤクルト,DeNA,9,4,神宮野球場,0.5375460248603211,0,0.4624539751396789,35,0.6571428571428571,0.375,0.4945054945054945,True,False,False,2025_rule_selection
2025-08-11,ロッテ,オリックス,3,5,ZOZOマリンスタジアム,0.5527717462205016,0,0.4472282537794984,38,0.4736842105263158,0.40217391304347827,0.5268817204301075,True,False,True,2025_rule_selection
2025-08-11,巨人,中日,0,2,東京ドーム,0.5544383358192024,0,0.44556166418079757,38,0.42105263157894735,0.49473684210526314,0.43617021276595747,False,False,True,2025_rule_selection
2025-08-11,西武,楽天,5,4,メットライフドーム,0.5303601007140324,0,0.4696398992859676,38,0.6052631578947368,0.46875,0.4838709677419355,True,False,False,2025_rule_selection
2025-08-12,ヤクルト,DeNA,3,1,神宮野球場,0.5379370876848787,0,0.4620629123151213,36,0.6388888888888888,0.38202247191011235,0.4891304347826087,True,False,False,2025_rule_selection
2025-08-12,巨人,中日,5,0,東京ドーム,0.5636692256722751,1,0.5636692256722751,39,0.5641025641025641,0.4895833333333333,0.4421052631578947,True,True,True,2025_rule_selection
2025-08-12,広島,阪神,9,2,マツダスタジアム,0.5717567291449792,1,0.5717567291449792,40,0.4,0.45161290322580644,0.6170212765957447,False,False,True,2025_rule_selection
2025-08-16,オリックス,西武,0,1,京セラドーム大阪,0.5681809295546388,1,0.5681809295546388,40,0.475,0.5319148936170213,0.4742268041237113,True,False,False,2025_rule_selection
2025-08-16,ソフトバンク,ロッテ,2,7,PayPayドーム,0.5622019603096245,1,0.5622019603096245,40,0.675,0.6391752577319587,0.3978494623655914,True,True,False,2025_rule_selection
2025-08-16,中日,DeNA,0,6,ナゴヤドーム,0.5357711752066884,0,0.4642288247933116,39,0.641025641025641,0.4375,0.4838709677419355,True,False,True,2025_rule_selection
2025-08-16,巨人,阪神,0,3,東京ドーム,0.5660324446043541,1,0.5660324446043541,41,0.4146341463414634,0.4948453608247423,0.6105263157894737,False,False,False,2025_rule_selection
2025-08-16,広島,ヤクルト,5,3,マツダスタジアム,0.5634098589149026,1,0.5634098589149026,35,0.5428571428571428,0.4574468085106383,0.3888888888888889,True,True,True,2025_rule_selection
2025-08-16,楽天,日本ハム,5,9,楽天モバイル,0.5520380869954487,0,0.44796191300455135,37,0.6486486486486487,0.4787234042553192,0.59,True,False,True,2025_rule_selection
2025-08-17,オリックス,西武,7,6,京セラドーム大阪,0.5709722458752948,1,0.5709722458752948,41,0.4634146341463415,0.5263157894736842,0.47959183673469385,True,False,True,2025_rule_selection
2025-08-17,ソフトバンク,ロッテ,1,0,PayPayドーム,0.5639048162765858,1,0.5639048162765858,41,0.6585365853658537,0.6326530612244898,0.40425531914893614,True,True,True,2025_rule_selection
2025-08-17,中日,DeNA,4,5,ナゴヤドーム,0.5343125745349031,0,0.4656874254650969,40,0.65,0.4329896907216495,0.48936170212765956,True,False,True,2025_rule_selection
2025-08-17,巨人,阪神,1,3,東京ドーム,0.5631328088434938,1,0.5631328088434938,42,0.40476190476190477,0.4897959183673469,0.6145833333333334,False,False,False,2025_rule_selection
2025-08-17,広島,ヤクルト,2,7,マツダスタジアム,0.5588716383980988,1,0.5588716383980988,36,0.5555555555555556,0.4631578947368421,0.38461538461538464,True,False,False,2025_rule_selection
2025-08-17,楽天,日本ハム,5,7,楽天モバイル,0.553952621529682,0,0.44604737847031795,38,0.6578947368421053,0.47368421052631576,0.594059405940594,True,False,True,2025_rule_selection
2025-08-19,DeNA,広島,1,3,横浜スタジアム,0.5442085829857164,0,0.4557914170142836,39,0.4871794871794872,0.49473684210526314,0.4583333333333333,False,False,True,2025_rule_selection
2025-08-19,ソフトバンク,西武,5,2,PayPayドーム,0.5759735854242323,1,0.5759735854242323,43,0.6511627906976745,0.6363636363636364,0.47474747474747475,True,True,True,2025_rule_selection
2025-08-19,ヤクルト,巨人,2,15,神宮野球場,0.5491052008791529,0,0.45089479912084707,40,0.575,0.391304347826087,0.48484848484848486,True,False,True,2025_rule_selection
2025-08-19,ロッテ,楽天,3,4,ZOZOマリンスタジアム,0.5493919630517557,0,0.45060803694824425,38,0.5263157894736843,0.4,0.46875,True,False,True,2025_rule_selection
2025-08-19,日本ハム,オリックス,6,5,エスコンF,0.5622680527288917,1,0.5622680527288917,41,0.5121951219512195,0.5980392156862745,0.53125,True,True,True,2025_rule_selection
2025-08-19,阪神,中日,5,4,京セラドーム大阪,0.555045354224803,1,0.555045354224803,36,0.6111111111111112,0.6185567010309279,0.42857142857142855,True,False,True,2025_rule_selection
2025-08-20,DeNA,広島,7,4,横浜スタジアム,0.5517591190064912,0,0.4482408809935088,40,0.5,0.4895833333333333,0.4639175257731959,False,False,False,2025_rule_selection
2025-08-20,ソフトバンク,西武,5,4,PayPayドーム,0.5748546539661656,1,0.5748546539661656,44,0.6590909090909091,0.64,0.47,True,True,True,2025_rule_selection
2025-08-20,ヤクルト,巨人,7,2,神宮野球場,0.5456116470696104,0,0.4543883529303896,41,0.5853658536585367,0.3870967741935484,0.49,True,False,False,2025_rule_selection
2025-08-20,ロッテ,楽天,5,3,ZOZOマリンスタジアム,0.5513416112286577,0,0.44865838877134234,39,0.5384615384615384,0.3958333333333333,0.4742268041237113,True,False,False,2025_rule_selection
2025-08-20,日本ハム,オリックス,6,5,エスコンF,0.556188040898462,1,0.556188040898462,42,0.5238095238095238,0.6019417475728155,0.5257731958762887,True,False,True,2025_rule_selection
2025-08-20,阪神,中日,1,2,京セラドーム大阪,0.552978941036931,0,0.447021058963069,37,0.3783783783783784,0.6224489795918368,0.42424242424242425,False,False,True,2025_rule_selection
2025-08-21,DeNA,広島,2,5,横浜スタジアム,0.5512482231053392,0,0.44875177689466084,41,0.4878048780487805,0.4948453608247423,0.45918367346938777,False,False,True,2025_rule_selection
2025-08-21,ヤクルト,巨人,1,7,神宮野球場,0.5443938645430697,0,0.4556061354569303,42,0.5714285714285714,0.39361702127659576,0.48514851485148514,True,False,True,2025_rule_selection
2025-08-21,ロッテ,楽天,12,10,ZOZOマリンスタジアム,0.5403377503080574,0,0.4596622496919426,40,0.525,0.4020618556701031,0.46938775510204084,True,False,False,2025_rule_selection
2025-08-21,日本ハム,オリックス,0,10,エスコンF,0.5538031434562053,0,0.4461968565437947,43,0.4651162790697675,0.6057692307692307,0.5204081632653061,False,False,True,2025_rule_selection
2025-08-22,ヤクルト,阪神,1,3,神宮野球場,0.5713988581989438,1,0.5713988581989438,43,0.3953488372093023,0.3894736842105263,0.6161616161616161,False,False,False,2025_rule_selection
2025-08-22,ロッテ,西武,0,3,ZOZOマリンスタジアム,0.5785600500032188,1,0.5785600500032188,38,0.6842105263157895,0.40816326530612246,0.46534653465346537,False,False,False,2025_rule_selection
2025-08-22,巨人,DeNA,8,1,東京ドーム,0.5356582840415383,0,0.46434171595846174,41,0.31707317073170727,0.49019607843137253,0.4897959183673469,False,False,False,2025_rule_selection
2025-08-22,広島,中日,4,6,マツダスタジアム,0.5608607494824321,1,0.5608607494824321,42,0.42857142857142855,0.46464646464646464,0.43,True,False,False,2025_rule_selection
2025-08-22,日本ハム,ソフトバンク,4,3,エスコンF,0.5559910514235159,1,0.5559910514235159,40,0.425,0.6,0.6435643564356436,False,False,True,2025_rule_selection
2025-08-22,楽天,オリックス,3,2,楽天モバイル,0.5342269052889113,0,0.46577309471108874,39,0.5897435897435898,0.46464646464646464,0.5252525252525253,True,False,False,2025_rule_selection
2025-08-23,ロッテ,西武,0,2,ZOZOマリンスタジアム,0.5818268521238769,1,0.5818268521238769,39,0.6666666666666666,0.40404040404040403,0.47058823529411764,False,False,False,2025_rule_selection
2025-08-23,巨人,DeNA,4,1,東京ドーム,0.5453578503217993,0,0.4546421496782007,42,0.30952380952380953,0.49514563106796117,0.48484848484848486,False,False,False,2025_rule_selection
2025-08-23,広島,中日,2,5,マツダスタジアム,0.5737848678799489,1,0.5737848678799489,43,0.4186046511627907,0.46,0.43564356435643564,True,False,False,2025_rule_selection
2025-08-23,日本ハム,ソフトバンク,8,3,エスコンF,0.5490301333817287,0,0.4509698666182713,41,0.5609756097560976,0.6037735849056604,0.6372549019607843,True,False,False,2025_rule_selection
2025-08-23,楽天,オリックス,6,8,楽天モバイル,0.53691924324105,0,0.46308075675895,40,0.575,0.47,0.52,True,False,True,2025_rule_selection
2025-08-24,ヤクルト,阪神,1,8,神宮野球場,0.5717789378614682,1,0.5717789378614682,44,0.38636363636363635,0.3854166666666667,0.62,False,False,False,2025_rule_selection
2025-08-24,ロッテ,西武,2,0,ZOZOマリンスタジアム,0.5779966242000187,1,0.5779966242000187,40,0.65,0.4,0.47572815533980584,False,False,True,2025_rule_selection
2025-08-24,巨人,DeNA,2,4,東京ドーム,0.5542705705265573,0,0.44572942947344274,43,0.3023255813953488,0.5,0.48,False,False,True,2025_rule_selection
2025-08-24,広島,中日,5,4,マツダスタジアム,0.5581075464875528,1,0.5581075464875528,44,0.4090909090909091,0.45544554455445546,0.4411764705882353,True,False,True,2025_rule_selection
2025-08-24,日本ハム,ソフトバンク,1,0,エスコンF,0.5481532197235987,0,0.45184678027640135,42,0.5476190476190477,0.6074766355140186,0.6310679611650486,True,False,False,2025_rule_selection
2025-08-24,楽天,オリックス,2,3,楽天モバイル,0.5363649429007092,0,0.46363505709929076,41,0.5853658536585367,0.46534653465346537,0.5247524752475248,True,False,True,2025_rule_selection
2025-08-26,DeNA,阪神,2,3,横浜スタジアム,0.546432581217197,0,0.45356741878280304,35,0.6,0.48514851485148514,0.6237623762376238,True,False,True,2025_rule_selection
2025-08-26,オリックス,ロッテ,6,5,京セラドーム大阪,0.5536593244595629,0,0.4463406755404371,39,0.5128205128205128,0.5294117647058824,0.40594059405940597,False,False,False,2025_rule_selection
2025-08-26,中日,ヤクルト,0,2,ナゴヤドーム,0.5668900035285932,1,0.5668900035285932,38,0.5,0.4368932038834951,0.38144329896907214,True,True,False,2025_rule_selection
2025-08-26,広島,巨人,4,1,マツダスタジアム,0.5444531917002214,0,0.45554680829977856,37,0.5405405405405406,0.46078431372549017,0.49523809523809526,True,False,False,2025_rule_selection
2025-08-26,楽天,ソフトバンク,10,3,弘前はるか夢球場,0.5472415676921762,0,0.45275843230782375,41,0.5609756097560976,0.46078431372549017,0.625,True,False,False,2025_rule_selection
2025-08-27,DeNA,阪神,1,2,横浜スタジアム,0.541436245350686,0,0.458563754649314,36,0.6111111111111112,0.4803921568627451,0.6274509803921569,True,False,True,2025_rule_selection
2025-08-27,オリックス,ロッテ,1,6,ほっともっとフィールド神戸,0.5596110469371397,1,0.5596110469371397,40,0.5,0.5339805825242718,0.4019607843137255,True,False,False,2025_rule_selection
2025-08-27,中日,ヤクルト,3,0,ナゴヤドーム,0.5608796377958263,1,0.5608796377958263,39,0.48717948717948717,0.4326923076923077,0.3877551020408163,True,False,True,2025_rule_selection
2025-08-27,広島,巨人,3,2,マツダスタジアム,0.5437316629245794,0,0.4562683370754206,38,0.5263157894736843,0.46601941747572817,0.49056603773584906,True,False,False,2025_rule_selection
2025-08-27,楽天,ソフトバンク,1,3,秋田こまちスタジアム,0.5458697246850778,0,0.4541302753149222,42,0.5476190476190477,0.46601941747572817,0.6190476190476191,True,False,True,2025_rule_selection
2025-08-27,西武,日本ハム,3,2,メットライフドーム,0.5471758478794432,0,0.4528241521205568,40,0.6,0.47115384615384615,0.6111111111111112,True,False,False,2025_rule_selection
2025-08-28,DeNA,阪神,5,4,横浜スタジアム,0.5429246841182821,0,0.4570753158817179,37,0.6216216216216216,0.47572815533980584,0.6310679611650486,True,False,False,2025_rule_selection
2025-08-28,中日,ヤクルト,4,3,ナゴヤドーム,0.5675455844419061,1,0.5675455844419061,40,0.5,0.4380952380952381,0.3838383838383838,True,True,True,2025_rule_selection
2025-08-28,広島,巨人,8,3,マツダスタジアム,0.5523274698925641,0,0.4476725301074359,39,0.5128205128205128,0.47115384615384615,0.48598130841121495,True,False,False,2025_rule_selection
2025-08-29,DeNA,中日,8,9,横浜スタジアム,0.5546167688117742,0,0.44538323118822576,41,0.3414634146341463,0.4807692307692308,0.44339622641509435,False,False,True,2025_rule_selection
2025-08-29,ヤクルト,広島,2,4,神宮野球場,0.5547880602773779,0,0.4452119397226221,37,0.5405405405405406,0.38,0.47619047619047616,True,False,True,2025_rule_selection
2025-08-29,ロッテ,ソフトバンク,1,3,ZOZOマリンスタジアム,0.5549171633930791,0,0.44508283660692094,42,0.6666666666666667,0.4077669902912621,0.6226415094339622,True,False,True,2025_rule_selection
2025-08-29,日本ハム,楽天,5,0,エスコンF,0.5471917773685461,0,0.4528082226314539,39,0.33333333333333337,0.6055045871559633,0.46153846153846156,False,False,False,2025_rule_selection
2025-08-29,西武,オリックス,1,8,メットライフドーム,0.5413576482485982,0,0.4586423517514018,42,0.47619047619047616,0.47619047619047616,0.5288461538461539,True,False,True,2025_rule_selection
2025-08-29,阪神,巨人,3,4,甲子園球場,0.5523447754474865,0,0.4476552245525135,43,0.39534883720930236,0.625,0.48148148148148145,False,False,True,2025_rule_selection
2025-08-30,DeNA,中日,7,9,横浜スタジアム,0.5576432718382213,1,0.5576432718382213,42,0.6428571428571429,0.47619047619047616,0.4485981308411215,True,False,False,2025_rule_selection
2025-08-30,ヤクルト,広島,5,4,神宮野球場,0.5530519122741356,0,0.44694808772586436,38,0.5526315789473684,0.37623762376237624,0.4811320754716981,True,False,False,2025_rule_selection
2025-08-30,ロッテ,ソフトバンク,6,4,ZOZOマリンスタジアム,0.5594677669162578,1,0.5594677669162578,43,0.32558139534883723,0.40384615384615385,0.6261682242990654,False,False,True,2025_rule_selection
2025-08-30,日本ハム,楽天,2,6,エスコンF,0.5484849832767875,0,0.4515150167232125,40,0.32499999999999996,0.6090909090909091,0.45714285714285713,False,False,True,2025_rule_selection
2025-08-30,西武,オリックス,1,7,メットライフドーム,0.5443000120229484,0,0.4556999879770516,43,0.4883720930232558,0.4716981132075472,0.5333333333333333,True,False,True,2025_rule_selection
2025-08-30,阪神,巨人,3,2,甲子園球場,0.5513701596266736,0,0.4486298403733264,44,0.40909090909090906,0.6190476190476191,0.48623853211009177,False,False,False,2025_rule_selection
2025-08-31,DeNA,中日,2,0,横浜スタジアム,0.5518171169609716,0,0.4481828830390284,43,0.37209302325581395,0.4716981132075472,0.4537037037037037,False,False,False,2025_rule_selection
2025-08-31,ヤクルト,広島,7,4,神宮野球場,0.5585767840504031,1,0.5585767840504031,39,0.46153846153846156,0.38235294117647056,0.4766355140186916,False,False,True,2025_rule_selection
2025-08-31,ロッテ,ソフトバンク,4,3,ZOZOマリンスタジアム,0.5591512412608635,1,0.5591512412608635,44,0.3409090909090909,0.4095238095238095,0.6203703703703703,False,False,True,2025_rule_selection
2025-08-31,日本ハム,楽天,0,1,エスコンF,0.5422889135140134,0,0.4577110864859866,41,0.3414634146341463,0.6036036036036037,0.46226415094339623,False,False,True,2025_rule_selection
2025-08-31,西武,オリックス,1,4,メットライフドーム,0.5480203081011549,0,0.4519796918988451,44,0.5,0.4672897196261682,0.5377358490566038,True,False,True,2025_rule_selection
2025-08-31,阪神,巨人,5,4,甲子園球場,0.5464878281027797,0,0.45351217189722026,45,0.4,0.6226415094339622,0.4818181818181818,False,False,False,2025_rule_selection
2025-09-02,ソフトバンク,オリックス,2,1,PayPayドーム,0.5575294399823354,1,0.5575294399823354,35,0.7428571428571429,0.6146788990825688,0.5420560747663551,True,False,True,2025_rule_selection
2025-09-02,ロッテ,日本ハム,6,8,ZOZOマリンスタジアム,0.5568344639343277,1,0.5568344639343277,38,0.2894736842105263,0.41509433962264153,0.5982142857142857,False,False,False,2025_rule_selection
2025-09-02,中日,阪神,3,5,ナゴヤドーム,0.5502583438117935,0,0.4497416561882065,38,0.6052631578947368,0.44954128440366975,0.6261682242990654,True,False,True,2025_rule_selection
2025-09-02,巨人,ヤクルト,4,1,京セラドーム大阪,0.5794737104396468,1,0.5794737104396468,43,0.5813953488372093,0.4774774774774775,0.3883495145631068,True,True,True,2025_rule_selection
2025-09-02,広島,DeNA,5,8,マツダスタジアム,0.5471585986172333,0,0.45284140138276674,42,0.5,0.4722222222222222,0.4766355140186916,True,False,True,2025_rule_selection
2025-09-02,楽天,西武,0,2,楽天モバイル,0.5592807877548651,1,0.5592807877548651,39,0.5897435897435898,0.4672897196261682,0.46296296296296297,True,False,False,2025_rule_selection
2025-09-03,ソフトバンク,オリックス,7,1,PayPayドーム,0.5515636663453698,0,0.4484363336546302,36,0.25,0.6181818181818182,0.5370370370370371,False,False,False,2025_rule_selection
2025-09-03,ロッテ,日本ハム,2,1,ZOZOマリンスタジアム,0.5619397849556431,1,0.5619397849556431,39,0.28205128205128205,0.411214953271028,0.6017699115044248,False,False,True,2025_rule_selection
2025-09-03,中日,阪神,5,2,ナゴヤドーム,0.5589763050446573,1,0.5589763050446573,39,0.38461538461538464,0.44545454545454544,0.6296296296296297,False,False,True,2025_rule_selection
2025-09-03,巨人,ヤクルト,5,3,京セラドーム大阪,0.5727140384002556,1,0.5727140384002556,44,0.5909090909090909,0.48214285714285715,0.38461538461538464,True,True,True,2025_rule_selection
2025-09-03,広島,DeNA,2,1,マツダスタジアム,0.5430999692440395,0,0.45690003075596053,43,0.5116279069767442,0.46788990825688076,0.48148148148148145,True,False,False,2025_rule_selection
2025-09-03,楽天,西武,6,11,楽天モバイル,0.5598273293018641,1,0.5598273293018641,40,0.575,0.46296296296296297,0.46788990825688076,False,False,False,2025_rule_selection
2025-09-04,ソフトバンク,オリックス,8,0,PayPayドーム,0.557091536478001,1,0.557091536478001,37,0.7567567567567568,0.6216216216216216,0.5321100917431193,True,False,True,2025_rule_selection
2025-09-04,ロッテ,日本ハム,2,9,ZOZOマリンスタジアム,0.5547989070658151,0,0.44520109293418486,40,0.7,0.4166666666666667,0.5964912280701754,True,False,True,2025_rule_selection
2025-09-04,中日,阪神,5,7,ナゴヤドーム,0.5578552671607073,1,0.5578552671607073,40,0.4,0.45045045045045046,0.6238532110091743,False,False,False,2025_rule_selection
2025-09-04,巨人,ヤクルト,1,12,岐阜,0.5387678267686594,0,0.4612321732313406,45,0.4,0.48672566371681414,0.38095238095238093,False,False,True,2025_rule_selection
2025-09-04,広島,DeNA,0,1,マツダスタジアム,0.5400223499001241,0,0.4599776500998759,44,0.5,0.4727272727272727,0.47706422018348627,True,False,True,2025_rule_selection
2025-09-05,DeNA,ヤクルト,7,6,横浜スタジアム,0.5388464862496831,0,0.4611535137503169,37,0.3783783783783784,0.4818181818181818,0.3867924528301887,False,False,False,2025_rule_selection
2025-09-05,オリックス,日本ハム,2,0,京セラドーム大阪,0.5542844153273252,0,0.4457155846726748,44,0.5227272727272727,0.5272727272727272,0.6,True,False,False,2025_rule_selection
2025-09-05,ソフトバンク,楽天,11,0,PayPayドーム,0.5515546739844601,0,0.4484453260155399,43,0.4418604651162791,0.625,0.45871559633027525,False,False,False,2025_rule_selection
2025-09-05,中日,巨人,1,0,ナゴヤドーム,0.5400859488493538,0,0.4599140511506462,40,0.575,0.44642857142857145,0.4824561403508772,True,False,False,2025_rule_selection
2025-09-05,西武,ロッテ,5,3,メットライフドーム,0.5253819881790344,0,0.47461801182096564,41,0.6585365853658536,0.4727272727272727,0.41284403669724773,False,False,False,2025_rule_selection
2025-09-05,阪神,広島,6,1,甲子園球場,0.5460540289074362,0,0.45394597109256385,41,0.41463414634146345,0.6272727272727273,0.46846846846846846,False,False,False,2025_rule_selection
2025-09-06,DeNA,ヤクルト,2,3,横浜スタジアム,0.5447432361880733,0,0.4552567638119267,38,0.368421052631579,0.4864864864864865,0.38317757009345793,False,False,True,2025_rule_selection
2025-09-06,オリックス,日本ハム,3,1,京セラドーム大阪,0.5538341207511287,0,0.4461658792488713,45,0.5111111111111111,0.5315315315315315,0.5948275862068966,True,False,False,2025_rule_selection
2025-09-06,ソフトバンク,楽天,2,1,PayPayドーム,0.5549020954462012,0,0.44509790455379883,44,0.43181818181818177,0.6283185840707964,0.45454545454545453,False,False,False,2025_rule_selection
2025-09-06,中日,巨人,4,5,ナゴヤドーム,0.5454922058936983,0,0.4545077941063017,41,0.5609756097560976,0.45132743362831856,0.4782608695652174,True,False,True,2025_rule_selection
2025-09-06,西武,ロッテ,4,0,メットライフドーム,0.5275214853294573,0,0.4724785146705427,42,0.6428571428571428,0.4774774774774775,0.4090909090909091,False,False,False,2025_rule_selection
2025-09-06,阪神,広島,4,1,甲子園球場,0.5570128618619425,1,0.5570128618619425,42,0.5952380952380952,0.6306306306306306,0.4642857142857143,True,False,True,2025_rule_selection
2025-09-07,DeNA,ヤクルト,3,2,横浜スタジアム,0.5398895294201986,0,0.46011047057980137,39,0.3846153846153846,0.48214285714285715,0.3888888888888889,False,False,False,2025_rule_selection
2025-09-07,オリックス,日本ハム,3,2,京セラドーム大阪,0.5438317207560397,0,0.4561682792439603,46,0.5,0.5357142857142857,0.5897435897435898,True,False,False,2025_rule_selection
2025-09-07,ソフトバンク,楽天,2,4,PayPayドーム,0.5561508539784985,1,0.5561508539784985,45,0.5777777777777777,0.631578947368421,0.45045045045045046,True,False,False,2025_rule_selection
2025-09-07,中日,巨人,3,6,ナゴヤドーム,0.5375187645728682,0,0.4624812354271318,42,0.5714285714285714,0.4473684210526316,0.4827586206896552,True,False,True,2025_rule_selection
2025-09-07,西武,ロッテ,2,4,メットライフドーム,0.5360447868262086,0,0.4639552131737914,43,0.627906976744186,0.48214285714285715,0.40540540540540543,False,False,True,2025_rule_selection
2025-09-07,阪神,広島,2,0,甲子園球場,0.5550351689317463,1,0.5550351689317463,43,0.6046511627906976,0.6339285714285714,0.46017699115044247,True,False,True,2025_rule_selection
2025-09-08,ロッテ,オリックス,4,2,ZOZOマリンスタジアム,0.5596631163281793,1,0.5596631163281793,41,0.5121951219512195,0.4107142857142857,0.5398230088495575,False,False,True,2025_rule_selection
2025-09-09,ヤクルト,中日,3,2,神宮野球場,0.561674862852031,1,0.561674862852031,41,0.4878048780487805,0.3853211009174312,0.4434782608695652,False,False,True,2025_rule_selection
2025-09-09,ロッテ,オリックス,3,7,ZOZOマリンスタジアム,0.5607106671763871,1,0.5607106671763871,42,0.5238095238095238,0.415929203539823,0.5350877192982456,False,False,False,2025_rule_selection
2025-09-09,巨人,広島,6,4,東京ドーム,0.5493293325986015,0,0.4506706674013985,40,0.5,0.48717948717948717,0.45614035087719296,False,False,False,2025_rule_selection
2025-09-09,日本ハム,ソフトバンク,7,4,エスコンF,0.5354955716729479,0,0.4645044283270521,43,0.5348837209302326,0.5847457627118644,0.6260869565217392,True,False,False,2025_rule_selection
2025-09-09,楽天,西武,6,5,楽天モバイル,0.549726879517942,0,0.45027312048205803,41,0.4390243902439024,0.45535714285714285,0.4778761061946903,True,False,False,2025_rule_selection
2025-09-09,阪神,DeNA,0,3,甲子園球場,0.5388325647526885,0,0.4611674352473115,38,0.39473684210526316,0.6371681415929203,0.48672566371681414,False,False,True,2025_rule_selection
2025-09-10,ヤクルト,中日,3,6,神宮野球場,0.5648656887695019,1,0.5648656887695019,42,0.5,0.39090909090909093,0.4396551724137931,False,False,False,2025_rule_selection
2025-09-10,巨人,広島,4,3,東京ドーム,0.5577661992972074,1,0.5577661992972074,41,0.5121951219512195,0.4915254237288136,0.45217391304347826,True,False,True,2025_rule_selection
2025-09-10,阪神,DeNA,1,6,甲子園球場,0.5400880609712604,0,0.4599119390287396,39,0.41025641025641024,0.631578947368421,0.49122807017543857,False,False,True,2025_rule_selection
2025-09-11,ヤクルト,中日,6,5,神宮野球場,0.5628513812528135,1,0.5628513812528135,43,0.4883720930232558,0.38738738738738737,0.4444444444444444,False,False,True,2025_rule_selection
2025-09-11,ロッテ,ソフトバンク,9,1,ZOZOマリンスタジアム,0.5548095341735166,0,0.44519046582648336,45,0.6444444444444444,0.41228070175438597,0.6206896551724138,True,False,False,2025_rule_selection
2025-09-11,巨人,広島,2,3,東京ドーム,0.5590720403766447,1,0.5590720403766447,42,0.5238095238095238,0.4957983193277311,0.4482758620689655,True,False,False,2025_rule_selection
2025-09-11,日本ハム,オリックス,10,4,エスコンF,0.5623868969051837,1,0.5623868969051837,47,0.48936170212765956,0.5882352941176471,0.5391304347826087,True,False,True,2025_rule_selection
2025-09-11,阪神,DeNA,2,0,甲子園球場,0.5424279948286019,0,0.45757200517139807,40,0.42500000000000004,0.6260869565217392,0.4956521739130435,False,False,False,2025_rule_selection
2025-09-12,ヤクルト,DeNA,2,10,神宮野球場,0.5343851575595374,0,0.4656148424404626,40,0.625,0.39285714285714285,0.49137931034482757,True,False,True,2025_rule_selection
2025-09-12,広島,中日,9,0,マツダスタジアム,0.5591762953303264,1,0.5591762953303264,45,0.4222222222222222,0.452991452991453,0.4406779661016949,True,False,True,2025_rule_selection
2025-09-12,日本ハム,西武,3,7,エスコンF,0.5710087260039495,1,0.5710087260039495,41,0.5853658536585366,0.5916666666666667,0.47368421052631576,True,True,False,2025_rule_selection
2025-09-12,楽天,ロッテ,6,3,楽天モバイル,0.5278956958374034,0,0.47210430416259663,41,0.4878048780487805,0.46017699115044247,0.41739130434782606,False,False,False,2025_rule_selection
2025-09-13,オリックス,ソフトバンク,1,2,京セラドーム大阪,0.5361813607294744,0,0.4638186392705256,38,0.7631578947368421,0.5344827586206896,0.6153846153846154,True,False,True,2025_rule_selection
2025-09-13,ヤクルト,DeNA,2,6,神宮野球場,0.542013698284541,0,0.45798630171545895,41,0.6341463414634146,0.3893805309734513,0.49572649572649574,True,False,True,2025_rule_selection
2025-09-13,巨人,阪神,11,10,東京ドーム,0.5647143781012611,1,0.5647143781012611,46,0.391304347826087,0.49166666666666664,0.6293103448275862,False,False,True,2025_rule_selection
2025-09-13,広島,中日,5,0,マツダスタジアム,0.5601603695449952,1,0.5601603695449952,46,0.43478260869565216,0.4576271186440678,0.4369747899159664,True,False,True,2025_rule_selection
2025-09-13,日本ハム,西武,5,4,エスコンF,0.5724509686352959,1,0.5724509686352959,42,0.5714285714285714,0.5867768595041323,0.4782608695652174,True,True,True,2025_rule_selection
2025-09-13,楽天,ロッテ,4,6,楽天モバイル,0.5239304194776399,0,0.47606958052236015,42,0.47619047619047616,0.4649122807017544,0.41379310344827586,False,False,True,2025_rule_selection
2025-09-14,DeNA,巨人,9,7,横浜スタジアム,0.5210324962072299,0,0.4789675037927701,44,0.6818181818181819,0.5,0.49586776859504134,False,False,False,2025_rule_selection
2025-09-14,オリックス,ソフトバンク,3,4,京セラドーム大阪,0.5390875267875906,0,0.46091247321240936,39,0.7692307692307692,0.5299145299145299,0.6186440677966102,True,False,True,2025_rule_selection
2025-09-14,広島,ヤクルト,6,8,マツダスタジアム,0.5580612498818759,1,0.5580612498818759,40,0.525,0.46218487394957986,0.38596491228070173,True,False,False,2025_rule_selection
2025-09-14,日本ハム,西武,4,3,エスコンF,0.5704191269077333,1,0.5704191269077333,43,0.5813953488372093,0.5901639344262295,0.47413793103448276,True,True,True,2025_rule_selection
2025-09-14,楽天,ロッテ,5,1,楽天モバイル,0.5318106182075434,0,0.4681893817924566,43,0.4883720930232558,0.4608695652173913,0.4188034188034188,False,False,False,2025_rule_selection
2025-09-14,阪神,中日,0,1,甲子園球場,0.5562635355749793,1,0.5562635355749793,41,0.6097560975609756,0.6239316239316239,0.43333333333333335,True,False,False,2025_rule_selection
2025-09-15,DeNA,巨人,3,0,横浜スタジアム,0.5235101855505212,0,0.4764898144494788,45,0.6666666666666667,0.5042016806722689,0.4918032786885246,False,False,False,2025_rule_selection
2025-09-15,オリックス,ソフトバンク,0,5,京セラドーム大阪,0.5381939739789376,0,0.46180602602106235,40,0.775,0.5254237288135594,0.6218487394957983,True,False,True,2025_rule_selection
2025-09-15,広島,ヤクルト,6,2,マツダスタジアム,0.5593953740424359,1,0.5593953740424359,41,0.5121951219512195,0.4583333333333333,0.391304347826087,True,False,True,2025_rule_selection
2025-09-15,日本ハム,西武,12,5,エスコンF,0.5553678280913011,1,0.5553678280913011,44,0.5909090909090909,0.5934959349593496,0.4700854700854701,True,False,True,2025_rule_selection
2025-09-15,楽天,ロッテ,5,4,楽天モバイル,0.5266488967847184,0,0.4733511032152816,44,0.4772727272727273,0.46551724137931033,0.4152542372881356,False,False,False,2025_rule_selection
2025-09-15,阪神,中日,6,2,甲子園球場,0.5570647144862194,1,0.5570647144862194,42,0.5952380952380952,0.6186440677966102,0.4380165289256198,True,False,True,2025_rule_selection
2025-09-16,オリックス,ロッテ,7,3,京セラドーム大阪,0.5403718854560192,0,0.4596281145439808,43,0.5116279069767442,0.5210084033613446,0.4117647058823529,False,False,False,2025_rule_selection
2025-09-17,オリックス,ロッテ,1,2,京セラドーム大阪,0.5422917209079112,0,0.4577082790920888,44,0.5,0.525,0.4083333333333333,False,False,True,2025_rule_selection
2025-09-17,ソフトバンク,西武,11,8,PayPayドーム,0.5582519598901179,1,0.5582519598901179,45,0.6666666666666666,0.625,0.4661016949152542,True,False,True,2025_rule_selection
2025-09-17,ヤクルト,巨人,2,4,神宮野球場,0.5346387252913818,0,0.4653612747086182,46,0.5869565217391304,0.3879310344827586,0.4878048780487805,True,False,True,2025_rule_selection
2025-09-17,中日,DeNA,0,1,ナゴヤドーム,0.529041012378995,0,0.47095898762100497,44,0.6363636363636364,0.4344262295081967,0.5083333333333333,True,False,True,2025_rule_selection
2025-09-17,広島,阪神,1,6,マツダスタジアム,0.5635448526393546,1,0.5635448526393546,44,0.38636363636363635,0.4628099173553719,0.6218487394957983,False,False,False,2025_rule_selection
2025-09-17,楽天,日本ハム,3,2,楽天モバイル,0.5451800848606918,0,0.4548199151393082,42,0.6428571428571428,0.4700854700854701,0.5967741935483871,True,False,False,2025_rule_selection
2025-09-18,ソフトバンク,日本ハム,3,2,PayPayドーム,0.5578996546439978,1,0.5578996546439978,44,0.5227272727272727,0.628099173553719,0.592,True,False,True,2025_rule_selection
2025-09-18,ヤクルト,巨人,5,0,神宮野球場,0.5405171554257702,0,0.45948284457422983,47,0.5957446808510638,0.38461538461538464,0.49193548387096775,True,False,False,2025_rule_selection
2025-09-18,ロッテ,楽天,7,0,ZOZOマリンスタジアム,0.5468175974548993,0,0.45318240254510067,45,0.5333333333333333,0.4132231404958678,0.4745762711864407,True,False,False,2025_rule_selection
2025-09-18,中日,DeNA,4,7,ナゴヤドーム,0.5314482895023647,0,0.46855171049763533,45,0.6444444444444444,0.43089430894308944,0.512396694214876,True,False,True,2025_rule_selection
2025-09-18,広島,阪神,2,7,マツダスタジアム,0.5676316859930766,1,0.5676316859930766,45,0.37777777777777777,0.45901639344262296,0.625,False,False,False,2025_rule_selection
2025-09-18,西武,オリックス,2,1,メットライフドーム,0.5442193144082289,0,0.4557806855917711,45,0.5111111111111111,0.46218487394957986,0.5206611570247934,True,False,False,2025_rule_selection
2025-09-19,中日,ヤクルト,2,6,ナゴヤドーム,0.5531544834212718,0,0.4468455165787282,44,0.5,0.4274193548387097,0.3898305084745763,False,False,True,2025_rule_selection
2025-09-19,巨人,広島,5,4,東京ドーム,0.5525684033220781,0,0.4474315966779219,43,0.4883720930232558,0.488,0.45528455284552843,False,False,False,2025_rule_selection
2025-09-19,楽天,西武,1,4,楽天モバイル,0.548620968583002,0,0.451379031416998,42,0.4285714285714286,0.47058823529411764,0.4666666666666667,False,False,True,2025_rule_selection
2025-09-19,阪神,DeNA,4,0,甲子園球場,0.5498814497892549,0,0.4501185502107451,41,0.41463414634146345,0.628099173553719,0.5163934426229508,False,False,False,2025_rule_selection
2025-09-20,ソフトバンク,オリックス,4,5,PayPayドーム,0.5634139238323285,1,0.5634139238323285,41,0.7804878048780488,0.6311475409836066,0.5163934426229508,True,True,False,2025_rule_selection
2025-09-20,中日,ヤクルト,3,0,ナゴヤドーム,0.554586384209903,0,0.445413615790097,45,0.5111111111111111,0.424,0.3949579831932773,False,False,False,2025_rule_selection
2025-09-20,巨人,広島,3,1,東京ドーム,0.5433112462804585,0,0.45668875371954154,44,0.4772727272727273,0.49206349206349204,0.45161290322580644,False,False,False,2025_rule_selection
2025-09-20,日本ハム,ロッテ,8,7,エスコンF,0.5485330744684903,0,0.4514669255315097,41,0.29268292682926833,0.5873015873015873,0.4180327868852459,False,False,False,2025_rule_selection
2025-09-20,楽天,西武,2,1,楽天モバイル,0.5536113564675973,0,0.4463886435324027,43,0.4418604651162791,0.4666666666666667,0.47107438016528924,True,False,False,2025_rule_selection
2025-09-20,阪神,DeNA,1,4,甲子園球場,0.5489693918902869,0,0.45103060810971307,42,0.40476190476190477,0.6311475409836066,0.5121951219512195,False,False,True,2025_rule_selection
2025-09-21,ソフトバンク,オリックス,1,2,PayPayドーム,0.5565280873542245,1,0.5565280873542245,42,0.7619047619047619,0.6260162601626016,0.5203252032520326,True,False,False,2025_rule_selection
2025-09-21,中日,巨人,5,2,ナゴヤドーム,0.5294786554278993,0,0.4705213445721007,43,0.5813953488372092,0.42857142857142855,0.49606299212598426,True,False,False,2025_rule_selection
2025-09-21,日本ハム,ロッテ,7,2,エスコンF,0.5541507637231792,0,0.4458492362768208,42,0.2857142857142857,0.5905511811023622,0.4146341463414634,False,False,False,2025_rule_selection
2025-09-21,楽天,西武,2,8,楽天モバイル,0.5562589568876923,1,0.5562589568876923,44,0.5681818181818182,0.47107438016528924,0.4672131147540984,True,False,False,2025_rule_selection
2025-09-22,ソフトバンク,オリックス,0,1,PayPayドーム,0.5583255979913452,1,0.5583255979913452,43,0.7441860465116279,0.6209677419354839,0.5241935483870968,True,False,False,2025_rule_selection
2025-09-22,ヤクルト,阪神,3,2,神宮野球場,0.5675362599858108,1,0.5675362599858108,45,0.37777777777777777,0.39166666666666666,0.6260162601626016,False,False,True,2025_rule_selection
2025-09-22,日本ハム,ロッテ,0,2,エスコンF,0.5530916028483754,0,0.44690839715162456,43,0.2790697674418605,0.59375,0.4112903225806452,False,False,True,2025_rule_selection
2025-09-23,ソフトバンク,オリックス,0,1,PayPayドーム,0.5728968212587151,1,0.5728968212587151,44,0.7272727272727273,0.616,0.528,True,True,False,2025_rule_selection
2025-09-23,ヤクルト,中日,0,3,神宮野球場,0.5641504538987481,1,0.5641504538987481,46,0.5,0.39669421487603307,0.4330708661417323,False,False,False,2025_rule_selection
2025-09-23,ロッテ,西武,1,0,ZOZOマリンスタジアム,0.5781795866683137,1,0.5781795866683137,44,0.6363636363636364,0.416,0.4715447154471545,False,False,True,2025_rule_selection
2025-09-23,広島,巨人,5,0,マツダスタジアム,0.545943176132733,0,0.454056823867267,45,0.5333333333333333,0.448,0.4921875,True,False,False,2025_rule_selection
2025-09-23,日本ハム,楽天,0,7,エスコンF,0.5521479051389365,0,0.4478520948610635,43,0.37209302325581395,0.5891472868217055,0.4672131147540984,False,False,True,2025_rule_selection
2025-09-24,ロッテ,西武,5,0,ZOZOマリンスタジアム,0.5766815656582341,1,0.5766815656582341,45,0.6444444444444445,0.42063492063492064,0.46774193548387094,False,False,True,2025_rule_selection
2025-09-24,楽天,ソフトバンク,3,8,楽天モバイル,0.5308892889293061,0,0.4691107110706939,46,0.5652173913043479,0.4715447154471545,0.6111111111111112,True,False,True,2025_rule_selection
2025-09-25,オリックス,ロッテ,4,6,京セラドーム大阪,0.5394279363408286,0,0.46057206365917136,45,0.5111111111111111,0.5317460317460317,0.4251968503937008,False,False,True,2025_rule_selection
2025-09-25,楽天,ソフトバンク,0,6,楽天モバイル,0.5373955272286172,0,0.46260447277138284,47,0.574468085106383,0.46774193548387094,0.6141732283464567,True,False,True,2025_rule_selection
2025-09-25,西武,日本ハム,5,4,メットライフドーム,0.5432992397314473,0,0.45670076026855266,45,0.6,0.464,0.5846153846153846,True,False,False,2025_rule_selection
2025-09-26,DeNA,巨人,5,4,横浜スタジアム,0.5340585365673703,0,0.46594146343262965,46,0.6521739130434783,0.5161290322580645,0.4883720930232558,False,False,False,2025_rule_selection
2025-09-26,ヤクルト,広島,11,1,神宮野球場,0.5592270570798445,1,0.5592270570798445,42,0.47619047619047616,0.39344262295081966,0.4523809523809524,False,False,True,2025_rule_selection
2025-09-26,楽天,ソフトバンク,3,4,楽天モバイル,0.5356529558427409,0,0.46434704415725914,48,0.5833333333333333,0.464,0.6171875,True,False,True,2025_rule_selection
2025-09-26,西武,日本ハム,5,8,メットライフドーム,0.5410292677183327,0,0.4589707322816673,46,0.5869565217391304,0.46825396825396826,0.5801526717557252,True,False,True,2025_rule_selection
2025-09-26,阪神,中日,6,2,甲子園球場,0.5591328433914227,1,0.5591328433914227,43,0.6046511627906976,0.6209677419354839,0.4375,True,False,True,2025_rule_selection
2025-09-27,DeNA,巨人,8,9,横浜スタジアム,0.5281924839399276,0,0.47180751606007243,47,0.6382978723404256,0.52,0.4846153846153846,False,False,True,2025_rule_selection
2025-09-27,オリックス,楽天,2,0,京セラドーム大阪,0.5313492091884381,0,0.4686507908115619,42,0.40476190476190477,0.5275590551181102,0.4603174603174603,False,False,False,2025_rule_selection
2025-09-27,ヤクルト,広島,3,1,神宮野球場,0.5589217981107565,1,0.5589217981107565,43,0.4883720930232558,0.3983739837398374,0.44881889763779526,False,False,True,2025_rule_selection
2025-09-27,ロッテ,日本ハム,0,2,ZOZOマリンスタジアム,0.5433450757773487,0,0.4566549242226513,44,0.7045454545454546,0.4296875,0.5833333333333334,True,False,True,2025_rule_selection
2025-09-27,西武,ソフトバンク,1,4,メットライフドーム,0.5358665240866888,0,0.4641334759133112,46,0.6739130434782609,0.4645669291338583,0.6201550387596899,True,False,True,2025_rule_selection
2025-09-27,阪神,中日,3,5,甲子園球場,0.5576512929879175,1,0.5576512929879175,44,0.6136363636363636,0.624,0.43410852713178294,True,False,False,2025_rule_selection
2025-09-29,オリックス,楽天,4,0,京セラドーム大阪,0.5346557198608592,0,0.46534428013914075,43,0.39534883720930236,0.53125,0.4566929133858268,False,False,False,2025_rule_selection
2025-09-29,西武,ロッテ,2,0,メットライフドーム,0.5354576998253582,0,0.4645423001746418,46,0.6521739130434783,0.4609375,0.4263565891472868,False,False,False,2025_rule_selection
2025-09-30,DeNA,ヤクルト,4,5,横浜スタジアム,0.5484041237352697,0,0.4515958762647303,42,0.3571428571428571,0.5158730158730159,0.4032258064516129,False,False,True,2025_rule_selection
2025-09-30,ソフトバンク,日本ハム,1,2,PayPayドーム,0.5591026630829319,1,0.5591026630829319,45,0.5333333333333333,0.6230769230769231,0.5864661654135338,True,False,False,2025_rule_selection
2025-09-30,ロッテ,楽天,1,2,ZOZOマリンスタジアム,0.5530808984134212,0,0.44691910158657877,46,0.5217391304347826,0.4230769230769231,0.453125,True,False,True,2025_rule_selection
2025-09-30,巨人,中日,4,2,東京ドーム,0.5544345507371246,0,0.44556544926287545,44,0.43181818181818177,0.48854961832061067,0.43846153846153846,False,False,False,2025_rule_selection
2025-10-01,DeNA,ヤクルト,9,6,横浜スタジアム,0.5477446577641594,0,0.45225534223584063,43,0.37209302325581395,0.5118110236220472,0.408,False,False,False,2025_rule_selection
2025-10-01,オリックス,西武,10,5,京セラドーム大阪,0.5656066360783775,1,0.5656066360783775,46,0.5,0.5348837209302325,0.46511627906976744,True,True,True,2025_rule_selection
2025-10-01,巨人,中日,5,2,東京ドーム,0.5570929677325688,1,0.5570929677325688,45,0.5777777777777777,0.49242424242424243,0.4351145038167939,True,False,True,2025_rule_selection
2025-10-02,オリックス,西武,5,6,京セラドーム大阪,0.5634087124819667,1,0.5634087124819667,47,0.5106382978723404,0.5384615384615384,0.46153846153846156,True,True,False,2025_rule_selection
2025-10-02,阪神,ヤクルト,6,2,甲子園球場,0.56937537094195,1,0.56937537094195,46,0.6086956521739131,0.6190476190476191,0.40476190476190477,True,True,True,2025_rule_selection
2025-10-03,ソフトバンク,オリックス,10,2,PayPayドーム,0.5577676075334417,1,0.5577676075334417,45,0.7111111111111111,0.6183206106870229,0.5343511450381679,True,False,True,2025_rule_selection
2025-10-03,広島,ヤクルト,1,6,マツダスタジアム,0.5519378770166599,0,0.44806212298334014,44,0.5,0.4453125,0.4015748031496063,False,False,True,2025_rule_selection
2025-10-03,楽天,西武,7,6,楽天モバイル,0.5622970598900624,1,0.5622970598900624,45,0.5555555555555556,0.4573643410852713,0.46564885496183206,False,False,True,2025_rule_selection
2025-10-04,ロッテ,日本ハム,3,0,ZOZOマリンスタジアム,0.55414171446498,0,0.44585828553502005,45,0.7111111111111111,0.4198473282442748,0.5895522388059702,True,False,False,2025_rule_selection
2025-10-04,広島,ヤクルト,1,3,マツダスタジアム,0.5524086942762345,0,0.4475913057237655,45,0.5111111111111111,0.4418604651162791,0.40625,False,False,True,2025_rule_selection
2025-10-04,楽天,西武,3,2,楽天モバイル,0.5624082143472535,1,0.5624082143472535,46,0.5652173913043478,0.46153846153846156,0.4621212121212121,False,False,True,2025_rule_selection
2025-10-05,ロッテ,ソフトバンク,2,5,ZOZOマリンスタジアム,0.5575812966875802,1,0.5575812966875802,46,0.3695652173913043,0.42424242424242425,0.6212121212121212,False,False,False,2025_rule_selection
2025-10-05,楽天,オリックス,1,2,楽天モバイル,0.541879304611624,0,0.45812069538837596,44,0.6136363636363636,0.46564885496183206,0.5303030303030303,True,False,True,2025_rule_selection
2026-03-28,DeNA,ヤクルト,2,5,横浜スタジアム,0.5364911485061697,0,0.46350885149383025,44,0.36363636363636365,0.5,0.5,True,False,True,2026_final_test
2026-03-28,オリックス,楽天,6,0,京セラドーム大阪,0.517801989852308,0,0.48219801014769204,45,0.37777777777777777,0.5,0.5,True,False,False,2026_final_test
2026-03-28,ソフトバンク,日本ハム,6,4,PayPayドーム,0.5336409227875645,0,0.4663590772124355,46,0.4782608695652174,0.5,0.5,True,False,False,2026_final_test
2026-03-28,ロッテ,西武,11,0,ZOZOマリンスタジアム,0.5411323658521243,0,0.4588676341478757,47,0.36170212765957444,0.5,0.5,True,False,False,2026_final_test
2026-03-28,巨人,阪神,0,2,東京ドーム,0.527733882300534,0,0.472266117699466,47,0.5957446808510638,0.5,0.5,True,False,True,2026_final_test
2026-03-28,広島,中日,2,1,マツダスタジアム,0.5462756195886422,0,0.45372438041135776,47,0.5531914893617021,0.5,0.5,True,False,False,2026_final_test
2026-03-29,DeNA,ヤクルト,3,5,横浜スタジアム,0.5292168380447514,0,0.4707831619552486,45,0.37777777777777777,0.0,1.0,True,False,True,2026_final_test
2026-03-29,オリックス,楽天,5,4,京セラドーム大阪,0.5198850670271105,0,0.48011493297288954,46,0.3695652173913043,1.0,0.0,False,False,False,2026_final_test
2026-03-29,ソフトバンク,日本ハム,8,4,PayPayドーム,0.5335699639646291,0,0.4664300360353709,47,0.46808510638297873,1.0,0.0,False,False,False,2026_final_test
2026-03-29,ロッテ,西武,0,4,ZOZOマリンスタジアム,0.5490372232093051,0,0.45096277679069485,48,0.35416666666666663,1.0,0.0,False,False,True,2026_final_test
2026-03-29,巨人,阪神,6,12,東京ドーム,0.5361013561610738,0,0.4638986438389262,48,0.6041666666666667,0.0,1.0,True,False,True,2026_final_test
2026-03-29,広島,中日,1,0,マツダスタジアム,0.5473682124318494,0,0.4526317875681506,48,0.5416666666666667,1.0,0.0,False,False,False,2026_final_test
2026-03-31,ヤクルト,広島,8,3,神宮野球場,0.5055486750369924,0,0.4944513249630076,46,0.4782608695652174,1.0,1.0,True,False,False,2026_final_test
2026-03-31,中日,巨人,2,5,ナゴヤドーム,0.552966443349212,0,0.44703355665078803,46,0.5869565217391304,0.0,0.0,True,False,True,2026_final_test
2026-03-31,日本ハム,ロッテ,9,0,エスコンF,0.5351993332959102,0,0.4648006667040898,46,0.30434782608695654,0.0,0.5,True,False,False,2026_final_test
2026-03-31,楽天,ソフトバンク,2,4,楽天モバイル,0.5212464374518154,0,0.4787535625481846,49,0.5918367346938775,0.0,1.0,True,False,True,2026_final_test
2026-03-31,西武,オリックス,5,3,メットライフドーム,0.5138486687745155,0,0.4861513312254845,48,0.5,0.5,1.0,True,False,False,2026_final_test
2026-03-31,阪神,DeNA,4,1,京セラドーム大阪,0.522238406848129,0,0.47776159315187094,43,0.41860465116279066,1.0,0.0,False,False,False,2026_final_test
2026-04-01,中日,巨人,5,6,ナゴヤドーム,0.5498887186682415,0,0.4501112813317585,47,0.5957446808510638,0.0,0.3333333333333333,True,False,True,2026_final_test
2026-04-01,日本ハム,ロッテ,2,4,エスコンF,0.5368492071874417,0,0.46315079281255833,47,0.2978723404255319,0.3333333333333333,0.3333333333333333,True,False,True,2026_final_test
2026-04-01,楽天,ソフトバンク,1,6,楽天モバイル,0.520837714150244,0,0.47916228584975595,50,0.6,0.0,1.0,True,False,True,2026_final_test
2026-04-01,西武,オリックス,0,4,メットライフドーム,0.5158893623712315,0,0.4841106376287685,49,0.4897959183673469,0.6666666666666666,0.6666666666666666,True,False,True,2026_final_test
2026-04-01,阪神,DeNA,1,4,京セラドーム大阪,0.5220467210713259,0,0.4779532789286741,44,0.40909090909090906,1.0,0.0,False,False,True,2026_final_test
2026-04-02,ヤクルト,広島,2,1,神宮野球場,0.5104043105924729,0,0.48959568940752707,47,0.46808510638297873,1.0,0.6666666666666666,False,False,False,2026_final_test
2026-04-02,中日,巨人,2,1,ナゴヤドーム,0.5482282014370613,0,0.4517717985629387,48,0.6041666666666667,0.0,0.5,True,False,False,2026_final_test
2026-04-02,日本ハム,ロッテ,7,1,エスコンF,0.5351003276086077,0,0.4648996723913923,48,0.3125,0.25,0.5,True,False,False,2026_final_test
2026-04-02,楽天,ソフトバンク,5,4,楽天モバイル,0.5220239473389571,0,0.4779760526610429,51,0.607843137254902,0.0,1.0,True,False,False,2026_final_test
2026-04-02,西武,オリックス,3,7,メットライフドーム,0.5191811449994014,0,0.4808188550005986,50,0.5,0.5,0.75,True,False,True,2026_final_test
2026-04-02,阪神,DeNA,4,3,京セラドーム大阪,0.5155450203058464,0,0.48445497969415363,45,0.4222222222222223,0.75,0.25,False,False,False,2026_final_test
2026-04-03,ヤクルト,中日,0,1,神宮野球場,0.5177398339169714,0,0.4822601660830286,47,0.5106382978723405,1.0,0.2,False,False,True,2026_final_test
2026-04-03,ロッテ,ソフトバンク,3,2,ZOZOマリンスタジアム,0.526027593636177,0,0.473972406363823,47,0.6382978723404256,0.4,0.8,True,False,False,2026_final_test
2026-04-03,巨人,DeNA,1,3,東京ドーム,0.5307709402659602,0,0.46922905973403983,48,0.35416666666666663,0.4,0.2,False,False,True,2026_final_test
2026-04-03,広島,阪神,2,4,マツダスタジアム,0.5311212114926566,0,0.46887878850734344,46,0.6304347826086957,0.5,0.8,True,False,True,2026_final_test
2026-04-03,日本ハム,オリックス,12,3,エスコンF,0.5408830720379948,0,0.4591169279620052,48,0.5,0.4,0.8,True,False,False,2026_final_test
2026-04-03,西武,楽天,3,6,メットライフドーム,0.5216842978744115,0,0.4783157021255885,47,0.574468085106383,0.4,0.2,False,False,True,2026_final_test
2026-04-04,ヤクルト,中日,11,6,神宮野球場,0.5201507982528093,0,0.4798492017471907,48,0.5208333333333333,0.8,0.3333333333333333,False,False,False,2026_final_test
2026-04-04,ロッテ,ソフトバンク,2,5,ZOZOマリンスタジアム,0.5170735347011417,0,0.4829264652988583,48,0.625,0.5,0.6666666666666666,True,False,True,2026_final_test
2026-04-04,巨人,DeNA,8,4,東京ドーム,0.5426866072099766,0,0.45731339279002337,49,0.36734693877551017,0.3333333333333333,0.3333333333333333,True,False,False,2026_final_test
2026-04-04,広島,阪神,5,7,マツダスタジアム,0.5369198750110044,0,0.46308012498899565,47,0.6382978723404256,0.4,0.8333333333333334,True,False,True,2026_final_test
2026-04-04,日本ハム,オリックス,6,3,エスコンF,0.5382188124085101,0,0.4617811875914899,49,0.4897959183673469,0.5,0.6666666666666666,True,False,False,2026_final_test
2026-04-04,西武,楽天,1,2,メットライフドーム,0.5273415995982794,0,0.4726584004017206,48,0.5833333333333333,0.3333333333333333,0.3333333333333333,True,False,True,2026_final_test
2026-04-05,ヤクルト,中日,7,5,神宮野球場,0.5202877579377737,0,0.4797122420622263,49,0.5102040816326531,0.8333333333333334,0.2857142857142857,False,False,False,2026_final_test
2026-04-05,ロッテ,ソフトバンク,3,4,ZOZOマリンスタジアム,0.5243267744894611,0,0.4756732255105389,49,0.6326530612244898,0.42857142857142855,0.7142857142857143,True,False,True,2026_final_test
2026-04-05,巨人,DeNA,3,2,東京ドーム,0.5328939785210347,0,0.4671060214789653,50,0.36,0.42857142857142855,0.2857142857142857,False,False,False,2026_final_test
2026-04-05,広島,阪神,2,1,マツダスタジアム,0.5440784989005815,0,0.45592150109941854,48,0.6458333333333333,0.3333333333333333,0.8571428571428571,True,False,False,2026_final_test
2026-04-05,日本ハム,オリックス,8,2,エスコンF,0.5349424980741435,0,0.4650575019258565,50,0.48,0.5714285714285714,0.5714285714285714,True,False,False,2026_final_test
2026-04-07,DeNA,中日,5,3,横浜スタジアム,0.5329106608737061,0,0.4670893391262939,46,0.34782608695652173,0.25,0.25,True,False,False,2026_final_test
2026-04-07,オリックス,ロッテ,3,1,京セラドーム大阪,0.5266587671183615,0,0.47334123288163854,46,0.5217391304347826,0.5,0.375,False,False,False,2026_final_test
2026-04-07,ソフトバンク,西武,6,8,PayPayドーム,0.5438116044993546,0,0.4561883955006454,47,0.3191489361702128,0.75,0.2857142857142857,False,False,True,2026_final_test
2026-04-07,広島,巨人,5,2,マツダスタジアム,0.5453165489172819,0,0.4546834510827181,46,0.5217391304347826,0.42857142857142855,0.5,True,False,False,2026_final_test
2026-04-07,楽天,日本ハム,3,0,楽天モバイル,0.5131912141675256,0,0.48680878583247444,44,0.6136363636363636,0.42857142857142855,0.625,True,False,False,2026_final_test
2026-04-07,阪神,ヤクルト,9,3,甲子園球場,0.5219984463451505,0,0.47800155365484953,47,0.3829787234042553,0.75,0.8571428571428571,True,False,False,2026_final_test
2026-04-08,DeNA,中日,4,6,横浜スタジアム,0.5357047600691937,0,0.46429523993080635,47,0.34042553191489366,0.3333333333333333,0.2222222222222222,False,False,True,2026_final_test
2026-04-08,オリックス,ロッテ,9,1,京セラドーム大阪,0.5203048751351737,0,0.47969512486482635,47,0.5106382978723405,0.5555555555555556,0.3333333333333333,False,False,False,2026_final_test
2026-04-08,ソフトバンク,西武,1,2,PayPayドーム,0.5525328764793886,0,0.44746712352061135,48,0.33333333333333337,0.6666666666666666,0.375,False,False,True,2026_final_test
2026-04-08,広島,巨人,1,2,マツダスタジアム,0.5359521418242919,0,0.46404785817570815,47,0.5106382978723405,0.5,0.4444444444444444,False,False,True,2026_final_test
2026-04-08,楽天,日本ハム,0,1,楽天モバイル,0.5086107305929859,0,0.4913892694070141,45,0.6,0.5,0.5555555555555556,True,False,True,2026_final_test
2026-04-08,阪神,ヤクルト,2,3,甲子園球場,0.5233464337164098,0,0.47665356628359024,48,0.375,0.7777777777777778,0.75,False,False,True,2026_final_test
2026-04-09,ソフトバンク,西武,2,0,PayPayドーム,0.5540201700944045,0,0.4459798299055955,49,0.34693877551020413,0.6,0.4444444444444444,False,False,False,2026_final_test
2026-04-09,楽天,日本ハム,2,4,楽天モバイル,0.5125181365670761,0,0.4874818634329239,46,0.6086956521739131,0.4444444444444444,0.6,True,False,True,2026_final_test
2026-04-09,阪神,ヤクルト,2,0,甲子園球場,0.5280361464328576,0,0.47196385356714243,49,0.3877551020408163,0.7,0.7777777777777778,True,False,False,2026_final_test
2026-04-10,中日,阪神,3,5,ナゴヤドーム,0.531192270479088,0,0.468807729520912,45,0.6,0.3,0.7272727272727273,True,False,True,2026_final_test
2026-04-10,巨人,ヤクルト,3,2,東京ドーム,0.5395355441787785,0,0.46046445582122153,48,0.41666666666666663,0.5,0.7,True,False,False,2026_final_test
2026-04-10,西武,ロッテ,3,6,県営大宮,0.5140286220322414,0,0.4859713779677586,49,0.6326530612244898,0.4,0.3,False,False,True,2026_final_test
2026-04-11,DeNA,広島,4,3,横浜スタジアム,0.5338770140418366,0,0.46612298595816337,45,0.48888888888888893,0.3,0.4444444444444444,True,False,False,2026_final_test
2026-04-11,中日,阪神,3,9,ナゴヤドーム,0.536660515758484,0,0.46333948424151605,46,0.6086956521739131,0.2727272727272727,0.75,True,False,True,2026_final_test
2026-04-11,巨人,ヤクルト,2,3,東京ドーム,0.5357195057272106,0,0.4642804942727894,49,0.40816326530612246,0.5454545454545454,0.6363636363636364,True,False,True,2026_final_test
2026-04-11,日本ハム,ソフトバンク,3,6,エスコンF,0.5229360737718847,0,0.47706392622811533,48,0.5416666666666667,0.6363636363636364,0.6363636363636364,True,False,True,2026_final_test
2026-04-11,楽天,オリックス,11,4,楽天モバイル,0.5267024525526117,0,0.4732975474473883,47,0.6382978723404256,0.4,0.6,True,False,False,2026_final_test
2026-04-11,西武,ロッテ,5,2,メットライフドーム,0.5318239238049555,0,0.46817607619504453,50,0.64,0.36363636363636365,0.36363636363636365,True,False,False,2026_final_test
2026-04-12,DeNA,広島,6,5,横浜スタジアム,0.5339106232904619,0,0.4660893767095381,46,0.4782608695652174,0.36363636363636365,0.4,True,False,False,2026_final_test
2026-04-12,中日,阪神,0,3,ナゴヤドーム,0.5417220329771338,0,0.45827796702286616,47,0.6170212765957447,0.25,0.7692307692307693,True,False,True,2026_final_test
2026-04-12,巨人,ヤクルト,0,2,東京ドーム,0.5408766692463823,0,0.45912333075361766,50,0.42000000000000004,0.5,0.6666666666666666,True,False,True,2026_final_test
2026-04-12,日本ハム,ソフトバンク,7,11,エスコンF,0.5257386814996481,0,0.4742613185003519,49,0.5510204081632653,0.5833333333333334,0.6666666666666666,True,False,True,2026_final_test
2026-04-12,楽天,オリックス,4,0,楽天モバイル,0.5300767129787954,0,0.46992328702120456,48,0.625,0.45454545454545453,0.5454545454545454,True,False,False,2026_final_test
2026-04-12,西武,ロッテ,2,1,メットライフドーム,0.524573751592672,0,0.47542624840732794,51,0.6274509803921569,0.4166666666666667,0.3333333333333333,False,False,False,2026_final_test
2026-04-14,オリックス,西武,5,1,京セラドーム大阪,0.5370273020839086,0,0.4629726979160914,51,0.4901960784313726,0.5,0.46153846153846156,False,False,False,2026_final_test
2026-04-14,ソフトバンク,楽天,2,3,PayPayドーム,0.5350078460166249,0,0.4649921539833751,52,0.40384615384615385,0.6923076923076923,0.5,False,False,True,2026_final_test
2026-04-14,ヤクルト,DeNA,5,3,松山,0.5205148434157774,0,0.47948515658422264,46,0.6086956521739131,0.6923076923076923,0.4166666666666667,False,False,False,2026_final_test
2026-04-14,ロッテ,日本ハム,1,5,ZOZOマリンスタジアム,0.5360716744829817,0,0.46392832551701835,49,0.6938775510204082,0.3076923076923077,0.5384615384615384,True,False,True,2026_final_test
2026-04-14,中日,広島,6,2,豊橋,0.5363245880510337,0,0.46367541194896633,49,0.4693877551020408,0.23076923076923078,0.36363636363636365,True,False,False,2026_final_test
2026-04-14,阪神,巨人,3,4,甲子園球場,0.524093794717739,0,0.475906205282261,49,0.3877551020408163,0.7857142857142857,0.46153846153846156,False,False,True,2026_final_test
2026-04-15,オリックス,西武,3,1,京セラドーム大阪,0.5360297330579143,0,0.46397026694208565,52,0.4807692307692307,0.5384615384615384,0.42857142857142855,False,False,False,2026_final_test
2026-04-15,ソフトバンク,楽天,2,3,PayPayドーム,0.5405020592016887,0,0.4594979407983113,53,0.41509433962264153,0.6428571428571429,0.5384615384615384,False,False,True,2026_final_test
2026-04-15,ロッテ,日本ハム,9,7,ZOZOマリンスタジアム,0.5344937703471762,0,0.46550622965282384,50,0.7,0.2857142857142857,0.5714285714285714,True,False,False,2026_final_test
2026-04-15,中日,広島,2,5,ナゴヤドーム,0.5379202637835788,0,0.4620797362164212,50,0.45999999999999996,0.2857142857142857,0.3333333333333333,True,False,True,2026_final_test
2026-04-16,オリックス,西武,7,1,京セラドーム大阪,0.5329229558073628,0,0.4670770441926372,53,0.4716981132075472,0.5714285714285714,0.4,False,False,False,2026_final_test
2026-04-16,ソフトバンク,楽天,6,0,北九州,0.5260020639309264,0,0.4739979360690736,54,0.42592592592592593,0.6,0.5714285714285714,False,False,False,2026_final_test
2026-04-16,ヤクルト,DeNA,2,0,神宮野球場,0.5124685972510539,0,0.48753140274894613,47,0.5957446808510638,0.7142857142857143,0.38461538461538464,False,False,False,2026_final_test
2026-04-16,ロッテ,日本ハム,5,3,ZOZOマリンスタジアム,0.5330747499316438,0,0.46692525006835617,51,0.6862745098039216,0.3333333333333333,0.5333333333333333,True,False,False,2026_final_test
2026-04-16,阪神,巨人,3,4,甲子園球場,0.5255284938954161,0,0.4744715061045839,50,0.4,0.7333333333333333,0.5,False,False,True,2026_final_test
2026-04-17,ソフトバンク,オリックス,4,13,PayPayドーム,0.5469746166638608,0,0.4530253833361392,46,0.28260869565217395,0.625,0.6,False,False,True,2026_final_test
2026-04-17,ヤクルト,巨人,2,8,神宮野球場,0.5146242954823891,0,0.4853757045176109,51,0.5686274509803921,0.7333333333333333,0.5333333333333333,False,False,True,2026_final_test
2026-04-17,広島,DeNA,1,5,マツダスタジアム,0.5483054618212846,0,0.4516945381787154,47,0.5319148936170213,0.38461538461538464,0.35714285714285715,False,False,True,2026_final_test
2026-04-17,日本ハム,西武,3,5,エスコンF,0.5529406663712962,0,0.44705933362870376,47,0.4042553191489362,0.5,0.375,False,False,True,2026_final_test
2026-04-17,楽天,ロッテ,1,0,楽天モバイル,0.5286636699844544,0,0.47133633001554565,47,0.46808510638297873,0.5333333333333333,0.375,False,False,False,2026_final_test
2026-04-17,阪神,中日,2,1,甲子園球場,0.5339614331650775,0,0.4660385668349225,48,0.375,0.6875,0.26666666666666666,False,False,False,2026_final_test
2026-04-18,ソフトバンク,オリックス,7,0,PayPayドーム,0.5493328111495025,0,0.4506671888504975,47,0.2978723404255319,0.5882352941176471,0.625,True,False,False,2026_final_test
2026-04-18,ヤクルト,巨人,4,3,神宮野球場,0.5192519224767991,0,0.4807480775232009,52,0.5769230769230769,0.6875,0.5625,False,False,False,2026_final_test
2026-04-18,広島,DeNA,2,7,マツダスタジアム,0.5477240747189999,0,0.45227592528100014,48,0.5416666666666667,0.35714285714285715,0.4,True,False,True,2026_final_test
2026-04-18,日本ハム,西武,5,3,エスコンF,0.5463722054885204,0,0.4536277945114796,48,0.41666666666666663,0.47058823529411764,0.4117647058823529,False,False,False,2026_final_test
2026-04-18,楽天,ロッテ,9,1,楽天モバイル,0.5266296530100414,0,0.4733703469899586,48,0.45833333333333337,0.5625,0.35294117647058826,False,False,False,2026_final_test
2026-04-18,阪神,中日,4,3,甲子園球場,0.5331897987577939,0,0.46681020124220607,49,0.36734693877551017,0.7058823529411765,0.25,False,False,False,2026_final_test
2026-04-19,ソフトバンク,オリックス,1,2,PayPayドーム,0.5481350705566632,0,0.4518649294433368,48,0.29166666666666663,0.6111111111111112,0.5882352941176471,False,False,True,2026_final_test
2026-04-19,ヤクルト,巨人,3,1,神宮野球場,0.5121458795395647,0,0.4878541204604353,53,0.5660377358490566,0.7058823529411765,0.5294117647058824,False,False,False,2026_final_test
2026-04-19,広島,DeNA,0,2,マツダスタジアム,0.5468314851074313,0,0.4531685148925687,49,0.5510204081632653,0.3333333333333333,0.4375,True,False,True,2026_final_test
2026-04-19,日本ハム,西武,3,15,エスコンF,0.5443468719665947,0,0.4556531280334053,49,0.40816326530612246,0.5,0.3888888888888889,False,False,True,2026_final_test
2026-04-19,楽天,ロッテ,5,8,楽天モバイル,0.5281847920268553,0,0.4718152079731447,49,0.44897959183673475,0.5882352941176471,0.3333333333333333,False,False,True,2026_final_test
2026-04-19,阪神,中日,7,5,甲子園球場,0.5303339873212971,0,0.4696660126787029,50,0.36,0.7222222222222222,0.23529411764705882,False,False,False,2026_final_test
2026-04-21,DeNA,阪神,16,9,横浜スタジアム,0.5135052006564135,0,0.4864947993435865,46,0.5869565217391304,0.47058823529411764,0.7368421052631579,True,False,False,2026_final_test
2026-04-21,ロッテ,オリックス,7,4,ZOZOマリンスタジアム,0.5466684840380094,0,0.4533315159619906,48,0.5,0.3684210526315789,0.6111111111111112,True,False,False,2026_final_test
2026-04-21,巨人,中日,2,1,長野,0.5492640681048626,0,0.4507359318951374,49,0.40816326530612246,0.5,0.2222222222222222,False,False,False,2026_final_test
2026-04-21,広島,ヤクルト,2,1,マツダスタジアム,0.557269396864314,1,0.557269396864314,48,0.4583333333333333,0.3125,0.7222222222222222,False,False,True,2026_final_test
2026-04-21,日本ハム,楽天,3,1,エスコンF,0.5407698200400791,0,0.4592301799599209,47,0.3829787234042553,0.47368421052631576,0.5555555555555556,True,False,False,2026_final_test
2026-04-21,西武,ソフトバンク,6,4,メットライフドーム,0.516091550184858,0,0.483908449815142,50,0.6599999999999999,0.42105263157894735,0.5789473684210527,True,False,False,2026_final_test
2026-04-22,DeNA,阪神,7,6,横浜スタジアム,0.5150974715936776,0,0.4849025284063224,47,0.574468085106383,0.5,0.7,True,False,False,2026_final_test
2026-04-22,ロッテ,オリックス,1,4,ZOZOマリンスタジアム,0.5382203716298322,0,0.46177962837016784,49,0.4897959183673469,0.4,0.5789473684210527,True,False,True,2026_final_test
2026-04-22,巨人,中日,5,1,前橋,0.5212441442654667,0,0.4787558557345333,50,0.4,0.5263157894736842,0.21052631578947367,False,False,False,2026_final_test
2026-04-22,広島,ヤクルト,0,2,マツダスタジアム,0.5524900320155346,0,0.4475099679844654,49,0.5306122448979591,0.35294117647058826,0.6842105263157895,True,False,True,2026_final_test
2026-04-22,日本ハム,楽天,5,4,エスコンF,0.5349712924856918,0,0.46502870751430825,48,0.375,0.5,0.5263157894736842,True,False,False,2026_final_test
2026-04-22,西武,ソフトバンク,3,1,メットライフドーム,0.5151202031894511,0,0.48487979681054894,51,0.6470588235294117,0.45,0.55,True,False,False,2026_final_test
2026-04-23,広島,ヤクルト,0,2,マツダスタジアム,0.5558280108509337,1,0.5558280108509337,50,0.46,0.3333333333333333,0.7,False,False,False,2026_final_test
2026-04-23,日本ハム,楽天,2,3,エスコンF,0.5327159815468171,0,0.4672840184531829,49,0.36734693877551017,0.5238095238095238,0.5,False,False,True,2026_final_test
2026-04-23,西武,ソフトバンク,3,4,メットライフドーム,0.5160376437606261,0,0.4839623562393739,52,0.6346153846153846,0.47619047619047616,0.5238095238095238,True,False,True,2026_final_test
2026-04-24,DeNA,巨人,2,1,横浜スタジアム,0.5151000526439391,0,0.4848999473560609,51,0.6470588235294117,0.5263157894736842,0.55,True,False,False,2026_final_test
2026-04-24,オリックス,日本ハム,3,2,京セラドーム大阪,0.5237337275525127,0,0.4762662724474873,51,0.5294117647058824,0.6,0.5,False,False,False,2026_final_test
2026-04-24,中日,ヤクルト,6,4,ナゴヤドーム,0.554952985735912,0,0.445047014264088,50,0.5,0.2,0.7142857142857143,True,False,False,2026_final_test
2026-04-25,DeNA,巨人,2,7,横浜スタジアム,0.5201824656556194,0,0.47981753434438057,52,0.6346153846153846,0.55,0.5238095238095238,False,False,True,2026_final_test
2026-04-25,オリックス,日本ハム,4,2,京セラドーム大阪,0.5202589576544748,0,0.47974104234552517,52,0.5192307692307692,0.6190476190476191,0.4782608695652174,False,False,False,2026_final_test
2026-04-25,ソフトバンク,ロッテ,0,5,熊本,0.5582881995163128,1,0.5582881995163128,50,0.64,0.5454545454545454,0.38095238095238093,True,False,False,2026_final_test
2026-04-25,中日,ヤクルト,5,2,ナゴヤドーム,0.5478975442858285,0,0.4521024557141715,51,0.4901960784313726,0.23809523809523808,0.6818181818181818,True,False,False,2026_final_test
2026-04-25,楽天,西武,7,9,楽天モバイル,0.5332095745846513,0,0.46679042541534865,49,0.40816326530612246,0.5238095238095238,0.45454545454545453,False,False,True,2026_final_test
2026-04-26,DeNA,巨人,1,4,横浜スタジアム,0.5167593808799372,0,0.4832406191200628,53,0.6415094339622642,0.5238095238095238,0.5454545454545454,True,False,True,2026_final_test
2026-04-26,オリックス,日本ハム,9,4,京セラドーム大阪,0.5179843584857441,0,0.4820156415142559,53,0.5094339622641509,0.6363636363636364,0.4583333333333333,False,False,False,2026_final_test
2026-04-26,中日,ヤクルト,3,0,ナゴヤドーム,0.5408807789667739,0,0.4591192210332261,52,0.4807692307692307,0.2727272727272727,0.6521739130434783,True,False,False,2026_final_test
2026-04-26,楽天,西武,0,3,楽天モバイル,0.5462305414517887,0,0.45376945854821127,50,0.42000000000000004,0.5,0.4782608695652174,False,False,True,2026_final_test
2026-04-26,阪神,広島,1,0,甲子園球場,0.5433145444843446,0,0.4566854555156554,49,0.36734693877551017,0.6666666666666666,0.3157894736842105,False,False,False,2026_final_test
2026-04-28,オリックス,ソフトバンク,1,7,京セラドーム大阪,0.5096501159885855,0,0.49034988401141455,49,0.6938775510204082,0.6521739130434783,0.5217391304347826,False,False,True,2026_final_test
2026-04-28,ヤクルト,阪神,10,5,神宮野球場,0.5118477466475406,0,0.4881522533524594,50,0.62,0.625,0.6818181818181818,True,False,False,2026_final_test
2026-04-28,ロッテ,楽天,3,1,ZOZOマリンスタジアム,0.526064205583382,0,0.47393579441661804,50,0.54,0.4090909090909091,0.4782608695652174,True,False,False,2026_final_test
2026-04-28,中日,DeNA,3,0,ナゴヤドーム,0.5288979586712758,0,0.47110204132872424,48,0.6458333333333333,0.30434782608695654,0.5,True,False,False,2026_final_test
2026-04-28,巨人,広島,1,11,東京ドーム,0.5358496297946516,0,0.46415037020534844,48,0.47916666666666663,0.5652173913043478,0.3,False,False,True,2026_final_test
2026-04-28,西武,日本ハム,1,2,メットライフドーム,0.5046942129033244,0,0.4953057870966756,50,0.5800000000000001,0.5,0.44,False,False,True,2026_final_test
2026-04-29,オリックス,ソフトバンク,5,4,京セラドーム大阪,0.5133232218022816,0,0.4866767781977184,50,0.7,0.625,0.5416666666666666,False,False,False,2026_final_test
2026-04-29,ヤクルト,阪神,0,2,神宮野球場,0.5116123268032522,0,0.4883876731967478,51,0.607843137254902,0.64,0.6521739130434783,True,False,True,2026_final_test
2026-04-29,ロッテ,楽天,5,3,ZOZOマリンスタジアム,0.5266675632013338,0,0.4733324367986662,51,0.5294117647058824,0.43478260869565216,0.4583333333333333,True,False,False,2026_final_test
2026-04-29,中日,DeNA,2,4,ナゴヤドーム,0.5288412535544252,0,0.47115874644557476,49,0.6326530612244898,0.3333333333333333,0.4782608695652174,True,False,True,2026_final_test
2026-04-29,巨人,広島,4,2,東京ドーム,0.5370553145537016,0,0.4629446854462984,49,0.4897959183673469,0.5416666666666666,0.3333333333333333,False,False,False,2026_final_test
2026-04-29,西武,日本ハム,3,0,メットライフドーム,0.5074500786283284,0,0.49254992137167164,51,0.5882352941176471,0.48,0.46153846153846156,False,False,False,2026_final_test
2026-04-30,ヤクルト,阪神,2,10,神宮野球場,0.5174708378035613,0,0.4825291621964387,52,0.6153846153846154,0.6153846153846154,0.6666666666666666,True,False,True,2026_final_test
2026-04-30,中日,DeNA,2,6,ナゴヤドーム,0.5251182552272955,0,0.4748817447727045,50,0.64,0.32,0.5,True,False,True,2026_final_test
2026-04-30,巨人,広島,2,3,東京ドーム,0.5397181938774522,0,0.46028180612254777,50,0.48,0.56,0.3181818181818182,False,False,True,2026_final_test
2026-05-01,ソフトバンク,楽天,4,1,PayPayドーム,0.5493522628693729,0,0.4506477371306271,55,0.4181818181818182,0.52,0.44,False,False,False,2026_final_test
2026-05-01,ヤクルト,DeNA,16,5,神宮野球場,0.5210153316719461,0,0.47898466832805386,48,0.5833333333333333,0.5925925925925926,0.52,False,False,False,2026_final_test
2026-05-01,ロッテ,西武,0,10,ZOZOマリンスタジアム,0.5468157750361814,0,0.4531842249638186,52,0.3846153846153846,0.4583333333333333,0.5,True,False,True,2026_final_test
2026-05-01,広島,中日,7,3,マツダスタジアム,0.5663192542541976,1,0.5663192542541976,51,0.47058823529411764,0.34782608695652173,0.3076923076923077,True,False,True,2026_final_test
2026-05-01,日本ハム,オリックス,5,1,エスコンF,0.5527134894557956,0,0.44728651054420443,54,0.5,0.4444444444444444,0.64,True,False,False,2026_final_test
2026-05-01,阪神,巨人,3,5,甲子園球場,0.5380653271896043,0,0.4619346728103957,51,0.4117647058823529,0.68,0.5384615384615384,False,False,True,2026_final_test
2026-05-02,ソフトバンク,楽天,5,0,PayPayドーム,0.5463017809810975,0,0.4536982190189025,56,0.4107142857142857,0.5384615384615384,0.4230769230769231,False,False,False,2026_final_test
2026-05-02,ヤクルト,DeNA,6,5,神宮野球場,0.5236243586943486,0,0.47637564130565135,49,0.5714285714285714,0.6071428571428571,0.5,False,False,False,2026_final_test
2026-05-02,ロッテ,西武,4,5,ZOZOマリンスタジアム,0.5518138434288747,0,0.44818615657112526,53,0.39622641509433965,0.44,0.5185185185185185,True,False,True,2026_final_test
2026-05-02,広島,中日,0,4,マツダスタジアム,0.5577263599764981,1,0.5577263599764981,52,0.4807692307692308,0.375,0.2962962962962963,True,False,False,2026_final_test
2026-05-02,日本ハム,オリックス,9,10,エスコンF,0.5513882635846381,0,0.4486117364153619,55,0.49090909090909096,0.4642857142857143,0.6153846153846154,True,False,True,2026_final_test
2026-05-02,阪神,巨人,7,5,甲子園球場,0.5382905869876757,0,0.46170941301232427,52,0.42307692307692313,0.6538461538461539,0.5555555555555556,False,False,False,2026_final_test
2026-05-03,ソフトバンク,楽天,0,7,PayPayドーム,0.5427263055096717,0,0.4572736944903283,57,0.4035087719298246,0.5555555555555556,0.4074074074074074,False,False,True,2026_final_test
2026-05-03,ヤクルト,DeNA,2,12,神宮野球場,0.5239275630685364,0,0.4760724369314636,50,0.56,0.6206896551724138,0.48148148148148145,False,False,True,2026_final_test
2026-05-03,ロッテ,西武,10,0,ZOZOマリンスタジアム,0.5477794620040568,0,0.4522205379959432,54,0.40740740740740744,0.4230769230769231,0.5357142857142857,True,False,False,2026_final_test
2026-05-03,日本ハム,オリックス,3,0,エスコンF,0.5524560820870208,0,0.4475439179129792,56,0.5,0.4482758620689655,0.6296296296296297,True,False,False,2026_final_test
2026-05-03,阪神,巨人,3,0,甲子園球場,0.5311864426544769,0,0.4688135573455231,53,0.41509433962264153,0.6666666666666666,0.5357142857142857,False,False,False,2026_final_test
2026-05-04,DeNA,広島,11,8,横浜スタジアム,0.5330924238609943,0,0.4669075761390057,50,0.43999999999999995,0.5,0.36,False,False,False,2026_final_test
2026-05-04,オリックス,ロッテ,3,0,京セラドーム大阪,0.5337882721889481,0,0.4662117278110519,50,0.5,0.6071428571428571,0.4444444444444444,False,False,False,2026_final_test
2026-05-04,中日,阪神,7,3,ナゴヤドーム,0.5493211673275534,0,0.45067883267244657,51,0.6470588235294117,0.32142857142857145,0.6785714285714286,True,False,False,2026_final_test
2026-05-04,巨人,ヤクルト,1,5,東京ドーム,0.555691955371123,1,0.555691955371123,54,0.5555555555555556,0.5172413793103449,0.6,False,False,False,2026_final_test
2026-05-04,楽天,日本ハム,3,1,楽天モバイル,0.5324547003945092,0,0.46754529960549085,50,0.62,0.42857142857142855,0.4666666666666667,True,False,False,2026_final_test
2026-05-04,西武,ソフトバンク,10,2,メットライフドーム,0.5238810639015653,0,0.4761189360984347,53,0.6415094339622642,0.5172413793103449,0.5357142857142857,True,False,False,2026_final_test
2026-05-05,オリックス,ロッテ,6,1,京セラドーム大阪,0.525142847931304,0,0.47485715206869605,51,0.4901960784313726,0.6206896551724138,0.42857142857142855,False,False,False,2026_final_test
2026-05-05,中日,阪神,7,3,ナゴヤドーム,0.5473596845817426,0,0.45264031541825744,52,0.6346153846153846,0.3448275862068966,0.6551724137931034,True,False,False,2026_final_test
2026-05-05,巨人,ヤクルト,3,2,東京ドーム,0.558155670969726,1,0.558155670969726,55,0.5454545454545454,0.5,0.6129032258064516,False,False,True,2026_final_test
2026-05-05,楽天,日本ハム,3,2,楽天モバイル,0.5248723956546351,0,0.47512760434536494,51,0.607843137254902,0.4482758620689655,0.45161290322580644,True,False,False,2026_final_test
2026-05-05,西武,ソフトバンク,4,6,メットライフドーム,0.5164944633035194,0,0.48350553669648055,54,0.6296296296296297,0.5333333333333333,0.5172413793103449,False,False,True,2026_final_test
2026-05-06,DeNA,広島,0,10,横浜スタジアム,0.5300257433759732,0,0.4699742566240268,51,0.43137254901960786,0.5172413793103449,0.34615384615384615,False,False,True,2026_final_test
2026-05-06,オリックス,ロッテ,3,0,京セラドーム大阪,0.5249228894785981,0,0.4750771105214019,52,0.4807692307692307,0.6333333333333333,0.41379310344827586,False,False,False,2026_final_test
2026-05-06,中日,阪神,0,2,ナゴヤドーム,0.542771156169797,0,0.457228843830203,53,0.6226415094339622,0.36666666666666664,0.6333333333333333,True,False,True,2026_final_test
2026-05-06,巨人,ヤクルト,0,5,東京ドーム,0.5590725774784859,1,0.5590725774784859,56,0.5535714285714286,0.5161290322580645,0.59375,False,False,False,2026_final_test
2026-05-06,楽天,日本ハム,2,12,楽天モバイル,0.523991803951609,0,0.47600819604839095,52,0.5961538461538461,0.4666666666666667,0.4375,False,False,True,2026_final_test
2026-05-06,西武,ソフトバンク,10,2,メットライフドーム,0.5194237109018623,0,0.48057628909813765,55,0.6363636363636364,0.5161290322580645,0.5333333333333333,True,False,False,2026_final_test
2026-05-08,オリックス,日本ハム,4,3,京セラドーム大阪,0.5225483424088966,0,0.4774516575911034,57,0.5087719298245614,0.6451612903225806,0.45454545454545453,False,False,False,2026_final_test
2026-05-08,ソフトバンク,ロッテ,6,5,PayPayドーム,0.5498868977671401,0,0.45011310223285994,51,0.37254901960784315,0.5161290322580645,0.4,False,False,False,2026_final_test
2026-05-08,中日,巨人,9,2,ナゴヤドーム,0.5438729533181119,0,0.4561270466818881,51,0.607843137254902,0.3548387096774194,0.5,True,False,False,2026_final_test
2026-05-08,広島,ヤクルト,1,4,マツダスタジアム,0.561917409122036,1,0.561917409122036,51,0.45098039215686275,0.37037037037037035,0.6060606060606061,False,False,False,2026_final_test
2026-05-08,西武,楽天,4,2,メットライフドーム,0.5232492328640235,0,0.4767507671359765,51,0.5686274509803921,0.53125,0.45161290322580644,False,False,False,2026_final_test
2026-05-08,阪神,DeNA,1,10,甲子園球場,0.5403605578981234,0,0.45963944210187657,48,0.4375,0.6451612903225806,0.5,False,False,True,2026_final_test
2026-05-09,オリックス,日本ハム,0,3,京セラドーム大阪,0.5238472677929962,0,0.4761527322070038,58,0.5,0.65625,0.4411764705882353,False,False,True,2026_final_test
2026-05-09,ソフトバンク,ロッテ,4,5,PayPayドーム,0.5506101912085638,0,0.4493898087914362,52,0.3653846153846154,0.53125,0.3870967741935484,False,False,True,2026_final_test
2026-05-09,中日,巨人,4,2,ナゴヤドーム,0.5406153483298275,0,0.4593846516701725,52,0.5961538461538461,0.375,0.48484848484848486,True,False,False,2026_final_test
2026-05-09,広島,ヤクルト,0,4,マツダスタジアム,0.5642814945530874,1,0.5642814945530874,52,0.4423076923076923,0.35714285714285715,0.6176470588235294,False,False,False,2026_final_test
2026-05-09,西武,楽天,6,2,メットライフドーム,0.5207757770074154,0,0.4792242229925846,52,0.5576923076923077,0.5454545454545454,0.4375,False,False,False,2026_final_test
2026-05-09,阪神,DeNA,1,3,甲子園球場,0.5376515010729958,0,0.46234849892700425,49,0.44897959183673475,0.625,0.5161290322580645,False,False,True,2026_final_test
2026-05-10,オリックス,日本ハム,0,2,京セラドーム大阪,0.5166034972774043,0,0.4833965027225957,59,0.5084745762711864,0.6363636363636364,0.45714285714285713,False,False,True,2026_final_test
2026-05-10,ソフトバンク,ロッテ,8,3,PayPayドーム,0.5513520178168464,0,0.4486479821831536,53,0.37735849056603776,0.5151515151515151,0.40625,False,False,False,2026_final_test
2026-05-10,中日,巨人,4,9,ナゴヤドーム,0.5358719373309709,0,0.46412806266902906,53,0.5849056603773585,0.3939393939393939,0.47058823529411764,True,False,True,2026_final_test
2026-05-10,広島,ヤクルト,4,0,マツダスタジアム,0.5685333581825196,1,0.5685333581825196,53,0.4339622641509434,0.3448275862068966,0.6285714285714286,False,False,True,2026_final_test
2026-05-10,西武,楽天,6,1,メットライフドーム,0.5155055977818571,0,0.4844944022181429,53,0.5471698113207547,0.5588235294117647,0.42424242424242425,False,False,False,2026_final_test
2026-05-10,阪神,DeNA,3,0,甲子園球場,0.535301616833421,0,0.46469838316657897,50,0.45999999999999996,0.6060606060606061,0.53125,False,False,False,2026_final_test
2026-05-12,DeNA,中日,3,1,横浜スタジアム,0.5360218059599784,0,0.4639781940400216,51,0.3529411764705882,0.5151515151515151,0.38235294117647056,False,False,False,2026_final_test
2026-05-12,ソフトバンク,西武,0,3,PayPayドーム,0.5679073042482669,1,0.5679073042482669,56,0.625,0.5294117647058824,0.5714285714285714,False,False,False,2026_final_test
2026-05-12,ヤクルト,阪神,0,10,神宮野球場,0.5171890932440338,0,0.48281090675596616,53,0.6226415094339622,0.6111111111111112,0.6176470588235294,True,False,True,2026_final_test
2026-05-12,ロッテ,日本ハム,2,3,ZOZOマリンスタジアム,0.5393965079129734,0,0.46060349208702656,52,0.6730769230769231,0.3939393939393939,0.4722222222222222,True,False,True,2026_final_test
2026-05-12,巨人,広島,5,3,岐阜,0.5554222258164043,1,0.5554222258164043,51,0.5098039215686274,0.4857142857142857,0.36666666666666664,True,False,True,2026_final_test
2026-05-12,楽天,オリックス,0,2,弘前,0.5495989146148611,0,0.4504010853851389,49,0.6122448979591837,0.4117647058823529,0.6176470588235294,True,False,True,2026_final_test
2026-05-13,DeNA,中日,5,0,横浜スタジアム,0.530604392327461,0,0.46939560767253896,52,0.34615384615384615,0.5294117647058824,0.37142857142857144,False,False,False,2026_final_test
2026-05-13,ソフトバンク,西武,1,2,PayPayドーム,0.563535417403239,1,0.563535417403239,57,0.6140350877192983,0.5142857142857142,0.5833333333333334,False,False,False,2026_final_test
2026-05-13,ヤクルト,阪神,4,2,神宮野球場,0.5191220207504373,0,0.48087797924956266,54,0.6296296296296297,0.5945945945945946,0.6285714285714286,True,False,False,2026_final_test
2026-05-13,ロッテ,日本ハム,2,6,ZOZOマリンスタジアム,0.542128197384148,0,0.45787180261585203,53,0.679245283018868,0.38235294117647056,0.4864864864864865,True,False,True,2026_final_test
2026-05-13,巨人,広島,4,2,福井,0.5397791577845843,0,0.4602208422154157,52,0.4807692307692307,0.5,0.3548387096774194,False,False,False,2026_final_test
2026-05-14,ロッテ,日本ハム,5,3,ZOZOマリンスタジアム,0.5440291440813839,0,0.4559708559186161,54,0.6851851851851851,0.37142857142857144,0.5,True,False,False,2026_final_test
2026-05-14,楽天,オリックス,3,0,楽天モバイル,0.5402338873943187,0,0.45976611260568134,50,0.62,0.4,0.6285714285714286,True,False,False,2026_final_test
2026-05-15,ロッテ,オリックス,6,3,ZOZOマリンスタジアム,0.5466068700885878,0,0.45339312991141223,53,0.5283018867924528,0.3888888888888889,0.6111111111111112,True,False,False,2026_final_test
2026-05-15,中日,ヤクルト,5,8,ナゴヤドーム,0.5523698821841907,0,0.4476301178158093,53,0.4716981132075472,0.3611111111111111,0.6052631578947368,True,False,True,2026_final_test
2026-05-15,巨人,DeNA,2,0,東京ドーム,0.5302352445974586,0,0.46976475540254137,54,0.35185185185185186,0.5135135135135135,0.5428571428571428,True,False,False,2026_final_test
2026-05-15,日本ハム,西武,0,3,エスコンF,0.564513237623276,1,0.564513237623276,52,0.5769230769230769,0.48717948717948717,0.5945945945945946,False,False,False,2026_final_test
2026-05-15,楽天,ソフトバンク,6,3,楽天モバイル,0.5295159895957879,0,0.47048401040421206,58,0.5862068965517242,0.4166666666666667,0.5,True,False,False,2026_final_test
2026-05-15,阪神,広島,0,2,甲子園球場,0.5498619677204564,0,0.45013803227954363,50,0.36,0.6111111111111112,0.34375,False,False,True,2026_final_test
2026-05-16,中日,ヤクルト,8,0,ナゴヤドーム,0.5601835967085341,1,0.5601835967085341,54,0.5185185185185185,0.35135135135135137,0.6153846153846154,False,False,True,2026_final_test
2026-05-16,巨人,DeNA,4,3,東京ドーム,0.5348919520564602,0,0.46510804794353977,55,0.34545454545454546,0.5263157894736842,0.5277777777777778,True,False,False,2026_final_test
2026-05-16,日本ハム,西武,5,4,エスコンF,0.5672090508671395,1,0.5672090508671395,53,0.5660377358490566,0.475,0.6052631578947368,False,False,True,2026_final_test
2026-05-16,楽天,ソフトバンク,4,3,楽天モバイル,0.5213066984815277,0,0.47869330151847234,59,0.576271186440678,0.43243243243243246,0.4864864864864865,True,False,False,2026_final_test
2026-05-16,阪神,広島,3,1,甲子園球場,0.5508463593854303,0,0.44915364061456975,51,0.37254901960784315,0.5945945945945946,0.36363636363636365,False,False,False,2026_final_test
2026-05-17,ロッテ,オリックス,3,2,ZOZOマリンスタジアム,0.5470463962483993,0,0.45295360375160065,54,0.5185185185185186,0.40540540540540543,0.5945945945945946,True,False,False,2026_final_test
2026-05-17,中日,ヤクルト,1,5,ナゴヤドーム,0.5572918258111388,1,0.5572918258111388,55,0.5272727272727272,0.3684210526315789,0.6,False,False,False,2026_final_test
2026-05-17,巨人,DeNA,1,0,東京ドーム,0.5324267717876388,0,0.46757322821236125,56,0.3392857142857143,0.5384615384615384,0.5135135135135135,False,False,False,2026_final_test
2026-05-17,日本ハム,西武,3,6,エスコンF,0.5675761750227443,1,0.5675761750227443,54,0.5740740740740741,0.4878048780487805,0.5897435897435898,False,False,False,2026_final_test
2026-05-17,楽天,ソフトバンク,1,5,楽天モバイル,0.519880704524496,0,0.480119295475504,60,0.5666666666666667,0.4473684210526316,0.47368421052631576,True,False,True,2026_final_test
2026-05-17,阪神,広島,0,1,甲子園球場,0.5459282467713831,0,0.4540717532286169,52,0.3653846153846154,0.6052631578947368,0.35294117647058826,False,False,True,2026_final_test
2026-05-19,オリックス,ソフトバンク,2,1,京セラドーム大阪,0.524479886803717,0,0.47552011319628296,51,0.6862745098039216,0.5789473684210527,0.48717948717948717,False,False,False,2026_final_test
2026-05-19,ヤクルト,巨人,0,2,いわき,0.5388119517836228,0,0.46118804821637716,57,0.543859649122807,0.6097560975609756,0.55,False,False,True,2026_final_test
2026-05-19,広島,DeNA,3,1,マツダスタジアム,0.5458193640103693,0,0.45418063598963065,52,0.5576923076923077,0.37142857142857144,0.5,True,False,False,2026_final_test
2026-05-19,日本ハム,楽天,6,2,エスコンF,0.5436852186730373,0,0.4563147813269627,53,0.39622641509433965,0.47619047619047616,0.4358974358974359,False,False,False,2026_final_test
2026-05-19,西武,ロッテ,3,2,前橋,0.5237916675356655,0,0.47620833246433447,55,0.6,0.6,0.42105263157894735,False,False,False,2026_final_test
2026-05-19,阪神,中日,4,2,倉敷,0.5508681035978065,0,0.44913189640219353,54,0.37037037037037035,0.5897435897435898,0.358974358974359,False,False,False,2026_final_test
2026-05-20,オリックス,ソフトバンク,8,3,京セラドーム大阪,0.5222110681241157,0,0.47778893187588434,52,0.6730769230769231,0.5897435897435898,0.475,False,False,False,2026_final_test
2026-05-20,広島,DeNA,3,4,マツダスタジアム,0.5381542406548211,0,0.4618457593451789,53,0.5471698113207547,0.3888888888888889,0.48717948717948717,True,False,True,2026_final_test
2026-05-20,日本ハム,楽天,5,3,エスコンF,0.5457827959825416,0,0.45421720401745835,54,0.38888888888888884,0.4883720930232558,0.425,False,False,False,2026_final_test
2026-05-20,西武,ロッテ,1,3,県営大宮,0.5237275060342229,0,0.4762724939657771,56,0.5892857142857143,0.6097560975609756,0.41025641025641024,False,False,True,2026_final_test
2026-05-20,阪神,中日,8,7,甲子園球場,0.5405396187636042,0,0.45946038123639577,55,0.36363636363636365,0.6,0.35,False,False,False,2026_final_test
2026-05-21,ヤクルト,巨人,3,1,神宮野球場,0.5362089458344804,0,0.4637910541655196,58,0.5517241379310345,0.5952380952380952,0.5609756097560976,False,False,False,2026_final_test
2026-05-21,広島,DeNA,3,1,マツダスタジアム,0.5421154007851651,0,0.45788459921483493,54,0.5555555555555556,0.3783783783783784,0.5,True,False,False,2026_final_test
2026-05-22,ソフトバンク,日本ハム,10,0,PayPayドーム,0.5526959735376116,0,0.4473040264623884,50,0.43999999999999995,0.4634146341463415,0.5,True,False,False,2026_final_test
2026-05-22,中日,広島,6,2,ナゴヤドーム,0.5573881707086671,1,0.5573881707086671,53,0.5283018867924528,0.34146341463414637,0.39473684210526316,False,False,True,2026_final_test
2026-05-22,巨人,阪神,4,7,東京ドーム,0.535835609998516,0,0.464164390001484,54,0.5925925925925926,0.5476190476190477,0.6097560975609756,True,False,True,2026_final_test
2026-05-22,楽天,ロッテ,1,2,楽天モバイル,0.539233676795114,0,0.460766323204886,52,0.4807692307692307,0.4146341463414634,0.425,True,False,True,2026_final_test
2026-05-22,西武,オリックス,1,5,メットライフドーム,0.5335869670679135,0,0.46641303293208647,54,0.537037037037037,0.5952380952380952,0.6,True,False,True,2026_final_test
2026-05-23,DeNA,ヤクルト,0,6,横浜スタジアム,0.5478970264887789,0,0.4521029735112211,51,0.43137254901960786,0.4878048780487805,0.6046511627906976,True,False,True,2026_final_test
2026-05-23,ソフトバンク,日本ハム,11,1,PayPayドーム,0.5443447823485484,0,0.45565521765145156,51,0.43137254901960786,0.47619047619047616,0.4888888888888889,True,False,False,2026_final_test
2026-05-23,中日,広島,3,5,ナゴヤドーム,0.5480561544812571,0,0.4519438455187429,54,0.4629629629629629,0.35714285714285715,0.38461538461538464,True,False,True,2026_final_test
2026-05-23,巨人,阪神,0,3,東京ドーム,0.5439977781089045,0,0.4560022218910955,55,0.6,0.5348837209302325,0.6190476190476191,True,False,True,2026_final_test
2026-05-23,楽天,ロッテ,6,7,楽天モバイル,0.544166164212987,0,0.455833835787013,53,0.49056603773584906,0.40476190476190477,0.43902439024390244,True,False,True,2026_final_test
2026-05-23,西武,オリックス,4,1,メットライフドーム,0.5362778221557505,0,0.4637221778442495,55,0.5454545454545454,0.5813953488372093,0.6097560975609756,True,False,False,2026_final_test
2026-05-24,DeNA,ヤクルト,1,0,横浜スタジアム,0.5420690321680462,0,0.45793096783195375,52,0.4423076923076923,0.47619047619047616,0.6136363636363636,True,False,False,2026_final_test
2026-05-24,ソフトバンク,日本ハム,7,6,PayPayドーム,0.5429790042366535,0,0.45702099576334654,52,0.42307692307692313,0.4883720930232558,0.4782608695652174,False,False,False,2026_final_test
2026-05-24,中日,広島,3,5,ナゴヤドーム,0.5528318276578142,0,0.44716817234218575,55,0.4727272727272728,0.3488372093023256,0.4,True,False,True,2026_final_test
2026-05-24,巨人,阪神,3,6,東京ドーム,0.5440592404988215,0,0.4559407595011785,56,0.6071428571428572,0.5227272727272727,0.627906976744186,True,False,True,2026_final_test
2026-05-24,楽天,ロッテ,8,5,楽天モバイル,0.5451313704154334,0,0.45486862958456664,54,0.5,0.3953488372093023,0.4523809523809524,True,False,False,2026_final_test
2026-05-24,西武,オリックス,4,3,メットライフドーム,0.536311886459679,0,0.463688113540321,56,0.5357142857142857,0.5909090909090909,0.5952380952380952,True,False,False,2026_final_test
2026-05-26,DeNA,オリックス,1,7,横浜スタジアム,0.5377205448810043,0,0.4622794551189957,6,0.6666666666666667,0.4883720930232558,0.5813953488372093,True,False,True,2026_final_test
2026-05-26,ヤクルト,西武,1,2,神宮野球場,0.5460183537063824,0,0.4539816462936176,6,0.33333333333333337,0.6,0.6,True,False,True,2026_final_test
2026-05-26,中日,楽天,1,0,ナゴヤドーム,0.5387509270406303,0,0.4612490729593697,5,0.6,0.3409090909090909,0.4090909090909091,True,False,False,2026_final_test
2026-05-26,巨人,ソフトバンク,3,8,東京ドーム,0.5418303180550957,0,0.45816968194490426,5,0.4,0.5111111111111111,0.5,False,False,True,2026_final_test
2026-05-26,広島,ロッテ,1,3,マツダスタジアム,0.5545582012943762,0,0.44544179870562384,5,0.6,0.4146341463414634,0.4418604651162791,True,False,True,2026_final_test
2026-05-26,阪神,日本ハム,0,4,甲子園球場,0.5267824271275928,0,0.4732175728724072,6,0.5,0.6363636363636364,0.46808510638297873,False,False,True,2026_final_test
2026-05-27,DeNA,オリックス,2,5,横浜スタジアム,0.5378680878404601,0,0.46213191215953986,7,0.7142857142857143,0.4772727272727273,0.5909090909090909,True,False,True,2026_final_test
2026-05-27,中日,楽天,7,2,ナゴヤドーム,0.5347923467338693,0,0.46520765326613067,6,0.5,0.35555555555555557,0.4,True,False,False,2026_final_test
2026-05-27,巨人,ソフトバンク,5,1,東京ドーム,0.5353321520702555,0,0.46466784792974447,6,0.5,0.5,0.5111111111111111,True,False,False,2026_final_test
2026-05-27,広島,ロッテ,4,5,マツダスタジアム,0.5537246319632866,0,0.4462753680367134,6,0.6666666666666667,0.40476190476190477,0.45454545454545453,True,False,True,2026_final_test
2026-05-27,阪神,日本ハム,2,5,甲子園球場,0.5353773670466947,0,0.4646226329533053,7,0.5714285714285714,0.6222222222222222,0.4791666666666667,False,False,True,2026_final_test
2026-05-28,DeNA,オリックス,3,1,横浜スタジアム,0.5386185947974461,0,0.4613814052025539,8,0.75,0.4666666666666667,0.6,True,False,False,2026_final_test
2026-05-28,ヤクルト,西武,0,8,神宮野球場,0.5412030825360836,0,0.4587969174639164,7,0.4285714285714286,0.5869565217391305,0.6086956521739131,True,False,True,2026_final_test
2026-05-28,中日,楽天,2,1,ナゴヤドーム,0.5357861256572081,0,0.46421387434279193,7,0.4285714285714286,0.3695652173913043,0.391304347826087,True,False,False,2026_final_test
2026-05-28,巨人,ソフトバンク,4,8,東京ドーム,0.5358195090645943,0,0.4641804909354057,7,0.4285714285714286,0.5106382978723404,0.5,False,False,True,2026_final_test
2026-05-28,広島,ロッテ,3,6,マツダスタジアム,0.5479475827232837,0,0.4520524172767163,7,0.7142857142857143,0.3953488372093023,0.4666666666666667,True,False,True,2026_final_test
2026-05-28,阪神,日本ハム,2,4,甲子園球場,0.5350789603692694,0,0.4649210396307306,8,0.625,0.6086956521739131,0.4897959183673469,False,False,True,2026_final_test
2026-05-29,オリックス,中日,1,5,京セラドーム大阪,0.5407167108153544,0,0.45928328918464556,6,0.5,0.5869565217391305,0.3829787234042553,False,False,True,2026_final_test
2026-05-29,ソフトバンク,広島,2,0,PayPayドーム,0.5573750609117712,1,0.5573750609117712,6,0.8333333333333334,0.5106382978723404,0.38636363636363635,True,False,True,2026_final_test
2026-05-29,ロッテ,阪神,0,1,ZOZOマリンスタジアム,0.5330542867174544,0,0.46694571328254564,6,0.5,0.4782608695652174,0.5957446808510638,True,False,True,2026_final_test
2026-05-29,日本ハム,巨人,2,4,エスコンF,0.5519880460830644,0,0.4480119539169356,5,0.6,0.5,0.5,True,False,True,2026_final_test
2026-05-29,楽天,ヤクルト,2,7,楽天モバイル,0.5455669251899259,0,0.4544330748100741,5,0.19999999999999996,0.3829787234042553,0.574468085106383,True,False,True,2026_final_test
2026-05-29,西武,DeNA,13,4,メットライフドーム,0.5139427028256287,0,0.4860572971743713,6,0.6666666666666667,0.6170212765957447,0.4782608695652174,False,False,False,2026_final_test
2026-05-30,オリックス,中日,3,1,京セラドーム大阪,0.5407750977822768,0,0.45922490221772316,7,0.5714285714285714,0.574468085106383,0.3958333333333333,False,False,False,2026_final_test
2026-05-30,ソフトバンク,広島,4,2,PayPayドーム,0.5510626220718763,0,0.4489373779281237,7,0.1428571428571429,0.5208333333333334,0.37777777777777777,False,False,False,2026_final_test
2026-05-30,ロッテ,阪神,3,4,ZOZOマリンスタジアム,0.5353553686072412,0,0.4646446313927588,7,0.5714285714285714,0.46808510638297873,0.6041666666666666,True,False,True,2026_final_test
2026-05-30,日本ハム,巨人,3,5,エスコンF,0.5509467100438954,0,0.4490532899561046,6,0.6666666666666667,0.49019607843137253,0.5102040816326531,True,False,True,2026_final_test
2026-05-30,楽天,ヤクルト,7,8,楽天モバイル,0.5472256657844463,0,0.4527743342155537,6,0.33333333333333337,0.375,0.5833333333333334,True,False,True,2026_final_test
2026-05-30,西武,DeNA,6,0,メットライフドーム,0.5143922701075413,0,0.4856077298924587,7,0.5714285714285714,0.625,0.46808510638297873,False,False,False,2026_final_test
2026-05-31,オリックス,中日,7,5,京セラドーム大阪,0.541051198679996,0,0.45894880132000404,8,0.5,0.5833333333333334,0.3877551020408163,False,False,False,2026_final_test
2026-05-31,ソフトバンク,広島,3,1,PayPayドーム,0.5621584365640484,1,0.5621584365640484,8,0.875,0.5306122448979592,0.3695652173913043,True,True,True,2026_final_test
2026-05-31,ロッテ,阪神,4,2,ZOZOマリンスタジアム,0.5346336658738404,0,0.4653663341261596,8,0.625,0.4583333333333333,0.6122448979591837,True,False,False,2026_final_test
2026-05-31,日本ハム,巨人,3,0,エスコンF,0.5578499704871674,1,0.5578499704871674,7,0.2857142857142857,0.4807692307692308,0.52,False,False,True,2026_final_test
2026-05-31,楽天,ヤクルト,1,2,楽天モバイル,0.5522391801629754,0,0.44776081983702465,7,0.4285714285714286,0.3673469387755102,0.5918367346938775,True,False,True,2026_final_test
2026-05-31,西武,DeNA,0,6,メットライフドーム,0.5221685071630893,0,0.47783149283691073,8,0.5,0.6326530612244898,0.4583333333333333,False,False,True,2026_final_test
2026-06-02,DeNA,楽天,3,7,横浜スタジアム,0.5338154455008728,0,0.4661845544991272,7,0.4285714285714286,0.46938775510204084,0.36,False,False,True,2026_final_test
2026-06-02,ヤクルト,ロッテ,0,5,神宮野球場,0.5258797218581668,0,0.4741202781418332,4,0.75,0.6,0.46938775510204084,False,False,True,2026_final_test
2026-06-02,中日,ソフトバンク,0,3,ナゴヤドーム,0.5356711786108771,0,0.4643288213891229,6,0.8333333333333334,0.38,0.54,True,False,True,2026_final_test
2026-06-02,巨人,オリックス,3,2,東京ドーム,0.5450910835703565,0,0.4549089164296435,6,1.0,0.5098039215686274,0.5918367346938775,True,False,False,2026_final_test
2026-06-03,DeNA,楽天,0,2,横浜スタジアム,0.5335416436805827,0,0.46645835631941734,8,0.5,0.46,0.37254901960784315,False,False,True,2026_final_test
2026-06-03,ヤクルト,ロッテ,1,0,神宮野球場,0.5211809994357752,0,0.4788190005642248,5,0.8,0.5882352941176471,0.48,False,False,False,2026_final_test
2026-06-03,巨人,オリックス,5,4,東京ドーム,0.5479360842329163,0,0.4520639157670837,7,0.8571428571428572,0.5192307692307693,0.58,True,False,False,2026_final_test
2026-06-03,広島,日本ハム,3,1,マツダスタジアム,0.5546907285718662,0,0.4453092714281338,6,0.5,0.3617021276595745,0.49056603773584906,True,False,False,2026_final_test
2026-06-03,阪神,西武,2,3,甲子園球場,0.5604067486836833,1,0.5604067486836833,6,0.5,0.6,0.62,False,False,False,2026_final_test
2026-06-04,DeNA,楽天,8,7,横浜スタジアム,0.5353455840299411,0,0.46465441597005885,9,0.5555555555555556,0.45098039215686275,0.38461538461538464,False,False,False,2026_final_test
2026-06-04,ヤクルト,ロッテ,2,5,神宮野球場,0.520521196762281,0,0.47947880323771896,6,0.6666666666666667,0.5961538461538461,0.47058823529411764,False,False,True,2026_final_test
2026-06-04,中日,ソフトバンク,1,2,ナゴヤドーム,0.5438165858604987,0,0.45618341413950125,7,0.8571428571428572,0.37254901960784315,0.5490196078431373,True,False,True,2026_final_test
2026-06-04,巨人,オリックス,2,1,東京ドーム,0.5462615959984947,0,0.45373840400150534,8,0.75,0.5283018867924528,0.5686274509803921,True,False,False,2026_final_test
2026-06-04,阪神,西武,2,4,甲子園球場,0.555941066991259,1,0.555941066991259,7,0.42857142857142855,0.5882352941176471,0.6274509803921569,False,False,False,2026_final_test
2026-06-05,DeNA,ソフトバンク,8,3,横浜スタジアム,0.5225713339409114,0,0.4774286660590886,6,0.8333333333333334,0.46153846153846156,0.5576923076923077,True,False,False,2026_final_test
2026-06-05,ヤクルト,日本ハム,1,3,神宮野球場,0.5247212086939259,0,0.4752787913060741,6,0.6666666666666667,0.5849056603773585,0.48148148148148145,False,False,True,2026_final_test
2026-06-05,中日,西武,1,0,ナゴヤドーム,0.566093185420611,1,0.566093185420611,5,0.2,0.36538461538461536,0.6346153846153846,False,False,True,2026_final_test
2026-06-05,巨人,ロッテ,8,2,東京ドーム,0.5467915148237509,0,0.4532084851762491,6,0.6666666666666667,0.5370370370370371,0.4807692307692308,False,False,False,2026_final_test
2026-06-05,阪神,楽天,8,1,甲子園球場,0.5390583725985195,0,0.4609416274014805,5,1.0,0.5769230769230769,0.37735849056603776,False,False,False,2026_final_test
2026-06-06,DeNA,ソフトバンク,3,6,横浜スタジアム,0.5256407997919891,0,0.4743592002080109,7,0.7142857142857143,0.4716981132075472,0.5471698113207547,True,False,True,2026_final_test
2026-06-06,ヤクルト,日本ハム,0,2,神宮野球場,0.5217485829131845,0,0.4782514170868155,7,0.7142857142857143,0.5740740740740741,0.4909090909090909,False,False,True,2026_final_test
2026-06-06,中日,西武,2,5,ナゴヤドーム,0.5653323961654003,1,0.5653323961654003,6,0.3333333333333333,0.37735849056603776,0.6226415094339622,False,False,False,2026_final_test
2026-06-06,広島,オリックス,7,4,マツダスタジアム,0.5628333912491926,1,0.5628333912491926,6,0.5,0.375,0.5576923076923077,False,False,True,2026_final_test
2026-06-06,阪神,楽天,1,0,甲子園球場,0.54441726553991,0,0.45558273446009,6,0.8333333333333334,0.5849056603773585,0.37037037037037035,False,False,False,2026_final_test
2026-06-07,DeNA,ソフトバンク,2,4,横浜スタジアム,0.5217845327193137,0,0.4782154672806863,8,0.75,0.46296296296296297,0.5555555555555556,True,False,True,2026_final_test
2026-06-07,ヤクルト,日本ハム,1,7,神宮野球場,0.5306276440681885,0,0.4693723559318115,8,0.75,0.5636363636363636,0.5,False,False,True,2026_final_test
2026-06-07,中日,西武,1,4,ナゴヤドーム,0.5649583679382355,1,0.5649583679382355,7,0.2857142857142857,0.37037037037037035,0.6296296296296297,False,False,False,2026_final_test
2026-06-07,広島,オリックス,5,2,マツダスタジアム,0.5484684099650851,0,0.45153159003491494,7,0.4285714285714286,0.3877551020408163,0.5471698113207547,True,False,False,2026_final_test
2026-06-09,オリックス,ヤクルト,4,3,京セラドーム大阪,0.5484053107696955,0,0.45159468923030455,6,0.5,0.5370370370370371,0.5535714285714286,True,False,False,2026_final_test
2026-06-09,ソフトバンク,阪神,10,4,PayPayドーム,0.5556483083739929,1,0.5556483083739929,6,0.6666666666666666,0.5636363636363636,0.5925925925925926,False,False,True,2026_final_test
2026-06-09,ロッテ,中日,3,1,ZOZOマリンスタジアム,0.558309127397821,1,0.558309127397821,6,0.3333333333333333,0.4716981132075472,0.36363636363636365,True,False,True,2026_final_test
2026-06-09,日本ハム,DeNA,4,1,エスコンF,0.5470866850647057,0,0.4529133149352943,6,0.6666666666666667,0.5087719298245614,0.45454545454545453,False,False,False,2026_final_test
2026-06-09,楽天,巨人,2,8,楽天モバイル,0.5469919191002428,0,0.4530080808997572,6,0.33333333333333337,0.36363636363636365,0.5454545454545454,True,False,True,2026_final_test
2026-06-09,西武,広島,4,3,メットライフドーム,0.5298036825271853,0,0.47019631747281465,6,0.8333333333333334,0.6363636363636364,0.4,False,False,False,2026_final_test
2026-06-10,オリックス,ヤクルト,8,4,京セラドーム大阪,0.5436689261380874,0,0.45633107386191263,7,0.4285714285714286,0.5454545454545454,0.543859649122807,False,False,False,2026_final_test
2026-06-10,ソフトバンク,阪神,6,2,PayPayドーム,0.5493456543188727,0,0.4506543456811273,7,0.2857142857142857,0.5714285714285714,0.5818181818181818,True,False,False,2026_final_test
2026-06-10,ロッテ,中日,4,11,ZOZOマリンスタジアム,0.5459726339491469,0,0.45402736605085314,7,0.5714285714285714,0.48148148148148145,0.35714285714285715,False,False,True,2026_final_test
2026-06-10,日本ハム,DeNA,4,2,エスコンF,0.5474054172080921,0,0.4525945827919079,7,0.5714285714285714,0.5172413793103449,0.44642857142857145,False,False,False,2026_final_test
2026-06-10,楽天,巨人,0,7,楽天モバイル,0.547118012380461,0,0.452881987619539,7,0.4285714285714286,0.35714285714285715,0.5535714285714286,True,False,True,2026_final_test
2026-06-10,西武,広島,5,4,メットライフドーム,0.5297268726210103,0,0.47027312737898974,7,0.7142857142857143,0.6428571428571429,0.39215686274509803,False,False,False,2026_final_test
2026-06-11,オリックス,ヤクルト,4,2,京セラドーム大阪,0.5400622752963755,0,0.4599377247036245,8,0.375,0.5535714285714286,0.5344827586206896,False,False,False,2026_final_test
2026-06-11,ソフトバンク,阪神,3,2,PayPayドーム,0.5432679000533268,0,0.4567320999466732,8,0.25,0.5789473684210527,0.5714285714285714,False,False,False,2026_final_test
2026-06-11,ロッテ,中日,3,2,ZOZOマリンスタジアム,0.5575150268243557,1,0.5575150268243557,8,0.375,0.4727272727272727,0.3684210526315789,True,False,True,2026_final_test
2026-06-11,日本ハム,DeNA,3,0,エスコンF,0.5484206164285694,0,0.45157938357143057,8,0.5,0.5254237288135594,0.43859649122807015,False,False,False,2026_final_test
2026-06-11,楽天,巨人,8,2,楽天モバイル,0.5461785807312295,0,0.4538214192687705,8,0.5,0.3508771929824561,0.5614035087719298,True,False,False,2026_final_test
2026-06-11,西武,広島,4,1,メットライフドーム,0.5343929605673505,0,0.46560703943264947,8,0.625,0.6491228070175439,0.38461538461538464,False,False,False,2026_final_test
2026-06-12,オリックス,阪神,2,1,京セラドーム大阪,0.5293905678558876,0,0.47060943214411244,5,0.6,0.5614035087719298,0.5614035087719298,True,False,False,2026_final_test
2026-06-12,ソフトバンク,ヤクルト,2,4,PayPayドーム,0.5621062849326548,1,0.5621062849326548,6,0.5,0.5862068965517241,0.5254237288135594,True,True,False,2026_final_test
2026-06-12,ロッテ,DeNA,3,2,ZOZOマリンスタジアム,0.5346115149050655,0,0.46538848509493447,5,0.6,0.48214285714285715,0.43103448275862066,False,False,False,2026_final_test
2026-06-12,日本ハム,中日,3,1,エスコンF,0.5619353311371109,1,0.5619353311371109,6,0.6666666666666666,0.5333333333333333,0.3620689655172414,True,True,True,2026_final_test
2026-06-12,楽天,広島,2,1,楽天モバイル,0.5522989052577824,0,0.44770109474221764,6,0.6666666666666667,0.3620689655172414,0.37735849056603776,True,False,False,2026_final_test
2026-06-12,西武,巨人,3,0,メットライフドーム,0.5188471547498381,0,0.4811528452501619,6,0.6666666666666667,0.6551724137931034,0.5517241379310345,False,False,False,2026_final_test
2026-06-13,オリックス,阪神,3,6,京セラドーム大阪,0.525822186334652,0,0.47417781366534795,6,0.5,0.5689655172413793,0.5517241379310345,False,False,True,2026_final_test
2026-06-13,ソフトバンク,ヤクルト,8,1,PayPayドーム,0.568009262624868,1,0.568009262624868,7,0.42857142857142855,0.576271186440678,0.5333333333333333,True,False,True,2026_final_test
2026-06-13,ロッテ,DeNA,6,16,ZOZOマリンスタジアム,0.5378052603205079,0,0.4621947396794921,6,0.5,0.49122807017543857,0.423728813559322,False,False,True,2026_final_test
2026-06-13,日本ハム,中日,4,3,エスコンF,0.5534875960818566,0,0.4465124039181434,7,0.2857142857142857,0.5409836065573771,0.3559322033898305,False,False,False,2026_final_test
2026-06-13,楽天,広島,0,2,楽天モバイル,0.5523915922100756,0,0.4476084077899244,7,0.5714285714285714,0.3728813559322034,0.37037037037037035,False,False,True,2026_final_test
2026-06-13,西武,巨人,1,2,メットライフドーム,0.5161990750719182,0,0.4838009249280818,7,0.5714285714285714,0.6610169491525424,0.5423728813559322,False,False,True,2026_final_test
2026-06-14,オリックス,阪神,3,2,京セラドーム大阪,0.5269394738494062,0,0.4730605261505938,7,0.5714285714285714,0.559322033898305,0.559322033898305,True,False,False,2026_final_test
2026-06-14,ソフトバンク,ヤクルト,0,4,PayPayドーム,0.5634190031971684,1,0.5634190031971684,8,0.5,0.5833333333333334,0.5245901639344263,True,True,False,2026_final_test
2026-06-14,ロッテ,DeNA,6,4,ZOZOマリンスタジアム,0.5374970559685568,0,0.4625029440314432,7,0.5714285714285714,0.4827586206896552,0.43333333333333335,False,False,False,2026_final_test
2026-06-14,日本ハム,中日,5,9,エスコンF,0.5498610228704176,0,0.4501389771295824,8,0.25,0.5483870967741935,0.35,False,False,True,2026_final_test
2026-06-14,楽天,広島,0,3,楽天モバイル,0.5527974564497393,0,0.4472025435502607,8,0.625,0.36666666666666664,0.38181818181818183,True,False,True,2026_final_test
2026-06-14,西武,巨人,1,0,メットライフドーム,0.5243730045577016,0,0.47562699544229836,8,0.625,0.65,0.55,False,False,False,2026_final_test
2026-06-17,阪神,楽天,10,3,甲子園球場,0.5436140638514626,0,0.4563859361485374,7,0.7142857142857143,0.55,0.36065573770491804,False,False,False,2026_final_test
2026-06-19,DeNA,阪神,3,11,横浜スタジアム,0.5350257719982161,0,0.4649742280017839,51,0.5490196078431373,0.4262295081967213,0.5573770491803278,True,False,True,2026_final_test
2026-06-19,オリックス,西武,6,5,京セラドーム大阪,0.5353792387052048,0,0.46462076129479524,57,0.4736842105263158,0.5666666666666667,0.6557377049180327,True,False,False,2026_final_test
2026-06-19,ヤクルト,広島,9,2,神宮野球場,0.5267453158046543,0,0.47325468419534567,54,0.4444444444444444,0.532258064516129,0.39285714285714285,False,False,False,2026_final_test
2026-06-19,ロッテ,楽天,8,5,ZOZOマリンスタジアム,0.5415426549109881,0,0.4584573450890119,55,0.509090909090909,0.4915254237288136,0.3548387096774194,False,False,False,2026_final_test
2026-06-19,巨人,中日,2,3,東京ドーム,0.5484010174012259,0,0.45159898259877407,54,0.40740740740740744,0.5409836065573771,0.36065573770491804,False,False,True,2026_final_test
2026-06-19,日本ハム,ソフトバンク,4,3,エスコンF,0.5348858687384335,0,0.46511413126156653,53,0.5849056603773585,0.5396825396825397,0.5737704918032787,True,False,False,2026_final_test
2026-06-20,オリックス,西武,0,4,京セラドーム大阪,0.5364292749866576,0,0.4635707250133424,58,0.4655172413793104,0.5737704918032787,0.6451612903225806,True,False,True,2026_final_test
2026-06-20,ヤクルト,広島,6,8,神宮野球場,0.5277590144813006,0,0.4722409855186994,55,0.4363636363636364,0.5396825396825397,0.38596491228070173,False,False,True,2026_final_test
2026-06-20,巨人,中日,1,0,東京ドーム,0.5526778923771897,0,0.4473221076228103,55,0.4181818181818182,0.532258064516129,0.3709677419354839,False,False,False,2026_final_test
2026-06-20,日本ハム,ソフトバンク,7,10,エスコンF,0.5341662002844333,0,0.4658337997155667,54,0.5740740740740741,0.546875,0.5645161290322581,True,False,True,2026_final_test
2026-06-21,DeNA,阪神,1,2,横浜スタジアム,0.5265530017717326,0,0.4734469982282674,52,0.5576923076923077,0.41935483870967744,0.5645161290322581,True,False,True,2026_final_test
2026-06-21,オリックス,西武,3,5,京セラドーム大阪,0.5357233617259689,0,0.4642766382740311,59,0.47457627118644063,0.5645161290322581,0.6507936507936508,True,False,True,2026_final_test
2026-06-21,ヤクルト,広島,1,2,神宮野球場,0.5322596981317087,0,0.4677403018682913,56,0.4464285714285714,0.53125,0.39655172413793105,False,False,True,2026_final_test
2026-06-21,ロッテ,楽天,7,4,ZOZOマリンスタジアム,0.5362229388675579,0,0.4637770611324421,56,0.5,0.5,0.3492063492063492,False,False,False,2026_final_test
2026-06-21,巨人,中日,3,5,東京ドーム,0.5526658630235761,0,0.4473341369764239,56,0.4107142857142857,0.5396825396825397,0.36507936507936506,False,False,True,2026_final_test
2026-06-21,日本ハム,ソフトバンク,0,8,エスコンF,0.528049907480816,0,0.47195009251918396,55,0.5818181818181818,0.5384615384615384,0.5714285714285714,True,False,True,2026_final_test
2026-06-23,ソフトバンク,オリックス,0,5,PayPayドーム,0.5558711601376746,1,0.5558711601376746,53,0.660377358490566,0.578125,0.5555555555555556,True,False,False,2026_final_test
2026-06-23,中日,DeNA,5,2,岐阜,0.521304884040254,0,0.478695115959746,53,0.6603773584905661,0.375,0.4126984126984127,True,False,False,2026_final_test
2026-06-23,広島,巨人,3,7,マツダスタジアム,0.5410391654397528,0,0.45896083456024717,53,0.5283018867924528,0.4067796610169492,0.53125,True,False,True,2026_final_test
2026-06-23,日本ハム,ロッテ,4,0,エスコンF,0.5492135266831041,0,0.4507864733168959,55,0.32727272727272727,0.5303030303030303,0.5081967213114754,False,False,False,2026_final_test
2026-06-23,楽天,西武,8,4,山形市,0.5595330165624253,1,0.5595330165624253,54,0.5370370370370371,0.34375,0.65625,False,False,True,2026_final_test
2026-06-23,阪神,ヤクルト,3,4,甲子園球場,0.5495590832869649,0,0.4504409167130351,55,0.38181818181818183,0.5714285714285714,0.5230769230769231,False,False,True,2026_final_test
2026-06-24,ソフトバンク,オリックス,8,5,PayPayドーム,0.5606815260897583,1,0.5606815260897583,54,0.6481481481481481,0.5692307692307692,0.5625,True,True,True,2026_final_test
2026-06-24,中日,DeNA,4,6,ナゴヤドーム,0.5345613269008941,0,0.4654386730991059,54,0.6481481481481481,0.38461538461538464,0.40625,True,False,True,2026_final_test
2026-06-24,日本ハム,ロッテ,7,4,エスコンF,0.5485990273900682,0,0.45140097260993184,56,0.3214285714285714,0.5373134328358209,0.5,False,False,False,2026_final_test
2026-06-25,ソフトバンク,オリックス,5,2,PayPayドーム,0.5540383863685985,0,0.4459616136314015,55,0.34545454545454546,0.5757575757575758,0.5538461538461539,False,False,False,2026_final_test
2026-06-25,中日,DeNA,3,1,ナゴヤドーム,0.5380636348346435,0,0.4619363651653565,55,0.6545454545454545,0.3787878787878788,0.4153846153846154,True,False,False,2026_final_test
2026-06-25,楽天,西武,2,0,楽天モバイル,0.5617903859961558,1,0.5617903859961558,55,0.5454545454545454,0.35384615384615387,0.6461538461538462,False,False,True,2026_final_test
2026-06-26,西武,日本ハム,4,3,メットライフドーム,0.5183689490997658,0,0.48163105090023417,55,0.5636363636363637,0.6363636363636364,0.5441176470588235,False,False,False,2026_final_test
2026-06-27,オリックス,楽天,1,5,ほっと神戸,0.5305111122064193,0,0.46948888779358067,51,0.3921568627450981,0.5454545454545454,0.36363636363636365,False,False,True,2026_final_test
2026-06-27,広島,阪神,3,2,マツダスタジアム,0.5374362026084077,0,0.46256379739159226,53,0.6226415094339622,0.4,0.5625,True,False,False,2026_final_test
2026-06-27,西武,日本ハム,2,4,メットライフドーム,0.5105590365469149,0,0.4894409634530851,56,0.5535714285714286,0.6417910447761194,0.5362318840579711,False,False,True,2026_final_test
2026-06-28,DeNA,巨人,1,2,横浜スタジアム,0.5307316016659385,0,0.46926839833406153,57,0.6666666666666667,0.4090909090909091,0.5384615384615384,True,False,True,2026_final_test
2026-06-28,オリックス,楽天,5,2,ほっと神戸,0.5307530054405487,0,0.4692469945594513,52,0.40384615384615385,0.5373134328358209,0.373134328358209,False,False,False,2026_final_test
2026-06-28,ヤクルト,中日,4,3,神宮野球場,0.5446201418842959,0,0.45537985811570414,56,0.5178571428571428,0.5303030303030303,0.3880597014925373,False,False,False,2026_final_test
2026-06-28,広島,阪神,3,12,マツダスタジアム,0.5374215491346487,0,0.4625784508653513,54,0.6111111111111112,0.4098360655737705,0.5538461538461539,True,False,True,2026_final_test
2026-06-28,西武,日本ハム,1,5,メットライフドーム,0.5170896809569988,0,0.4829103190430012,57,0.5614035087719298,0.6323529411764706,0.5428571428571428,False,False,True,2026_final_test
2026-06-30,DeNA,広島,4,7,ハードオフ新潟,0.5706086655243711,1,0.5706086655243711,55,0.5454545454545454,0.40298507462686567,0.4032258064516129,False,False,False,2026_final_test
2026-06-30,ソフトバンク,西武,6,0,東京ドーム,0.5497073626058075,0,0.45029263739419245,58,0.39655172413793105,0.582089552238806,0.6231884057971014,True,False,False,2026_final_test
2026-06-30,巨人,ヤクルト,3,4,弘前,0.549862362846791,0,0.450137637153209,59,0.4576271186440678,0.5454545454545454,0.5373134328358209,False,False,True,2026_final_test
2026-06-30,日本ハム,オリックス,9,2,エスコンF,0.5490378423710015,0,0.4509621576289985,60,0.4833333333333333,0.5492957746478874,0.5441176470588235,False,False,False,2026_final_test
2026-06-30,楽天,ロッテ,2,5,楽天モバイル,0.5385185319188225,0,0.4614814680811775,57,0.5087719298245614,0.36764705882352944,0.49206349206349204,True,False,True,2026_final_test
2026-06-30,阪神,中日,3,2,甲子園球場,0.5411380698174734,0,0.45886193018252663,56,0.3571428571428571,0.5606060606060606,0.38235294117647056,False,False,False,2026_final_test
2026-07-01,ソフトバンク,西武,11,0,PayPayドーム,0.5564279656921325,1,0.5564279656921325,59,0.6101694915254238,0.5882352941176471,0.6142857142857143,False,False,True,2026_final_test
2026-07-01,巨人,ヤクルト,2,1,盛岡,0.5421064323111181,0,0.4578935676888819,60,0.4666666666666667,0.5373134328358209,0.5441176470588235,True,False,False,2026_final_test
2026-07-01,日本ハム,オリックス,6,0,エスコンF,0.5403542505134216,0,0.45964574948657844,61,0.47540983606557374,0.5555555555555556,0.5362318840579711,False,False,False,2026_final_test
2026-07-01,楽天,ロッテ,0,5,郡山,0.5435761361219174,0,0.45642386387808265,58,0.5172413793103448,0.36231884057971014,0.5,True,False,True,2026_final_test
2026-07-02,ソフトバンク,西武,3,1,PayPayドーム,0.5613420791456576,1,0.5613420791456576,60,0.6166666666666667,0.5942028985507246,0.6056338028169014,False,False,True,2026_final_test
2026-07-02,日本ハム,オリックス,9,1,エスコンF,0.5411142858045584,0,0.45888571419544155,62,0.467741935483871,0.5616438356164384,0.5285714285714286,False,False,False,2026_final_test
2026-07-02,阪神,中日,2,3,甲子園球場,0.5384736485682626,0,0.46152635143173737,57,0.3508771929824561,0.5671641791044776,0.37681159420289856,False,False,True,2026_final_test
2026-07-03,ソフトバンク,ロッテ,3,2,PayPayドーム,0.5467942323694795,0,0.45320576763052045,54,0.37037037037037035,0.6,0.5076923076923077,False,False,False,2026_final_test
2026-07-03,中日,巨人,1,0,ナゴヤドーム,0.5455428522457463,0,0.4544571477542537,57,0.5789473684210527,0.38571428571428573,0.5441176470588235,True,False,False,2026_final_test
2026-07-03,楽天,日本ハム,8,0,楽天モバイル,0.5310613627659019,0,0.4689386372340981,55,0.6181818181818182,0.35714285714285715,0.5675675675675675,True,False,False,2026_final_test
2026-07-03,阪神,広島,1,5,甲子園球場,0.5439602310181932,0,0.45603976898180676,55,0.38181818181818183,0.5588235294117647,0.4126984126984127,False,False,True,2026_final_test
2026-07-04,ソフトバンク,ロッテ,1,8,PayPayドーム,0.5453954944446353,0,0.4546045055553647,55,0.36363636363636365,0.6056338028169014,0.5,False,False,True,2026_final_test
2026-07-04,ヤクルト,DeNA,1,12,神宮野球場,0.5241744319017941,0,0.47582556809820586,53,0.5660377358490566,0.5362318840579711,0.39705882352941174,False,False,True,2026_final_test
2026-07-04,中日,巨人,2,1,ナゴヤドーム,0.5394660291507418,0,0.4605339708492582,58,0.5689655172413793,0.39436619718309857,0.5362318840579711,True,False,False,2026_final_test
2026-07-04,楽天,日本ハム,4,1,楽天モバイル,0.5333053691436654,0,0.46669463085633456,56,0.6071428571428572,0.36619718309859156,0.56,True,False,False,2026_final_test
2026-07-05,オリックス,西武,3,1,京セラドーム大阪,0.5399199889276447,0,0.4600800110723553,60,0.4833333333333333,0.5211267605633803,0.5972222222222222,True,False,False,2026_final_test
2026-07-05,ソフトバンク,ロッテ,7,2,PayPayドーム,0.5506551276427112,0,0.4493448723572888,56,0.375,0.5972222222222222,0.5074626865671642,False,False,False,2026_final_test
2026-07-05,ヤクルト,DeNA,4,6,神宮野球場,0.5168910362913303,0,0.48310896370866974,54,0.5740740740740741,0.5285714285714286,0.4057971014492754,False,False,True,2026_final_test
2026-07-05,中日,巨人,0,1,ナゴヤドーム,0.5383989046693147,0,0.4616010953306853,59,0.5593220338983051,0.4027777777777778,0.5285714285714286,True,False,True,2026_final_test
2026-07-05,楽天,日本ハム,3,6,楽天モバイル,0.531208859485327,0,0.46879114051467297,57,0.5964912280701755,0.375,0.5526315789473685,True,False,True,2026_final_test
2026-07-05,阪神,広島,6,4,甲子園球場,0.5541475282281002,0,0.4458524717718998,56,0.3928571428571429,0.5507246376811594,0.421875,False,False,False,2026_final_test
2026-07-07,DeNA,中日,4,0,横浜スタジアム,0.535854251464298,0,0.464145748535702,56,0.3571428571428571,0.4142857142857143,0.3972602739726027,False,False,False,2026_final_test
2026-07-07,オリックス,ソフトバンク,3,6,京セラドーム大阪,0.5112639288069629,0,0.4887360711930371,56,0.6607142857142857,0.5277777777777778,0.6027397260273972,True,False,True,2026_final_test
2026-07-07,ロッテ,日本ハム,10,2,ZOZOマリンスタジアム,0.5252515012790658,0,0.47474849872093416,57,0.6842105263157895,0.5,0.5584415584415584,True,False,False,2026_final_test
2026-07-07,巨人,阪神,4,3,東京ドーム,0.5289439420145171,0,0.4710560579854829,57,0.6140350877192983,0.5352112676056338,0.5571428571428572,True,False,False,2026_final_test
2026-07-07,広島,ヤクルト,4,3,マツダスタジアム,0.5500542642101359,0,0.4499457357898641,57,0.543859649122807,0.4153846153846154,0.5211267605633803,True,False,False,2026_final_test
2026-07-08,DeNA,中日,4,3,横浜スタジアム,0.5345586765731886,0,0.46544132342681144,57,0.3508771929824561,0.4225352112676056,0.3918918918918919,False,False,False,2026_final_test
2026-07-08,オリックス,ソフトバンク,3,2,京セラドーム大阪,0.5160196549359651,0,0.48398034506403487,57,0.6666666666666667,0.5205479452054794,0.6081081081081081,True,False,False,2026_final_test
2026-07-08,ロッテ,日本ハム,2,7,ZOZOマリンスタジアム,0.5272962430963892,0,0.4727037569036108,58,0.6724137931034483,0.5072463768115942,0.5512820512820513,True,False,True,2026_final_test
2026-07-08,巨人,阪神,1,4,東京ドーム,0.5273228763459831,0,0.47267712365401693,58,0.603448275862069,0.5416666666666666,0.5492957746478874,True,False,True,2026_final_test
2026-07-08,広島,ヤクルト,4,3,マツダスタジアム,0.5453206394896961,0,0.4546793605103039,58,0.5344827586206897,0.42424242424242425,0.5138888888888888,True,False,False,2026_final_test
2026-07-08,西武,楽天,2,5,那覇,0.530545055980177,0,0.469454944019823,56,0.5535714285714286,0.589041095890411,0.3698630136986301,False,False,True,2026_final_test
2026-07-09,DeNA,中日,3,4,横浜スタジアム,0.5335825769727767,0,0.46641742302722333,58,0.3448275862068966,0.4305555555555556,0.38666666666666666,False,False,True,2026_final_test
2026-07-09,巨人,阪神,2,10,東京ドーム,0.5297186135248755,0,0.4702813864751245,59,0.6101694915254237,0.5342465753424658,0.5555555555555556,True,False,True,2026_final_test
2026-07-09,広島,ヤクルト,0,1,マツダスタジアム,0.5526226377596979,0,0.4473773622403021,59,0.5254237288135593,0.43283582089552236,0.5068493150684932,True,False,True,2026_final_test
2026-07-10,ソフトバンク,楽天,3,5,PayPayドーム,0.5479414369222856,0,0.4520585630777144,61,0.42622950819672134,0.6,0.3783783783783784,False,False,True,2026_final_test
2026-07-10,中日,広島,10,1,ナゴヤドーム,0.5479011936003937,0,0.4520988063996063,56,0.4821428571428571,0.39473684210526316,0.4264705882352941,True,False,False,2026_final_test
2026-07-10,日本ハム,西武,1,2,エスコンF,0.5591620544607662,1,0.5591620544607662,58,0.5689655172413793,0.5569620253164557,0.581081081081081,False,False,False,2026_final_test
2026-07-10,阪神,ヤクルト,1,2,甲子園球場,0.546161194037022,0,0.453838805962978,56,0.3928571428571429,0.5616438356164384,0.5135135135135135,False,False,True,2026_final_test
2026-07-11,DeNA,巨人,4,5,横浜スタジアム,0.5308854449018013,0,0.46911455509819866,58,0.6724137931034483,0.4246575342465753,0.527027027027027,True,False,True,2026_final_test
2026-07-11,ソフトバンク,楽天,9,2,PayPayドーム,0.5529478634893051,0,0.44705213651069486,62,0.4354838709677419,0.5921052631578947,0.38666666666666666,False,False,False,2026_final_test
2026-07-11,ロッテ,オリックス,3,8,ZOZOマリンスタジアム,0.5409864367297412,0,0.4590135632702588,55,0.509090909090909,0.5,0.527027027027027,True,False,True,2026_final_test
2026-07-11,中日,広島,8,1,ナゴヤドーム,0.5484789332597263,0,0.4515210667402737,57,0.4736842105263158,0.4025974025974026,0.42028985507246375,True,False,False,2026_final_test
2026-07-11,日本ハム,西武,8,2,エスコンF,0.5603728263027714,1,0.5603728263027714,59,0.559322033898305,0.55,0.5866666666666667,False,False,True,2026_final_test
2026-07-11,阪神,ヤクルト,2,1,甲子園球場,0.5461502083306324,0,0.45384979166936756,57,0.4035087719298246,0.5540540540540541,0.52,False,False,False,2026_final_test
2026-07-12,DeNA,巨人,3,4,横浜スタジアム,0.5367600155008252,0,0.4632399844991748,59,0.6779661016949152,0.4189189189189189,0.5333333333333333,True,False,True,2026_final_test
2026-07-12,ソフトバンク,楽天,3,0,PayPayドーム,0.5505435940677932,0,0.4494564059322068,63,0.4285714285714286,0.5974025974025974,0.3815789473684211,False,False,False,2026_final_test
2026-07-12,ロッテ,オリックス,2,7,ZOZOマリンスタジアム,0.5402207046515243,0,0.4597792953484757,56,0.5178571428571428,0.49295774647887325,0.5333333333333333,True,False,True,2026_final_test
2026-07-12,中日,広島,1,5,ナゴヤドーム,0.5475529665832225,0,0.4524470334167775,58,0.4655172413793104,0.41025641025641024,0.4142857142857143,True,False,True,2026_final_test
2026-07-12,日本ハム,西武,1,12,エスコンF,0.5554298300584246,1,0.5554298300584246,60,0.5666666666666667,0.5555555555555556,0.5789473684210527,False,False,False,2026_final_test
2026-07-12,阪神,ヤクルト,3,0,甲子園球場,0.5462589492854266,0,0.4537410507145734,58,0.39655172413793105,0.56,0.5131578947368421,False,False,False,2026_final_test
2026-07-14,ヤクルト,巨人,5,4,神宮野球場,0.5315363361727979,0,0.46846366382720206,61,0.540983606557377,0.5064935064935064,0.5394736842105263,True,False,False,2026_final_test
2026-07-14,中日,阪神,2,5,ナゴヤドーム,0.5409147072112295,0,0.4590852927887705,58,0.6379310344827587,0.4050632911392405,0.5657894736842105,True,False,True,2026_final_test
2026-07-14,広島,DeNA,4,5,マツダスタジアム,0.5350277287167389,0,0.46497227128326113,56,0.5357142857142857,0.4225352112676056,0.41333333333333333,False,False,True,2026_final_test
2026-07-14,日本ハム,ソフトバンク,2,4,エスコンF,0.5306394311197652,0,0.4693605688802348,56,0.5892857142857143,0.5487804878048781,0.6025641025641025,True,False,True,2026_final_test
2026-07-14,楽天,オリックス,3,1,楽天モバイル,0.5496318951282418,0,0.45036810487175816,53,0.6037735849056604,0.37662337662337664,0.5394736842105263,True,False,False,2026_final_test
2026-07-14,西武,ロッテ,2,1,メットライフドーム,0.5200672718731263,0,0.4799327281268737,57,0.5964912280701755,0.5844155844155844,0.4861111111111111,False,False,False,2026_final_test
2026-07-15,ヤクルト,巨人,2,8,神宮野球場,0.524019641435404,0,0.475980358564596,62,0.532258064516129,0.5128205128205128,0.5324675324675324,True,False,True,2026_final_test
2026-07-15,中日,阪神,6,5,ナゴヤドーム,0.542363199373687,0,0.45763680062631296,59,0.6440677966101696,0.4,0.5714285714285714,True,False,False,2026_final_test
2026-07-15,広島,DeNA,6,4,マツダスタジアム,0.5411522644446709,0,0.4588477355553291,57,0.543859649122807,0.4166666666666667,0.42105263157894735,True,False,False,2026_final_test
2026-07-15,日本ハム,ソフトバンク,7,6,エスコンF,0.528579929827454,0,0.47142007017254595,57,0.5964912280701755,0.5421686746987951,0.6075949367088608,True,False,False,2026_final_test
2026-07-15,楽天,オリックス,3,2,楽天モバイル,0.5393273943913018,0,0.46067260560869816,54,0.5925925925925926,0.38461538461538464,0.5324675324675324,True,False,False,2026_final_test
2026-07-15,西武,ロッテ,7,3,メットライフドーム,0.5207221426179975,0,0.47927785738200246,58,0.5862068965517242,0.5897435897435898,0.4794520547945205,False,False,False,2026_final_test
2026-07-16,ヤクルト,巨人,1,3,神宮野球場,0.5295275418363934,0,0.4704724581636066,63,0.5396825396825398,0.5063291139240507,0.5384615384615384,True,False,True,2026_final_test
2026-07-16,中日,阪神,1,3,ナゴヤドーム,0.5320239832816487,0,0.4679760167183513,60,0.6333333333333333,0.4074074074074074,0.5641025641025641,True,False,True,2026_final_test
2026-07-16,日本ハム,ソフトバンク,2,6,エスコンF,0.5302502446510607,0,0.46974975534893926,58,0.5862068965517242,0.5476190476190477,0.6,True,False,True,2026_final_test
2026-07-16,楽天,オリックス,12,8,楽天モバイル,0.5385063494521803,0,0.46149365054781966,55,0.5818181818181818,0.3924050632911392,0.5256410256410257,True,False,False,2026_final_test
2026-07-16,西武,ロッテ,3,4,メットライフドーム,0.5122781265245697,0,0.4877218734754303,59,0.576271186440678,0.5949367088607594,0.47297297297297297,False,False,True,2026_final_test
2026-07-17,DeNA,ヤクルト,12,4,横浜スタジアム,0.5501241920666032,0,0.44987580793339677,55,0.4181818181818182,0.4155844155844156,0.5,True,False,False,2026_final_test
2026-07-17,巨人,中日,4,1,東京ドーム,0.5406454169326604,0,0.45935458306733956,60,0.43333333333333335,0.5443037974683544,0.4024390243902439,False,False,False,2026_final_test
2026-07-17,広島,阪神,2,4,マツダスタジアム,0.5447461812056988,0,0.45525381879430116,57,0.6140350877192983,0.4246575342465753,0.569620253164557,True,False,True,2026_final_test
2026-07-18,DeNA,ヤクルト,8,0,横浜スタジアム,0.5467009013564027,0,0.4532990986435973,56,0.4107142857142857,0.4230769230769231,0.49382716049382713,True,False,False,2026_final_test
2026-07-18,オリックス,日本ハム,0,7,京セラドーム大阪,0.5265060577960808,0,0.47349394220391916,63,0.5396825396825398,0.5189873417721519,0.5411764705882353,True,False,True,2026_final_test
2026-07-18,ロッテ,ソフトバンク,4,5,ZOZOマリンスタジアム,0.5257478247911281,0,0.47425217520887186,57,0.631578947368421,0.48,0.6049382716049383,True,False,True,2026_final_test
2026-07-18,巨人,中日,1,5,東京ドーム,0.5445597836366364,0,0.4554402163633636,61,0.42622950819672134,0.55,0.39759036144578314,False,False,True,2026_final_test
2026-07-18,広島,阪神,2,1,マツダスタジアム,0.5475434282839134,0,0.45245657171608655,58,0.6206896551724138,0.4189189189189189,0.575,True,False,False,2026_final_test
2026-07-18,楽天,西武,3,2,楽天モバイル,0.549995767700882,0,0.450004232299118,57,0.4385964912280702,0.4,0.5875,True,False,False,2026_final_test
2026-07-19,DeNA,ヤクルト,5,1,横浜スタジアム,0.5490845930373446,0,0.4509154069626554,57,0.4035087719298246,0.43037974683544306,0.4878048780487805,True,False,False,2026_final_test
2026-07-19,オリックス,日本ハム,1,5,京セラドーム大阪,0.529293979859758,0,0.470706020140242,64,0.546875,0.5125,0.5465116279069767,True,False,True,2026_final_test
2026-07-19,ロッテ,ソフトバンク,0,3,ZOZOマリンスタジアム,0.5250594457560307,0,0.4749405542439693,58,0.6379310344827587,0.47368421052631576,0.6097560975609756,True,False,True,2026_final_test
2026-07-19,巨人,中日,6,1,東京ドーム,0.5436192021569435,0,0.4563807978430565,62,0.4354838709677419,0.5432098765432098,0.40476190476190477,False,False,False,2026_final_test
2026-07-19,広島,阪神,2,4,マツダスタジアム,0.5344419215826034,0,0.4655580784173966,59,0.6101694915254237,0.4266666666666667,0.5679012345679012,True,False,True,2026_final_test
2026-07-19,楽天,西武,3,6,楽天モバイル,0.5391523611071306,0,0.4608476388928694,58,0.43103448275862066,0.4074074074074074,0.5802469135802469,True,False,True,2026_final_test
2026-07-20,オリックス,日本ハム,3,0,京セラドーム大阪,0.5311954606035257,0,0.46880453939647426,65,0.5538461538461539,0.5061728395061729,0.5517241379310345,True,False,False,2026_final_test
2026-07-20,ヤクルト,中日,2,4,神宮野球場,0.5397771377856442,0,0.4602228622143558,57,0.5087719298245614,0.4819277108433735,0.4,False,False,True,2026_final_test
2026-07-20,ロッテ,ソフトバンク,4,5,ZOZOマリンスタジアム,0.5248300451834701,0,0.4751699548165299,59,0.6440677966101696,0.4675324675324675,0.6144578313253012,True,False,True,2026_final_test
2026-07-20,巨人,広島,3,1,東京ドーム,0.5465323565576672,0,0.4534676434423328,54,0.4629629629629629,0.5487804878048781,0.42105263157894735,False,False,False,2026_final_test
2026-07-20,楽天,西武,4,5,楽天モバイル,0.5479535221577276,0,0.45204647784227237,59,0.44067796610169496,0.4024390243902439,0.5853658536585366,True,False,True,2026_final_test
2026-07-20,阪神,DeNA,0,7,甲子園球場,0.5401396175649471,0,0.4598603824350529,53,0.4339622641509434,0.573170731707317,0.4375,False,False,True,2026_final_test
2026-07-21,ソフトバンク,オリックス,1,2,PayPayドーム,0.5492229723206539,0,0.45077702767934613,58,0.3448275862068966,0.6190476190476191,0.5121951219512195,False,False,True,2026_final_test
2026-07-21,ヤクルト,中日,4,11,神宮野球場,0.5371819647143597,0,0.46281803528564025,58,0.5172413793103448,0.47619047619047616,0.4069767441860465,False,False,True,2026_final_test
2026-07-21,巨人,広島,11,5,東京ドーム,0.5406030548926117,0,0.45939694510738827,55,0.4545454545454546,0.5542168674698795,0.4155844155844156,False,False,False,2026_final_test
2026-07-21,阪神,DeNA,2,1,甲子園球場,0.5327699231952935,0,0.4672300768047065,54,0.4444444444444444,0.5662650602409639,0.4444444444444444,False,False,False,2026_final_test
2026-07-22,ソフトバンク,オリックス,22,2,PayPayドーム,0.555552464580245,1,0.555552464580245,59,0.6440677966101694,0.611764705882353,0.5180722891566265,True,False,True,2026_final_test
2026-07-22,ヤクルト,中日,8,5,神宮野球場,0.5308281815956012,0,0.4691718184043988,59,0.5254237288135593,0.47058823529411764,0.41379310344827586,False,False,False,2026_final_test
2026-07-22,ロッテ,楽天,10,2,ZOZOマリンスタジアム,0.5398376691400539,0,0.46016233085994607,59,0.47457627118644063,0.46153846153846156,0.39759036144578314,False,False,False,2026_final_test
2026-07-22,巨人,広島,1,6,東京ドーム,0.5441870696975569,0,0.4558129303024431,56,0.4464285714285714,0.5595238095238095,0.41025641025641024,False,False,True,2026_final_test
2026-07-22,西武,日本ハム,4,3,メットライフドーム,0.518867140047315,0,0.48113285995268495,61,0.5573770491803278,0.5903614457831325,0.5454545454545454,False,False,False,2026_final_test
2026-07-22,阪神,DeNA,5,4,甲子園球場,0.5395937509869579,0,0.46040624901304206,55,0.4363636363636364,0.5714285714285714,0.43902439024390244,False,False,False,2026_final_test
2026-07-23,ソフトバンク,オリックス,6,5,PayPayドーム,0.5595302352593404,1,0.5595302352593404,60,0.65,0.6162790697674418,0.5119047619047619,True,False,True,2026_final_test
2026-07-23,ロッテ,楽天,3,4,ZOZOマリンスタジアム,0.5330763549589118,0,0.4669236450410882,60,0.4666666666666667,0.46835443037974683,0.39285714285714285,False,False,True,2026_final_test
2026-07-23,西武,日本ハム,2,11,メットライフドーム,0.5198301348560536,0,0.48016986514394644,62,0.5483870967741935,0.5952380952380952,0.5393258426966292,False,False,True,2026_final_test
2026-07-24,オリックス,ロッテ,3,2,京セラドーム大阪,0.5278475924805028,0,0.47215240751949716,57,0.4736842105263158,0.5058823529411764,0.4625,False,False,False,2026_final_test
2026-07-24,ヤクルト,広島,5,3,神宮野球場,0.5302573433836397,0,0.4697426566163603,60,0.4666666666666667,0.47674418604651164,0.4177215189873418,False,False,False,2026_final_test
2026-07-24,中日,DeNA,3,2,ナゴヤドーム,0.5269429744733636,0,0.4730570255266364,59,0.6440677966101696,0.4090909090909091,0.43373493975903615,True,False,False,2026_final_test
2026-07-24,西武,ソフトバンク,3,7,メットライフドーム,0.5103613304447896,0,0.4896386695552104,61,0.6229508196721312,0.5882352941176471,0.6206896551724138,True,False,True,2026_final_test
2026-07-24,阪神,巨人,2,4,甲子園球場,0.545931256628712,0,0.454068743371288,60,0.3833333333333333,0.5764705882352941,0.5529411764705883,False,False,True,2026_final_test
2026-07-25,オリックス,ロッテ,5,3,京セラドーム大阪,0.5243800097665461,0,0.4756199902334539,58,0.4655172413793104,0.5116279069767442,0.4567901234567901,False,False,False,2026_final_test
2026-07-25,ヤクルト,広島,2,1,神宮野球場,0.5293022145291173,0,0.4706977854708827,61,0.4590163934426229,0.4827586206896552,0.4125,False,False,False,2026_final_test
2026-07-25,中日,DeNA,0,5,ナゴヤドーム,0.532586865873387,0,0.467413134126613,60,0.6333333333333333,0.4157303370786517,0.42857142857142855,True,False,True,2026_final_test
2026-07-25,日本ハム,楽天,4,3,エスコンF,0.5422499593142496,0,0.4577500406857504,58,0.39655172413793105,0.5444444444444444,0.4,False,False,False,2026_final_test
2026-07-25,西武,ソフトバンク,8,6,メットライフドーム,0.5105323046169027,0,0.4894676953830973,62,0.6290322580645161,0.5813953488372093,0.625,True,False,False,2026_final_test
2026-07-25,阪神,巨人,1,5,甲子園球場,0.5479942093850927,0,0.4520057906149073,61,0.39344262295081966,0.5697674418604651,0.5581395348837209,False,False,True,2026_final_test
2026-07-26,オリックス,ロッテ,2,3,京セラドーム大阪,0.5268211610798667,0,0.47317883892013335,59,0.4576271186440678,0.5172413793103449,0.45121951219512196,False,False,True,2026_final_test
2026-07-26,ヤクルト,広島,3,4,神宮野球場,0.5259881378683889,0,0.47401186213161106,62,0.4516129032258065,0.48863636363636365,0.4074074074074074,False,False,True,2026_final_test
2026-07-26,中日,DeNA,5,1,ナゴヤドーム,0.5264772993558731,0,0.47352270064412694,61,0.639344262295082,0.4111111111111111,0.43529411764705883,True,False,False,2026_final_test
2026-07-26,日本ハム,楽天,6,2,エスコンF,0.5406990262058228,0,0.4593009737941772,59,0.38983050847457623,0.5494505494505495,0.3953488372093023,False,False,False,2026_final_test
2026-07-26,西武,ソフトバンク,0,3,メットライフドーム,0.5073474901734923,0,0.49265250982650766,63,0.6190476190476191,0.5862068965517241,0.6179775280898876,True,False,True,2026_final_test
2026-07-26,阪神,巨人,1,0,甲子園球場,0.5476687185790299,0,0.4523312814209701,62,0.4032258064516129,0.5632183908045977,0.5632183908045977,True,False,False,2026_final_test
2026-07-31,ヤクルト,阪神,3,4,神宮野球場,0.5213928893782409,0,0.4786071106217591,59,0.6101694915254237,0.48314606741573035,0.5681818181818182,True,False,True,2026_final_test
2026-07-31,巨人,DeNA,6,0,東京ドーム,0.5279018161968173,0,0.4720981838031827,60,0.31666666666666665,0.5568181818181818,0.43023255813953487,False,False,False,2026_final_test
2026-07-31,広島,中日,3,1,マツダスタジアム,0.5560850914102395,1,0.5560850914102395,59,0.4745762711864407,0.4146341463414634,0.4175824175824176,False,False,True,2026_final_test
2026-07-31,日本ハム,ロッテ,6,1,エスコンF,0.5460674982236312,0,0.4539325017763688,59,0.3220338983050848,0.5543478260869565,0.4578313253012048,False,False,False,2026_final_test
2026-07-31,西武,オリックス,4,5,メットライフドーム,0.5368309208516835,0,0.4631690791483165,61,0.5245901639344263,0.5795454545454546,0.5113636363636364,False,False,True,2026_final_test
2026-08-01,ヤクルト,阪神,3,7,神宮野球場,0.5218675187759104,0,0.4781324812240896,60,0.6166666666666667,0.4777777777777778,0.5730337078651685,True,False,True,2026_final_test
2026-08-01,巨人,DeNA,7,8,東京ドーム,0.5284426836879409,0,0.4715573163120591,61,0.3114754098360656,0.5617977528089888,0.42528735632183906,False,False,True,2026_final_test
2026-08-01,広島,中日,1,7,マツダスタジアム,0.5499350437668923,0,0.4500649562331077,60,0.5166666666666666,0.42168674698795183,0.41304347826086957,False,False,True,2026_final_test
2026-08-01,日本ハム,ロッテ,3,5,エスコンF,0.536542307606021,0,0.46345769239397905,60,0.31666666666666665,0.5591397849462365,0.4523809523809524,False,False,True,2026_final_test
2026-08-01,楽天,ソフトバンク,0,5,楽天モバイル,0.5215953294901492,0,0.4784046705098508,64,0.578125,0.39080459770114945,0.6222222222222222,True,False,True,2026_final_test
2026-08-01,西武,オリックス,4,1,メットライフドーム,0.5379604972197866,0,0.46203950278021344,62,0.532258064516129,0.5730337078651685,0.5168539325842697,False,False,False,2026_final_test
2026-08-02,巨人,DeNA,1,2,東京ドーム,0.5339619077045021,0,0.46603809229549786,62,0.32258064516129037,0.5555555555555556,0.4318181818181818,False,False,True,2026_final_test
2026-08-02,広島,中日,4,3,マツダスタジアム,0.5530696444670616,0,0.44693035553293836,61,0.5245901639344263,0.4166666666666667,0.41935483870967744,True,False,False,2026_final_test
2026-08-02,日本ハム,ロッテ,3,0,エスコンF,0.5444515979432504,0,0.4555484020567496,61,0.3278688524590164,0.5531914893617021,0.4588235294117647,False,False,False,2026_final_test
2026-08-02,楽天,ソフトバンク,6,10,楽天モバイル,0.5222137897527974,0,0.4777862102472026,65,0.5846153846153845,0.38636363636363635,0.6263736263736264,True,False,True,2026_final_test
2026-08-02,西武,オリックス,5,1,メットライフドーム,0.5380778022103686,0,0.4619221977896314,63,0.5238095238095238,0.5777777777777777,0.5111111111111111,False,False,False,2026_final_test
2026-08-03,オリックス,楽天,9,6,東京ドーム,0.5235613653130007,0,0.4764386346869993,56,0.4285714285714286,0.5054945054945055,0.38202247191011235,False,False,False,2026_final_test
2026-08-04,DeNA,阪神,1,0,横浜スタジアム,0.5219818702568152,0,0.4780181297431848,56,0.5714285714285714,0.43820224719101125,0.5777777777777777,True,False,False,2026_final_test
2026-08-04,ソフトバンク,日本ハム,1,0,京セラドーム大阪,0.5365066286347293,0,0.4634933713652707,59,0.4067796610169492,0.6304347826086957,0.5578947368421052,False,False,False,2026_final_test
2026-08-04,ロッテ,西武,5,3,ZOZOマリンスタジアム,0.5497078016149454,0,0.45029219838505463,60,0.41666666666666663,0.45348837209302323,0.5824175824175825,True,False,False,2026_final_test
2026-08-04,中日,ヤクルト,4,3,ナゴヤドーム,0.5475956376838877,0,0.45240436231611225,60,0.4833333333333333,0.4148936170212766,0.4725274725274725,True,False,False,2026_final_test
2026-08-04,広島,巨人,4,3,マツダスタジアム,0.5400165603322467,0,0.45998343966775335,57,0.543859649122807,0.4235294117647059,0.5494505494505495,True,False,False,2026_final_test
2026-08-05,DeNA,阪神,11,7,横浜スタジアム,0.521895964733315,0,0.478104035266685,57,0.5614035087719298,0.4444444444444444,0.5714285714285714,True,False,False,2026_final_test
2026-08-05,オリックス,楽天,3,1,京セラドーム大阪,0.5198471033927987,0,0.4801528966072013,57,0.42105263157894735,0.5108695652173914,0.37777777777777777,False,False,False,2026_final_test
2026-08-05,ソフトバンク,日本ハム,7,5,PayPayドーム,0.5431345273524419,0,0.45686547264755806,60,0.4,0.6344086021505376,0.5520833333333334,False,False,False,2026_final_test
2026-08-05,ロッテ,西武,8,0,ZOZOマリンスタジアム,0.5517699799472162,0,0.4482300200527838,61,0.4098360655737705,0.45977011494252873,0.5760869565217391,True,False,False,2026_final_test
2026-08-05,中日,ヤクルト,4,1,ナゴヤドーム,0.5423060867956933,0,0.45769391320430675,61,0.47540983606557374,0.42105263157894735,0.4673913043478261,True,False,False,2026_final_test
2026-08-05,広島,巨人,0,4,マツダスタジアム,0.5425811053621434,0,0.45741889463785657,58,0.5344827586206897,0.43023255813953487,0.5434782608695652,True,False,True,2026_final_test
2026-08-06,DeNA,阪神,5,10,横浜スタジアム,0.5199585612309201,0,0.4800414387690799,58,0.5517241379310345,0.45054945054945056,0.5652173913043478,True,False,True,2026_final_test
2026-08-06,オリックス,楽天,1,3,京セラドーム大阪,0.5212762482738035,0,0.4787237517261965,58,0.4137931034482759,0.5161290322580645,0.37362637362637363,False,False,True,2026_final_test
2026-08-06,ソフトバンク,日本ハム,2,6,PayPayドーム,0.5387914664077993,0,0.4612085335922007,61,0.39344262295081966,0.6382978723404256,0.5463917525773195,False,False,True,2026_final_test
2026-08-06,中日,ヤクルト,5,0,ナゴヤドーム,0.5406296978968799,0,0.45937030210312013,62,0.467741935483871,0.4270833333333333,0.46236559139784944,True,False,False,2026_final_test
2026-08-07,DeNA,広島,2,1,横浜スタジアム,0.5313236744070765,0,0.4686763255929235,58,0.4655172413793104,0.44565217391304346,0.42528735632183906,False,False,False,2026_final_test
2026-08-07,ロッテ,オリックス,2,6,ZOZOマリンスタジアム,0.5439907049145063,0,0.4560092950854937,60,0.5333333333333333,0.4659090909090909,0.5106382978723404,True,False,True,2026_final_test
2026-08-07,巨人,ヤクルト,0,1,東京ドーム,0.548608765538726,0,0.45139123446127405,64,0.453125,0.5483870967741935,0.4574468085106383,False,False,True,2026_final_test
2026-08-07,日本ハム,楽天,3,2,エスコンF,0.5441058849129662,0,0.4558941150870338,60,0.3833333333333333,0.5510204081632653,0.3804347826086957,False,False,False,2026_final_test
2026-08-07,西武,ソフトバンク,2,5,メットライフドーム,0.5104637660195167,0,0.4895362339804833,64,0.625,0.5698924731182796,0.631578947368421,True,False,True,2026_final_test
2026-08-07,阪神,中日,2,3,京セラドーム大阪,0.54598948246033,0,0.45401051753967003,61,0.360655737704918,0.5698924731182796,0.4329896907216495,False,False,True,2026_final_test
2026-08-08,ロッテ,オリックス,4,1,ZOZOマリンスタジアム,0.5402185457361544,0,0.45978145426384565,61,0.540983606557377,0.4606741573033708,0.5157894736842106,True,False,False,2026_final_test
2026-08-08,巨人,ヤクルト,8,2,東京ドーム,0.5509010966062458,0,0.44909890339375425,65,0.46153846153846156,0.5425531914893617,0.4631578947368421,False,False,False,2026_final_test
2026-08-08,日本ハム,楽天,0,6,エスコンF,0.5443103095742361,0,0.4556896904257639,61,0.3770491803278688,0.5555555555555556,0.3763440860215054,False,False,True,2026_final_test
2026-08-08,西武,ソフトバンク,2,1,メットライフドーム,0.5139411538265012,0,0.4860588461734988,65,0.6307692307692307,0.5638297872340425,0.6354166666666666,True,False,False,2026_final_test
2026-08-08,阪神,中日,1,7,京セラドーム大阪,0.5494631418214786,0,0.4505368581785214,62,0.3709677419354839,0.5638297872340425,0.4387755102040816,False,False,True,2026_final_test
2026-08-09,DeNA,広島,3,0,横浜スタジアム,0.5297022907761504,0,0.4702977092238496,59,0.4576271186440678,0.45161290322580644,0.42045454545454547,False,False,False,2026_final_test
2026-08-09,ロッテ,オリックス,7,2,ZOZOマリンスタジアム,0.5429933194014213,0,0.45700668059857874,62,0.532258064516129,0.4666666666666667,0.5104166666666666,True,False,False,2026_final_test
2026-08-09,巨人,ヤクルト,7,3,東京ドーム,0.5480511094214973,0,0.45194889057850274,66,0.4545454545454546,0.5473684210526316,0.4583333333333333,False,False,False,2026_final_test
2026-08-09,日本ハム,楽天,1,0,エスコンF,0.5448799154725925,0,0.4551200845274075,62,0.3870967741935484,0.55,0.3829787234042553,False,False,False,2026_final_test
2026-08-09,西武,ソフトバンク,0,5,メットライフドーム,0.5149604593634666,0,0.48503954063653343,66,0.6212121212121212,0.5684210526315789,0.6288659793814433,True,False,True,2026_final_test
2026-08-09,阪神,中日,1,0,京セラドーム大阪,0.5517096221438205,0,0.44829037785617953,63,0.38095238095238093,0.5578947368421052,0.4444444444444444,False,False,False,2026_final_test
2026-08-11,ソフトバンク,ロッテ,16,2,PayPayドーム,0.5519877436420061,0,0.4480122563579939,60,0.35,0.6326530612244898,0.4725274725274725,False,False,False,2026_final_test
2026-08-11,中日,DeNA,5,2,ナゴヤドーム,0.5332851352687576,0,0.46671486473124235,62,0.6290322580645161,0.44,0.4574468085106383,True,False,False,2026_final_test
2026-08-11,巨人,阪神,1,9,東京ドーム,0.5332184530627411,0,0.46678154693725893,63,0.6031746031746033,0.5520833333333334,0.5625,True,False,True,2026_final_test
2026-08-11,日本ハム,西武,0,1,エスコンF,0.55145393854673,0,0.44854606145327003,63,0.4444444444444444,0.5544554455445545,0.5625,True,False,True,2026_final_test
2026-08-11,楽天,ロッテ,1,9,楽天モバイル,0.5379629742088293,0,0.4620370257911707,61,0.5245901639344263,0.37894736842105264,0.4673913043478261,True,False,True,2026_final_test
2026-08-12,ソフトバンク,ロッテ,10,4,PayPayドーム,0.5472456924887016,0,0.4527543075112984,61,0.34426229508196726,0.6363636363636364,0.4731182795698925,False,False,False,2026_final_test
2026-08-12,ヤクルト,広島,12,0,神宮野球場,0.5366120257181829,0,0.4633879742818171,63,0.46031746031746035,0.4536082474226804,0.4157303370786517,False,False,False,2026_final_test
2026-08-12,中日,DeNA,3,6,ナゴヤドーム,0.5306161675533158,0,0.46938383244668425,63,0.6190476190476191,0.44554455445544555,0.45263157894736844,True,False,True,2026_final_test
2026-08-12,巨人,阪神,1,5,東京ドーム,0.5307277179034456,0,0.46927228209655436,64,0.609375,0.5463917525773195,0.5670103092783505,True,False,True,2026_final_test
2026-08-12,日本ハム,西武,2,5,エスコンF,0.5575344800507119,1,0.5575344800507119,64,0.546875,0.5490196078431373,0.5670103092783505,False,False,False,2026_final_test
2026-08-12,楽天,オリックス,7,2,楽天モバイル,0.5404347778369266,0,0.4595652221630734,59,0.576271186440678,0.375,0.5051546391752577,True,False,False,2026_final_test
2026-08-13,ソフトバンク,ロッテ,3,4,PayPayドーム,0.5431096926640819,0,0.45689030733591807,62,0.33870967741935487,0.64,0.46808510638297873,False,False,True,2026_final_test
2026-08-13,中日,DeNA,1,5,ナゴヤドーム,0.5330816711387087,0,0.46691832886129125,64,0.625,0.4411764705882353,0.4583333333333333,True,False,True,2026_final_test
2026-08-13,巨人,阪神,2,3,東京ドーム,0.5322654684087361,0,0.4677345315912639,65,0.6153846153846154,0.5408163265306123,0.5714285714285714,True,False,True,2026_final_test
2026-08-13,日本ハム,西武,8,2,エスコンF,0.5626706869594471,1,0.5626706869594471,65,0.5384615384615384,0.5436893203883495,0.5714285714285714,False,False,True,2026_final_test
2026-08-14,オリックス,日本ハム,6,2,京セラドーム大阪,0.5296375032546826,0,0.4703624967453174,66,0.5454545454545454,0.5,0.5480769230769231,True,False,False,2026_final_test
2026-08-14,ソフトバンク,楽天,2,5,PayPayドーム,0.547909321524177,0,0.45209067847582296,66,0.40909090909090906,0.6336633663366337,0.38144329896907214,False,False,True,2026_final_test
2026-08-14,ヤクルト,DeNA,7,2,神宮野球場,0.5331591757824702,0,0.4668408242175298,58,0.603448275862069,0.45918367346938777,0.4639175257731959,True,False,False,2026_final_test
2026-08-14,中日,巨人,0,1,ナゴヤドーム,0.5399708881644167,0,0.46002911183558326,63,0.5714285714285714,0.4368932038834951,0.5353535353535354,True,False,True,2026_final_test
2026-08-14,広島,阪神,6,1,マツダスタジアム,0.543436298049005,0,0.45656370195099505,60,0.6166666666666667,0.4111111111111111,0.5757575757575758,True,False,False,2026_final_test
2026-08-14,西武,ロッテ,7,0,メットライフドーム,0.5225510985918415,0,0.47744890140815854,62,0.5967741935483871,0.5656565656565656,0.47368421052631576,False,False,False,2026_final_test
