date,home,away,home_score,away_score,venue,game_type,source_url,season,margin,target,month,home_adv,elo_diff,prev_win_diff,prev_rd_diff,rest_diff,win5_diff,win10_diff,rd5_diff,rd10_diff,off10_diff,def10_diff,h2h_diff,final_win_diff,final_rd_diff,prob_home,prediction,confidence,selected,hit,variant
2026-03-28,DeNA,ヤクルト,2,5,横浜スタジアム,,https://handenomori.com/jpb/20260328/,2026,-3,0.0,3,1.0,56.95624172442058,0.10477228682170542,1.1570978682170543,0,0.0,0.0,0.0,0.0,0.0,0.0,0.09999999999999998,-0.0054627911770768756,0.6159554730983302,0.5402747598724601,0,0.5402747598724601,False,True,V4-A_prior
2026-03-28,オリックス,楽天,6,0,京セラドーム大阪,,https://handenomori.com/jpb/20260328/,2026,6,1.0,3,1.0,63.624530179167095,0.07171337434495334,0.5385623148781044,0,0.0,0.0,0.0,0.0,0.0,0.0,0.09999999999999998,0.11729540300968877,0.453205524634096,0.4911930778832804,0,0.5088069221167195,False,False,V4-A_prior
2026-03-28,ソフトバンク,日本ハム,6,4,PayPayドーム,,https://handenomori.com/jpb/20260328/,2026,2,1.0,3,1.0,64.62354020829821,0.03887496519075473,0.15767195767195763,0,0.0,0.0,0.0,0.0,0.0,0.0,0.0,0.08459383753501404,1.0907563025210083,0.5378505886062477,0,0.5378505886062477,False,False,V4-A_prior
2026-03-28,ロッテ,西武,11,0,ZOZOマリンスタジアム,,https://handenomori.com/jpb/20260328/,2026,11,1.0,3,1.0,23.869672887703018,-0.03759398496240601,-0.2706766917293233,0,0.0,0.0,0.0,0.0,0.0,0.0,0.0,-0.10124999999999995,-0.7908333333333334,0.5875651390615682,1,0.5875651390615682,False,True,V4-A_prior
2026-03-28,巨人,阪神,0,2,東京ドーム,,https://handenomori.com/jpb/20260328/,2026,-2,0.0,3,1.0,-66.5104668941367,-0.12580664259072882,-1.0862589544727963,0,0.0,0.0,0.0,0.0,0.0,0.0,-0.2,-0.029999999999999916,-0.5,0.5372283163234236,0,0.5372283163234236,False,True,V4-A_prior
2026-03-28,広島,中日,2,1,マツダスタジアム,,https://handenomori.com/jpb/20260328/,2026,1,1.0,3,1.0,-38.59612568273292,0.006643356643356635,0.18473193473193472,0,0.0,0.0,0.0,0.0,0.0,0.0,0.09999999999999998,-0.015109890109890112,-0.6991758241758241,0.5766461865807226,0,0.5766461865807226,False,False,V4-A_prior
2026-03-29,DeNA,ヤクルト,3,5,横浜スタジアム,,https://handenomori.com/jpb/20260329/,2026,-2,0.0,3,1.0,31.783050159594495,0.10477228682170542,1.1570978682170543,0,-1.0,-1.0,-6.0,-6.0,-3.0,-3.0,0.0,-0.0054627911770768756,0.6159554730983302,0.5433510020066024,0,0.5433510020066024,False,True,V4-A_prior
2026-03-29,オリックス,楽天,5,4,京セラドーム大阪,,https://handenomori.com/jpb/20260329/,2026,1,1.0,3,1.0,78.094975868966,0.07171337434495334,0.5385623148781044,0,1.0,1.0,12.0,12.0,6.0,6.0,0.19999999999999996,0.11729540300968877,0.453205524634096,0.4894129568607048,0,0.5105870431392951,False,False,V4-A_prior
2026-03-29,ソフトバンク,日本ハム,8,4,PayPayドーム,,https://handenomori.com/jpb/20260329/,2026,4,1.0,3,1.0,79.04091647322844,0.03887496519075473,0.15767195767195763,0,1.0,1.0,4.0,4.0,2.0,2.0,0.0,0.08459383753501404,1.0907563025210083,0.5360860279424553,0,0.5360860279424553,False,False,V4-A_prior
2026-03-29,ロッテ,西武,0,4,ZOZOマリンスタジアム,,https://handenomori.com/jpb/20260329/,2026,-4,0.0,3,1.0,40.51292497417444,-0.03759398496240601,-0.2706766917293233,0,1.0,1.0,22.0,22.0,11.0,11.0,0.0,-0.10124999999999995,-0.7908333333333334,0.5855783567964462,1,0.5855783567964462,False,False,V4-A_prior
2026-03-29,巨人,阪神,6,12,東京ドーム,,https://handenomori.com/jpb/20260329/,2026,-6,0.0,3,1.0,-84.7015356668312,-0.12580664259072882,-1.0862589544727963,0,-1.0,-1.0,-4.0,-4.0,-2.0,-2.0,-0.2,-0.029999999999999916,-0.5,0.5394538167633598,0,0.5394538167633598,False,True,V4-A_prior
2026-03-29,広島,中日,1,0,マツダスタジアム,,https://handenomori.com/jpb/20260329/,2026,1,1.0,3,1.0,-18.38912344016103,0.006643356643356635,0.18473193473193472,0,1.0,1.0,2.0,2.0,1.0,1.0,0.19999999999999996,-0.015109890109890112,-0.6991758241758241,0.5742160320419375,0,0.5742160320419375,False,False,V4-A_prior
2026-03-31,ヤクルト,広島,8,3,神宮野球場,,https://handenomori.com/jpb/20260331/,2026,5,1.0,3,1.0,82.80613792281065,-0.027608825283243876,-0.5837805605247466,0,0.0,0.0,1.5,1.5,3.5,-2.0,0.30000000000000004,0.04706404706404704,0.033966033966033926,0.5257134096292077,0,0.5257134096292077,False,False,V4-A_prior
2026-03-31,中日,巨人,2,5,ナゴヤドーム,,https://handenomori.com/jpb/20260331/,2026,-3,0.0,3,1.0,-61.08898443098269,-0.06442241968557755,-0.48490544543176123,0,0.0,0.0,3.0,3.0,-2.5,5.5,0.0,-0.10730769230769233,-0.09115384615384614,0.5357262706812007,0,0.5357262706812007,False,True,V4-A_prior
2026-03-31,日本ハム,ロッテ,9,0,エスコンF,,https://handenomori.com/jpb/20260331/,2026,9,1.0,3,1.0,60.13211410491431,0.1641325536062378,1.646839320523531,0,-0.5,-0.5,-6.5,-6.5,-1.5,-5.0,0.09999999999999998,0.07410714285714282,0.9398809523809524,0.5539124718947408,0,0.5539124718947408,False,False,V4-A_prior
2026-03-31,楽天,ソフトバンク,2,4,楽天モバイル,,https://handenomori.com/jpb/20260331/,2026,-2,0.0,3,1.0,-167.37462330397352,-0.16193893825472777,-1.7716450216450217,0,-1.0,-1.0,-6.5,-6.5,-5.0,-1.5,-0.3,-0.23969587835134054,-2.3771508603441376,0.49352785910859664,0,0.5064721408914034,False,True,V4-A_prior
2026-03-31,西武,オリックス,5,3,メットライフドーム,,https://handenomori.com/jpb/20260331/,2026,2,1.0,3,1.0,-93.4982378533698,-0.07518796992481208,-0.3007518796992481,0,-0.5,-0.5,-7.0,-7.0,-3.5,-3.5,-0.09999999999999998,0.06494949494949487,0.6841414141414142,0.5393006495657123,0,0.5393006495657123,False,False,V4-A_prior
2026-03-31,阪神,DeNA,4,1,京セラドーム大阪,,https://handenomori.com/jpb/20260331/,2026,3,1.0,3,1.0,71.50191853417778,0.1064222440944882,0.813115157480315,0,1.0,1.0,6.5,6.5,4.5,2.0,0.09999999999999998,0.11081632653061219,0.6404081632653061,0.4870938756811726,0,0.5129061243188274,False,False,V4-A_prior
2026-04-01,中日,巨人,5,6,ナゴヤドーム,,https://handenomori.com/jpb/20260401/,2026,-1,0.0,4,1.0,-79.58999806537167,-0.06442241968557755,-0.48490544543176123,0,-0.3333333333333333,-0.3333333333333333,0.0,0.0,-2.6666666666666665,2.6666666666666665,-0.09999999999999998,-0.10730769230769233,-0.09115384615384614,0.5325415925993664,0,0.5325415925993664,False,True,V4-A_prior
2026-04-01,日本ハム,ロッテ,2,4,エスコンF,,https://handenomori.com/jpb/20260401/,2026,-2,0.0,4,1.0,74.78874313028291,0.1641325536062378,1.646839320523531,0,0.0,0.0,1.6666666666666665,1.6666666666666665,2.0000000000000004,-0.3333333333333339,0.09999999999999998,0.07410714285714282,0.9398809523809524,0.5467061907561989,0,0.5467061907561989,False,True,V4-A_prior
2026-04-01,楽天,ソフトバンク,1,6,楽天モバイル,,https://handenomori.com/jpb/20260401/,2026,-5,0.0,4,1.0,-180.10302820342645,-0.16193893825472777,-1.7716450216450217,0,-1.0,-1.0,-5.666666666666666,-5.666666666666666,-4.0,-1.6666666666666665,-0.3,-0.23969587835134054,-2.3771508603441376,0.48961898772191287,0,0.5103810122780872,False,True,V4-A_prior
2026-04-01,西武,オリックス,0,4,メットライフドーム,,https://handenomori.com/jpb/20260401/,2026,-4,0.0,4,1.0,-70.16227287596507,-0.07518796992481208,-0.3007518796992481,0,0.0,0.0,-3.3333333333333335,-3.3333333333333335,-1.666666666666667,-1.666666666666667,-0.09999999999999998,0.06494949494949487,0.6841414141414142,0.5309938647474184,0,0.5309938647474184,False,True,V4-A_prior
2026-04-01,阪神,DeNA,1,4,京セラドーム大阪,,https://handenomori.com/jpb/20260401/,2026,-3,0.0,4,1.0,85.55624742209307,0.1064222440944882,0.813115157480315,0,1.0,1.0,6.333333333333333,6.333333333333333,4.0,2.3333333333333335,0.09999999999999998,0.11081632653061219,0.6404081632653061,0.47989585736753837,0,0.5201041426324616,False,True,V4-A_prior
2026-04-02,ヤクルト,広島,2,1,神宮野球場,,https://handenomori.com/jpb/20260402/,2026,1,1.0,4,1.0,96.27314105124196,-0.027608825283243876,-0.5837805605247466,0,0.33333333333333337,0.33333333333333337,4.333333333333334,4.333333333333334,4.0,0.3333333333333335,0.30000000000000004,0.04706404706404704,0.033966033966033926,0.5185938187360255,0,0.5185938187360255,False,False,V4-A_prior
2026-04-02,中日,巨人,2,1,ナゴヤドーム,,https://handenomori.com/jpb/20260402/,2026,1,1.0,4,1.0,-97.03719203847868,-0.06442241968557755,-0.48490544543176123,0,-0.5,-0.5,-0.5,-0.5,-2.25,1.75,-0.2,-0.10730769230769233,-0.09115384615384614,0.534679010882583,0,0.534679010882583,False,False,V4-A_prior
2026-04-02,日本ハム,ロッテ,7,1,エスコンF,,https://handenomori.com/jpb/20260402/,2026,6,1.0,4,1.0,48.671077481648354,0.1641325536062378,1.646839320523531,0,-0.25,-0.25,0.25,0.25,1.0,-0.75,0.09999999999999998,0.07410714285714282,0.9398809523809524,0.5498903362482719,0,0.5498903362482719,False,False,V4-A_prior
2026-04-02,楽天,ソフトバンク,5,4,楽天モバイル,,https://handenomori.com/jpb/20260402/,2026,1,1.0,4,1.0,-192.204218764615,-0.16193893825472777,-1.7716450216450217,0,-1.0,-1.0,-6.75,-6.75,-4.25,-2.5,-0.3,-0.23969587835134054,-2.3771508603441376,0.4911076558342625,0,0.5088923441657375,False,False,V4-A_prior
2026-04-02,西武,オリックス,3,7,メットライフドーム,,https://handenomori.com/jpb/20260402/,2026,-4,0.0,4,1.0,-88.14505216059683,-0.07518796992481208,-0.3007518796992481,0,-0.25,-0.25,-4.5,-4.5,-2.25,-2.25,-0.09999999999999998,0.06494949494949487,0.6841414141414142,0.5331977771087523,0,0.5331977771087523,False,True,V4-A_prior
2026-04-02,阪神,DeNA,4,3,京セラドーム大阪,,https://handenomori.com/jpb/20260402/,2026,1,1.0,4,1.0,58.88220075592267,0.1064222440944882,0.813115157480315,0,0.5,0.5,3.25,3.25,2.25,1.0,0.0,0.11081632653061219,0.6404081632653061,0.4831739867512226,0,0.5168260132487774,False,False,V4-A_prior
2026-04-03,ヤクルト,中日,0,1,神宮野球場,,https://handenomori.com/jpb/20260403/,2026,-1,0.0,4,1.0,102.79405877017189,-0.02096546863988724,-0.39904862579281186,0,0.8,0.8,3.75,3.75,3.0,0.75,0.0,0.03195415695415693,-0.6652097902097902,0.5198878328551809,0,0.5198878328551809,False,True,V4-A_prior
2026-04-03,ロッテ,ソフトバンク,3,2,ZOZOマリンスタジアム,,https://handenomori.com/jpb/20260403/,2026,1,1.0,4,1.0,-152.91659129041432,-0.20300751879699253,-1.8045112781954886,0,-0.4,-0.4,-3.5999999999999996,-3.5999999999999996,-2.3999999999999995,-1.2000000000000002,0.0,-0.15870098039215685,-2.030637254901961,0.5105607970768609,0,0.5105607970768609,False,False,V4-A_prior
2026-04-03,巨人,DeNA,1,3,東京ドーム,,https://handenomori.com/jpb/20260403/,2026,-2,0.0,4,1.0,-23.098762095676648,-0.01938439849624063,-0.2731437969924812,0,0.2,0.2,0.19999999999999996,0.19999999999999996,1.0,-0.7999999999999998,0.09999999999999998,0.08081632653061227,0.1404081632653061,0.5279323298893215,0,0.5279323298893215,False,True,V4-A_prior
2026-04-03,広島,阪神,2,4,マツダスタジアム,,https://handenomori.com/jpb/20260403/,2026,-2,0.0,4,1.0,-176.47056510024527,-0.18358570563294974,-1.3864324651726228,0,-0.30000000000000004,-0.30000000000000004,-2.8,-2.8,-2.8499999999999996,0.04999999999999982,-0.3,-0.15241758241758235,-1.2903296703296703,0.5401667511465198,0,0.5401667511465198,False,True,V4-A_prior
2026-04-03,日本ハム,オリックス,12,3,エスコンF,,https://handenomori.com/jpb/20260403/,2026,9,1.0,4,1.0,-21.031748153655144,0.0513505987190197,1.0754107490949596,0,-0.4,-0.4,-1.2000000000000002,-1.2000000000000002,0.20000000000000018,-1.4,0.0,0.03780663780663773,0.8331890331890333,0.5781060557525587,0,0.5781060557525587,False,False,V4-A_prior
2026-04-03,西武,楽天,3,6,メットライフドーム,,https://handenomori.com/jpb/20260403/,2026,-3,0.0,4,1.0,-9.323001003944228,-0.0034745955798587413,0.23781043517885625,0,0.2,0.2,0.0,0.0,0.0,0.0,0.0,0.18224489795918364,1.1373469387755102,0.4908390713095464,0,0.5091609286904536,False,True,V4-A_prior
2026-04-04,ヤクルト,中日,11,6,神宮野球場,,https://handenomori.com/jpb/20260404/,2026,5,1.0,4,1.0,75.25328340416718,-0.02096546863988724,-0.39904862579281186,0,0.4,0.46666666666666673,2.6,2.6666666666666665,2.166666666666667,0.5,-0.09999999999999998,0.03195415695415693,-0.6652097902097902,0.523270788096102,0,0.523270788096102,False,False,V4-A_prior
2026-04-04,ロッテ,ソフトバンク,2,5,ZOZOマリンスタジアム,,https://handenomori.com/jpb/20260404/,2026,-3,0.0,4,1.0,-126.37791522329803,-0.20300751879699253,-1.8045112781954886,0,-0.19999999999999996,-0.16666666666666663,-5.0,-2.6666666666666665,-1.8333333333333335,-0.8333333333333335,0.0,-0.15870098039215685,-2.030637254901961,0.5072958911877093,0,0.5072958911877093,False,True,V4-A_prior
2026-04-04,巨人,DeNA,8,4,東京ドーム,,https://handenomori.com/jpb/20260404/,2026,4,1.0,4,1.0,-43.783584590807095,-0.01938439849624063,-0.2731437969924812,0,0.0,0.0,-0.8,-0.5000000000000001,0.5,-0.9999999999999996,0.0,0.08081632653061227,0.1404081632653061,0.5304692016551867,0,0.5304692016551867,False,False,V4-A_prior
2026-04-04,広島,阪神,5,7,マツダスタジアム,,https://handenomori.com/jpb/20260404/,2026,-2,0.0,4,1.0,-188.74896710761845,-0.18358570563294974,-1.3864324651726228,0,-0.4,-0.43333333333333335,-3.0,-3.033333333333333,-2.7,-0.3333333333333335,-0.3,-0.15241758241758235,-1.2903296703296703,0.5416676615781699,0,0.5416676615781699,False,True,V4-A_prior
2026-04-04,日本ハム,オリックス,6,3,エスコンF,,https://handenomori.com/jpb/20260404/,2026,3,1.0,4,1.0,-1.835392421973438,0.0513505987190197,1.0754107490949596,0,0.0,-0.16666666666666663,4.0,2.0,1.666666666666666,0.3333333333333335,0.09999999999999998,0.03780663780663773,0.8331890331890333,0.5757996353328299,0,0.5757996353328299,False,False,V4-A_prior
2026-04-04,西武,楽天,1,2,メットライフドーム,,https://handenomori.com/jpb/20260404/,2026,-1,0.0,4,1.0,-30.798402717594854,-0.0034745955798587413,0.23781043517885625,0,0.0,0.0,-0.19999999999999996,-0.9999999999999998,-0.5,-0.5,0.0,0.18224489795918364,1.1373469387755102,0.49348126688220983,0,0.5065187331177902,False,True,V4-A_prior
2026-04-05,ヤクルト,中日,7,5,神宮野球場,,https://handenomori.com/jpb/20260405/,2026,2,1.0,4,1.0,89.11138861023528,-0.02096546863988724,-0.39904862579281186,0,0.4,0.5476190476190477,3.8,3.7857142857142856,2.7380952380952386,1.047619047619048,-0.09999999999999998,0.03195415695415693,-0.6652097902097902,0.5215687831189467,0,0.5215687831189467,False,False,V4-A_prior
2026-04-05,ロッテ,ソフトバンク,3,4,ZOZOマリンスタジアム,,https://handenomori.com/jpb/20260405/,2026,-1,0.0,4,1.0,-141.23580082272042,-0.20300751879699253,-1.8045112781954886,0,-0.19999999999999996,-0.28571428571428575,-4.6,-3.142857142857143,-2.0,-1.1428571428571432,0.0,-0.15870098039215685,-2.030637254901961,0.509123868838451,0,0.509123868838451,False,True,V4-A_prior
2026-04-05,巨人,DeNA,3,2,東京ドーム,,https://handenomori.com/jpb/20260405/,2026,1,1.0,4,1.0,-23.278068510935555,-0.01938439849624063,-0.2731437969924812,0,0.19999999999999996,0.14285714285714285,1.6,0.7142857142857142,1.0,-0.2857142857142856,0.0,0.08081632653061227,0.1404081632653061,0.5279543271563374,0,0.5279543271563374,False,False,V4-A_prior
2026-04-05,広島,阪神,2,1,マツダスタジアム,,https://handenomori.com/jpb/20260405/,2026,1,1.0,4,1.0,-200.43426101558157,-0.18358570563294974,-1.3864324651726228,0,-0.6000000000000001,-0.5238095238095237,-2.8,-3.1904761904761907,-2.5238095238095233,-0.6666666666666665,-0.3,-0.15241758241758235,-1.2903296703296703,0.5430953690281175,0,0.5430953690281175,False,False,V4-A_prior
2026-04-05,日本ハム,オリックス,8,2,エスコンF,,https://handenomori.com/jpb/20260405/,2026,6,1.0,4,1.0,16.261276676785428,0.0513505987190197,1.0754107490949596,0,0.4,0.0,6.2,2.5714285714285716,1.8571428571428568,0.714285714285714,0.09999999999999998,0.03780663780663773,0.8331890331890333,0.5736223116403774,0,0.5736223116403774,False,False,V4-A_prior
2026-04-07,DeNA,中日,5,3,横浜スタジアム,,https://handenomori.com/jpb/20260407/,2026,2,1.0,4,1.0,86.7602143082895,0.08380681818181818,0.7580492424242424,0,0.0,0.0,1.0,0.25,0.0,0.25,0.19999999999999996,0.026491365777080056,-0.04925431711145997,0.5219679336944784,0,0.5219679336944784,False,False,V4-A_prior
2026-04-07,オリックス,ロッテ,3,1,京セラドーム大阪,,https://handenomori.com/jpb/20260407/,2026,2,1.0,4,1.0,58.9893795997898,0.1127819548872181,0.5714285714285714,0,0.0,0.125,-0.6000000000000001,0.5,1.125,-0.625,0.0,0.03630050505050508,0.10669191919191923,0.4988786328207445,0,0.5011213671792555,False,False,V4-A_prior
2026-04-07,ソフトバンク,西武,6,8,PayPayドーム,,https://handenomori.com/jpb/20260407/,2026,-2,0.0,4,1.0,195.10105330679585,0.1654135338345865,1.5338345864661653,-1,0.39999999999999997,0.4642857142857143,3.4,4.303571428571429,2.5892857142857144,1.7142857142857144,0.4,0.0574509803921569,1.2398039215686274,0.5992422224222193,1,0.5992422224222193,False,False,V4-A_prior
2026-04-07,広島,巨人,5,2,マツダスタジアム,,https://handenomori.com/jpb/20260407/,2026,3,1.0,4,1.0,-86.88941785874727,-0.05777906304222091,-0.3001735106998265,0,-0.39999999999999997,-0.07142857142857145,-2.4,-0.75,-1.4642857142857144,0.7142857142857144,0.0,-0.12241758241758244,-0.7903296703296703,0.551980891760208,0,0.551980891760208,False,False,V4-A_prior
2026-04-07,楽天,日本ハム,3,0,楽天モバイル,,https://handenomori.com/jpb/20260407/,2026,3,1.0,4,1.0,-81.07774801407186,-0.12306397306397304,-1.6139730639730638,1,-0.20000000000000007,-0.19642857142857145,-4.800000000000001,-4.410714285714286,-3.642857142857143,-0.7678571428571432,-0.09999999999999998,-0.1551020408163265,-1.2863945578231293,0.4874406090868414,0,0.5125593909131586,False,False,V4-A_prior
2026-04-07,阪神,ヤクルト,9,3,甲子園球場,,https://handenomori.com/jpb/20260407/,2026,6,1.0,4,1.0,65.2331406997082,0.2111945309161936,1.9702130256973693,0,-0.20000000000000007,-0.1071428571428571,-2.1999999999999997,-0.9285714285714284,-1.0535714285714288,0.125,0.19999999999999996,0.10535353535353531,1.2563636363636363,0.5682098512506917,0,0.5682098512506917,False,False,V4-A_prior
2026-04-08,DeNA,中日,4,6,横浜スタジアム,,https://handenomori.com/jpb/20260408/,2026,-2,0.0,4,1.0,100.02465083468087,0.08380681818181818,0.7580492424242424,0,0.0,0.1111111111111111,0.9999999999999999,0.6666666666666666,0.22222222222222232,0.44444444444444464,0.30000000000000004,0.026491365777080056,-0.04925431711145997,0.5203384805813303,0,0.5203384805813303,False,True,V4-A_prior
2026-04-08,オリックス,ロッテ,9,1,京セラドーム大阪,,https://handenomori.com/jpb/20260408/,2026,8,1.0,4,1.0,73.70714782524396,0.1127819548872181,0.5714285714285714,0,0.2,0.22222222222222227,-0.19999999999999973,0.8888888888888891,1.2222222222222223,-0.33333333333333304,0.09999999999999998,0.03630050505050508,0.10669191919191923,0.4970674353282029,0,0.502932564671797,False,False,V4-A_prior
2026-04-08,ソフトバンク,西武,1,2,PayPayドーム,,https://handenomori.com/jpb/20260408/,2026,-1,0.0,4,1.0,163.50342444047578,0.1654135338345865,1.5338345864661653,0,0.2,0.29166666666666663,2.0,3.3194444444444446,2.0,1.3194444444444446,0.4,0.0574509803921569,1.2398039215686274,0.6050745824274996,1,0.6050745824274996,False,False,V4-A_prior
2026-04-08,広島,巨人,1,2,マツダスタジアム,,https://handenomori.com/jpb/20260408/,2026,-1,0.0,4,1.0,-63.924435136001875,-0.05777906304222091,-0.3001735106998265,0,0.0,0.05555555555555558,0.0,0.05555555555555558,-0.9305555555555554,0.9861111111111107,0.09999999999999998,-0.12241758241758244,-0.7903296703296703,0.5491836577063325,0,0.5491836577063325,False,True,V4-A_prior
2026-04-08,楽天,日本ハム,0,1,楽天モバイル,,https://handenomori.com/jpb/20260408/,2026,-1,0.0,4,1.0,-58.44074203111404,-0.12306397306397304,-1.6139730639730638,0,0.0,-0.05555555555555558,-3.6,-3.1944444444444446,-2.9027777777777777,-0.2916666666666665,0.0,-0.1551020408163265,-1.2863945578231293,0.48246137118116766,0,0.5175386288188324,False,True,V4-A_prior
2026-04-08,阪神,ヤクルト,2,3,甲子園球場,,https://handenomori.com/jpb/20260408/,2026,-1,0.0,4,1.0,79.61817553311221,0.2111945309161936,1.9702130256973693,0,0.20000000000000007,0.02777777777777779,1.8,0.625,-0.23611111111111072,0.8611111111111112,0.19999999999999996,0.10535353535353531,1.2563636363636363,0.5664716828130973,0,0.5664716828130973,False,True,V4-A_prior
2026-04-09,ソフトバンク,西武,2,0,PayPayドーム,,https://handenomori.com/jpb/20260409/,2026,2,1.0,4,1.0,133.17658828334493,0.1654135338345865,1.5338345864661653,0,0.0,0.15555555555555556,1.0,2.7555555555555555,1.7111111111111108,1.0444444444444447,0.30000000000000004,0.0574509803921569,1.2398039215686274,0.6086362533725099,1,0.6086362533725099,False,True,V4-A_prior
2026-04-09,楽天,日本ハム,2,4,楽天モバイル,,https://handenomori.com/jpb/20260409/,2026,-2,0.0,4,1.0,-77.09342811778151,-0.12306397306397304,-1.6139730639730638,0,0.0,-0.15555555555555556,-1.8000000000000003,-3.0777777777777775,-2.7444444444444445,-0.3333333333333335,0.0,-0.1551020408163265,-1.2863945578231293,0.4847543764014988,0,0.5152456235985012,False,True,V4-A_prior
2026-04-09,阪神,ヤクルト,2,0,甲子園球場,,https://handenomori.com/jpb/20260409/,2026,2,1.0,4,1.0,53.249599771725116,0.2111945309161936,1.9702130256973693,0,0.0,-0.07777777777777783,1.4000000000000001,0.3666666666666667,-0.28888888888888964,0.6555555555555554,0.09999999999999998,0.10535353535353531,1.2563636363636363,0.5696565634201214,0,0.5696565634201214,False,False,V4-A_prior
2026-04-10,中日,阪神,3,5,ナゴヤドーム,,https://handenomori.com/jpb/20260410/,2026,-2,0.0,4,1.0,-161.9411138985622,-0.19022906227630637,-1.5711643999045575,1,-0.19999999999999996,-0.39999999999999997,-2.8,-2.8,-1.4999999999999996,-1.3000000000000003,0.0,-0.13730769230769224,-0.5911538461538461,0.5219658479528342,0,0.5219658479528342,False,True,V4-A_prior
2026-04-10,巨人,ヤクルト,3,2,東京ドーム,,https://handenomori.com/jpb/20260410/,2026,1,1.0,4,1.0,-20.24010511655183,0.08538788832546479,0.883954071224573,1,0.0,-0.19999999999999996,0.2,-1.4,-1.0000000000000004,-0.3999999999999999,0.09999999999999998,0.0753535353535354,0.7563636363636363,0.5852135495131715,1,0.5852135495131715,False,True,V4-A_prior
2026-04-10,西武,ロッテ,3,6,県営大宮,,https://handenomori.com/jpb/20260410/,2026,-3,0.0,4,1.0,-0.011605085528799464,0.03759398496240601,0.2706766917293233,-1,0.2,0.10000000000000003,2.0,0.2999999999999998,0.0,0.2999999999999998,0.0,0.10124999999999995,0.7908333333333334,0.5066941801866048,0,0.5066941801866048,False,True,V4-A_prior
2026-04-11,DeNA,広島,4,3,横浜スタジアム,,https://handenomori.com/jpb/20260411/,2026,1,1.0,4,1.0,81.45932733624636,0.07716346153846154,0.5733173076923077,0,0.0,-0.14444444444444443,-0.39999999999999997,-0.34444444444444444,0.6555555555555554,-1.0,0.0,0.04160125588697017,0.6499215070643641,0.5205244698188175,0,0.5205244698188175,False,False,V4-A_prior
2026-04-11,中日,阪神,3,9,ナゴヤドーム,,https://handenomori.com/jpb/20260411/,2026,-6,0.0,4,1.0,-174.94248035392388,-0.19022906227630637,-1.5711643999045575,0,-0.39999999999999997,-0.39999999999999997,-3.4000000000000004,-2.5,-0.6000000000000001,-1.9,-0.09999999999999998,-0.13730769230769224,-0.5911538461538461,0.5213689820267917,0,0.5213689820267917,False,True,V4-A_prior
2026-04-11,巨人,ヤクルト,2,3,東京ドーム,,https://handenomori.com/jpb/20260411/,2026,-1,0.0,4,1.0,-1.0892421985683995,0.08538788832546479,0.883954071224573,0,0.4,0.0,2.0,-0.7,-0.39999999999999947,-0.2999999999999998,0.09999999999999998,0.0753535353535354,0.7563636363636363,0.5807843159466667,0,0.5807843159466667,False,True,V4-A_prior
2026-04-11,日本ハム,ソフトバンク,3,6,エスコンF,,https://handenomori.com/jpb/20260411/,2026,-3,0.0,4,1.0,-30.723809859362746,-0.03887496519075473,-0.15767195767195763,0,0.20000000000000007,0.09999999999999998,1.2000000000000002,1.5000000000000002,1.0999999999999996,0.3999999999999999,0.0,-0.08459383753501404,-1.0907563025210083,0.5200500336408768,0,0.5200500336408768,False,True,V4-A_prior
2026-04-11,楽天,オリックス,11,4,楽天モバイル,,https://handenomori.com/jpb/20260411/,2026,7,1.0,4,1.0,-68.87656383277226,-0.07171337434495334,-0.5385623148781044,-1,0.19999999999999996,-0.19999999999999996,2.4000000000000004,-1.4,-2.0,0.6000000000000001,-0.2,-0.11729540300968877,-0.453205524634096,0.5335637645833582,0,0.5335637645833582,False,False,V4-A_prior
2026-04-11,西武,ロッテ,5,2,メットライフドーム,,https://handenomori.com/jpb/20260411/,2026,3,1.0,4,1.0,-22.01891790483046,0.03759398496240601,0.2706766917293233,0,0.2,0.10000000000000003,1.6,1.9000000000000001,0.7999999999999998,1.0999999999999996,-0.09999999999999998,0.10124999999999995,0.7908333333333334,0.504992747075279,0,0.504992747075279,False,False,V4-A_prior
2026-04-12,DeNA,広島,6,5,横浜スタジアム,,https://handenomori.com/jpb/20260412/,2026,1,1.0,4,1.0,94.99567425621512,0.07716346153846154,0.5733173076923077,0,0.0,0.0,-0.8,0.09999999999999998,0.7999999999999998,-0.6999999999999997,0.09999999999999998,0.04160125588697017,0.6499215070643641,0.5188612168045283,0,0.5188612168045283,False,False,V4-A_prior
2026-04-12,中日,阪神,0,3,ナゴヤドーム,,https://handenomori.com/jpb/20260412/,2026,-3,0.0,4,1.0,-187.29586116926316,-0.19022906227630637,-1.5711643999045575,0,-0.6000000000000001,-0.39999999999999997,-5.0,-3.3,-0.8000000000000003,-2.5,-0.09999999999999998,-0.13730769230769224,-0.5911538461538461,0.5228862613618702,0,0.5228862613618702,False,True,V4-A_prior
2026-04-12,巨人,ヤクルト,0,2,東京ドーム,,https://handenomori.com/jpb/20260412/,2026,-2,0.0,4,1.0,-23.035127195889118,0.08538788832546479,0.883954071224573,0,0.19999999999999996,0.0,1.2,-0.09999999999999998,-0.6000000000000001,0.5,0.09999999999999998,0.0753535353535354,0.7563636363636363,0.5834122465019242,0,0.5834122465019242,False,True,V4-A_prior
2026-04-12,日本ハム,ソフトバンク,7,11,エスコンF,,https://handenomori.com/jpb/20260412/,2026,-4,0.0,4,1.0,-50.969954722339935,-0.03887496519075473,-0.15767195767195763,0,0.0,0.09999999999999998,0.0,1.6999999999999997,1.2000000000000002,0.5,0.0,-0.08459383753501404,-1.0907563025210083,0.5225370836540852,0,0.5225370836540852,False,True,V4-A_prior
2026-04-12,楽天,オリックス,4,0,楽天モバイル,,https://handenomori.com/jpb/20260412/,2026,4,1.0,4,1.0,-46.93262858431626,-0.07171337434495334,-0.5385623148781044,0,0.19999999999999996,0.0,2.8,1.2000000000000002,-0.6999999999999997,1.8999999999999995,-0.2,-0.11729540300968877,-0.453205524634096,0.5330634749885749,0,0.5330634749885749,False,False,V4-A_prior
2026-04-12,西武,ロッテ,2,1,メットライフドーム,,https://handenomori.com/jpb/20260412/,2026,1,1.0,4,1.0,-2.7658215408744127,0.03759398496240601,0.2706766917293233,0,0.39999999999999997,0.10000000000000003,2.4000000000000004,1.7000000000000002,0.7000000000000002,1.0000000000000004,0.0,0.10124999999999995,0.7908333333333334,0.5026235235310915,0,0.5026235235310915,False,False,V4-A_prior
2026-04-14,オリックス,西武,5,1,京セラドーム大阪,,https://handenomori.com/jpb/20260414/,2026,4,1.0,4,1.0,58.64452532341602,0.07518796992481208,0.3007518796992481,0,-0.19999999999999996,0.0,-1.4,-0.30000000000000004,1.0999999999999996,-1.3999999999999995,0.19999999999999996,-0.06494949494949487,-0.6841414141414142,0.5531472397662427,0,0.5531472397662427,False,False,V4-A_prior
2026-04-14,ソフトバンク,楽天,2,3,PayPayドーム,,https://handenomori.com/jpb/20260414/,2026,-1,0.0,4,1.0,123.75439434229042,0.16193893825472777,1.7716450216450217,0,0.0,0.0,-1.0000000000000002,0.4,1.1,-0.6999999999999997,0.30000000000000004,0.23969587835134054,2.3771508603441376,0.5444178227284988,0,0.5444178227284988,False,True,V4-A_prior
2026-04-14,ヤクルト,DeNA,5,3,松山,,https://handenomori.com/jpb/20260414/,2026,2,1.0,4,1.0,19.59383262662209,-0.10477228682170542,-1.1570978682170543,0,0.0,0.09999999999999998,0.0,0.4,-0.30000000000000027,0.6999999999999997,0.0,0.0054627911770768756,-0.6159554730983302,0.4668533443394252,0,0.5331466556605748,False,False,V4-A_prior
2026-04-14,ロッテ,日本ハム,1,5,ZOZOマリンスタジアム,,https://handenomori.com/jpb/20260414/,2026,-4,0.0,4,1.0,-101.48555701805071,-0.1641325536062378,-1.646839320523531,0,-0.2,-0.3,-0.8000000000000003,-3.3,-2.6,-0.7000000000000002,-0.09999999999999998,-0.07410714285714282,-0.9398809523809524,0.5120396645472328,0,0.5120396645472328,False,True,V4-A_prior
2026-04-14,中日,広島,6,2,豊橋,,https://handenomori.com/jpb/20260414/,2026,4,1.0,4,1.0,3.475553349853044,-0.006643356643356635,-0.18473193473193472,0,-0.2,0.0,-2.4000000000000004,-0.8999999999999999,0.6000000000000001,-1.4999999999999996,-0.2,0.015109890109890112,0.6991758241758241,0.5761575687402392,0,0.5761575687402392,False,False,V4-A_prior
2026-04-14,阪神,巨人,3,4,甲子園球場,,https://handenomori.com/jpb/20260414/,2026,-1,0.0,4,1.0,118.81257999179775,0.12580664259072882,1.0862589544727963,0,0.4,0.30000000000000004,3.2,2.3000000000000003,1.7999999999999998,0.5,0.19999999999999996,0.029999999999999916,0.5,0.5272286699256583,0,0.5272286699256583,False,True,V4-A_prior
2026-04-15,オリックス,西武,3,1,京セラドーム大阪,,https://handenomori.com/jpb/20260415/,2026,2,1.0,4,1.0,73.3807650594049,0.07518796992481208,0.3007518796992481,0,0.19999999999999996,0.09999999999999998,1.6,0.30000000000000004,1.2000000000000002,-0.9000000000000004,0.19999999999999996,-0.06494949494949487,-0.6841414141414142,0.5513535435738728,0,0.5513535435738728,False,False,V4-A_prior
2026-04-15,ソフトバンク,楽天,2,3,PayPayドーム,,https://handenomori.com/jpb/20260415/,2026,-1,0.0,4,1.0,95.20278812905303,0.16193893825472777,1.7716450216450217,0,0.0,-0.19999999999999996,-0.40000000000000013,-0.5,0.5999999999999996,-1.1,0.19999999999999996,0.23969587835134054,2.3771508603441376,0.5479015397996475,0,0.5479015397996475,False,True,V4-A_prior
2026-04-15,ロッテ,日本ハム,9,7,ZOZOマリンスタジアム,,https://handenomori.com/jpb/20260415/,2026,2,1.0,4,1.0,-117.7043826492154,-0.1641325536062378,-1.646839320523531,0,-0.39999999999999997,-0.49999999999999994,-2.6,-4.5,-3.1999999999999997,-1.2999999999999998,-0.2,-0.07410714285714282,-0.9398809523809524,0.5140342604964607,0,0.5140342604964607,False,False,V4-A_prior
2026-04-15,中日,広島,2,5,ナゴヤドーム,,https://handenomori.com/jpb/20260415/,2026,-3,0.0,4,1.0,21.26973226492214,-0.006643356643356635,-0.18473193473193472,0,0.2,0.2,-0.19999999999999996,0.10000000000000009,0.6000000000000001,-0.5,-0.09999999999999998,0.015109890109890112,0.6991758241758241,0.5435191469663503,0,0.5435191469663503,False,True,V4-A_prior
2026-04-16,オリックス,西武,7,1,京セラドーム大阪,,https://handenomori.com/jpb/20260416/,2026,6,1.0,4,1.0,87.33665653713888,0.07518796992481208,0.3007518796992481,0,0.19999999999999996,0.09999999999999998,1.6,-0.09999999999999998,1.2999999999999998,-1.4,0.19999999999999996,-0.06494949494949487,-0.6841414141414142,0.5496535981352649,0,0.5496535981352649,False,False,V4-A_prior
2026-04-16,ソフトバンク,楽天,6,0,北九州,,https://handenomori.com/jpb/20260416/,2026,6,1.0,4,1.0,68.03993309368457,0.16193893825472777,1.7716450216450217,0,-0.20000000000000007,-0.30000000000000004,-0.8000000000000003,-1.1,0.19999999999999973,-1.2999999999999998,0.09999999999999998,0.23969587835134054,2.3771508603441376,0.5509195458370408,0,0.5509195458370408,False,False,V4-A_prior
2026-04-16,ヤクルト,DeNA,2,0,神宮野球場,,https://handenomori.com/jpb/20260416/,2026,2,1.0,4,1.0,36.47677131460364,-0.10477228682170542,-1.1570978682170543,0,0.0,0.09999999999999998,0.4,0.4,-0.19999999999999973,0.6000000000000001,0.0,0.0054627911770768756,-0.6159554730983302,0.48105896720584324,0,0.5189410327941568,False,False,V4-A_prior
2026-04-16,ロッテ,日本ハム,5,3,ZOZOマリンスタジアム,,https://handenomori.com/jpb/20260416/,2026,2,1.0,4,1.0,-93.03146634422319,-0.1641325536062378,-1.646839320523531,0,0.0,-0.3,0.0,-2.9000000000000004,-2.4,-0.5,-0.09999999999999998,-0.07410714285714282,-0.9398809523809524,0.5109998219286913,0,0.5109998219286913,False,False,V4-A_prior
2026-04-16,阪神,巨人,3,4,甲子園球場,,https://handenomori.com/jpb/20260416/,2026,-1,0.0,4,1.0,90.49484517763881,0.12580664259072882,1.0862589544727963,0,0.20000000000000007,0.19999999999999996,2.4,2.1,1.9,0.20000000000000018,0.09999999999999998,0.029999999999999916,0.5,0.5307018577981715,0,0.5307018577981715,False,True,V4-A_prior
2026-04-17,ソフトバンク,オリックス,4,13,PayPayドーム,,https://handenomori.com/jpb/20260417/,2026,-9,0.0,4,1.0,55.805848927664556,0.09022556390977443,1.2330827067669172,0,0.0,0.09999999999999998,2.0,2.0999999999999996,0.6000000000000001,1.4999999999999996,0.09999999999999998,0.12240047534165177,1.9239453357100416,0.5847789578885946,0,0.5847789578885946,False,True,V4-A_prior
2026-04-17,ヤクルト,巨人,2,8,神宮野球場,,https://handenomori.com/jpb/20260417/,2026,-6,0.0,4,1.0,32.51475001173276,-0.08538788832546479,-0.883954071224573,0,0.20000000000000007,0.09999999999999998,1.2,0.5,0.8999999999999999,-0.40000000000000036,0.0,-0.0753535353535354,-0.7563636363636363,0.5029946293441846,0,0.5029946293441846,False,True,V4-A_prior
2026-04-17,広島,DeNA,1,5,マツダスタジアム,,https://handenomori.com/jpb/20260417/,2026,-4,0.0,4,1.0,-88.72200157302291,-0.07716346153846154,-0.5733173076923077,1,-0.2,-0.10000000000000003,0.0,0.09999999999999998,-0.2999999999999998,0.3999999999999999,-0.09999999999999998,-0.04160125588697017,-0.6499215070643641,0.5330872943184248,0,0.5330872943184248,False,True,V4-A_prior
2026-04-17,日本ハム,西武,3,5,エスコンF,,https://handenomori.com/jpb/20260417/,2026,-2,0.0,4,1.0,91.18323994524553,0.12653856864383178,1.3761626287942077,0,-0.2,0.09999999999999998,0.20000000000000018,1.3,2.0000000000000004,-0.7000000000000002,0.09999999999999998,-0.027142857142857135,0.14904761904761904,0.597969436423834,1,0.597969436423834,False,False,V4-A_prior
2026-04-17,楽天,ロッテ,1,0,楽天モバイル,,https://handenomori.com/jpb/20260417/,2026,1,1.0,4,1.0,52.6394575308816,0.041068580542264754,0.03286625655046704,0,0.4,0.39999999999999997,2.2,2.6,0.2999999999999998,2.3,0.09999999999999998,-0.08099489795918369,-0.3465136054421768,0.5007420213664254,0,0.5007420213664254,False,False,V4-A_prior
2026-04-17,阪神,中日,2,1,甲子園球場,,https://handenomori.com/jpb/20260417/,2026,1,1.0,4,1.0,174.1373340283335,0.19022906227630637,1.5711643999045575,-1,0.39999999999999997,0.3,3.8,3.3,0.9000000000000004,2.3999999999999995,0.19999999999999996,0.13730769230769224,0.5911538461538461,0.5436899718162839,0,0.5436899718162839,False,False,V4-A_prior
2026-04-18,ソフトバンク,オリックス,7,0,PayPayドーム,,https://handenomori.com/jpb/20260418/,2026,7,1.0,4,1.0,30.694501471985404,0.09022556390977443,1.2330827067669172,0,-0.4,-0.09999999999999998,-3.6,-0.9000000000000001,-0.5,-0.40000000000000036,0.0,0.12240047534165177,1.9239453357100416,0.5877772376048137,1,0.5877772376048137,False,True,V4-A_prior
2026-04-18,ヤクルト,巨人,4,3,神宮野球場,,https://handenomori.com/jpb/20260418/,2026,1,1.0,4,1.0,8.676480284269928,-0.08538788832546479,-0.883954071224573,0,0.20000000000000007,-0.09999999999999998,-0.8,-1.4,-0.7000000000000002,-0.6999999999999997,-0.09999999999999998,-0.0753535353535354,-0.7563636363636363,0.5059280231279057,0,0.5059280231279057,False,False,V4-A_prior
2026-04-18,広島,DeNA,2,7,マツダスタジアム,,https://handenomori.com/jpb/20260418/,2026,-5,0.0,4,1.0,-105.6539269037446,-0.07716346153846154,-0.5733173076923077,0,-0.39999999999999997,-0.2,-1.7999999999999998,-0.7000000000000001,-0.5,-0.19999999999999973,-0.2,-0.04160125588697017,-0.6499215070643641,0.5329735148478766,0,0.5329735148478766,False,True,V4-A_prior
2026-04-18,日本ハム,西武,5,3,エスコンF,,https://handenomori.com/jpb/20260418/,2026,2,1.0,4,1.0,64.22292012876323,0.12653856864383178,1.3761626287942077,0,-0.2,-0.09999999999999998,0.6000000000000001,0.5,1.2999999999999998,-0.8000000000000003,0.0,-0.027142857142857135,0.14904761904761904,0.6011557160368113,1,0.6011557160368113,False,True,V4-A_prior
2026-04-18,楽天,ロッテ,9,1,楽天モバイル,,https://handenomori.com/jpb/20260418/,2026,8,1.0,4,1.0,67.69887016564121,0.041068580542264754,0.03286625655046704,0,0.4,0.39999999999999997,0.6000000000000001,2.2,0.0,2.2,0.09999999999999998,-0.08099489795918369,-0.3465136054421768,0.4988887503316109,0,0.5011112496683892,False,False,V4-A_prior
2026-04-18,阪神,中日,4,3,甲子園球場,,https://handenomori.com/jpb/20260418/,2026,1,1.0,4,1.0,183.36868221870282,0.19022906227630637,1.5711643999045575,0,0.39999999999999997,0.39999999999999997,3.4000000000000004,3.4000000000000004,0.3999999999999999,3.0,0.19999999999999996,0.13730769230769224,0.5911538461538461,0.5447436094449664,0,0.5447436094449664,False,False,V4-A_prior
2026-04-19,ソフトバンク,オリックス,1,2,PayPayドーム,,https://handenomori.com/jpb/20260419/,2026,-1,0.0,4,1.0,46.95725512251374,0.09022556390977443,1.2330827067669172,0,-0.4,-0.09999999999999998,-2.4,0.10000000000000009,0.10000000000000053,0.0,0.0,0.12240047534165177,1.9239453357100416,0.5858362032066525,1,0.5858362032066525,False,False,V4-A_prior
2026-04-19,ヤクルト,巨人,3,1,神宮野球場,,https://handenomori.com/jpb/20260419/,2026,2,1.0,4,1.0,26.17542107670988,-0.08538788832546479,-0.883954071224573,0,0.20000000000000007,0.0,-0.8,-1.0,-0.5,-0.5,0.0,-0.0753535353535354,-0.7563636363636363,0.5037747373923104,0,0.5037747373923104,False,False,V4-A_prior
2026-04-19,広島,DeNA,0,2,マツダスタジアム,,https://handenomori.com/jpb/20260419/,2026,-2,0.0,4,1.0,-121.64191315437779,-0.07716346153846154,-0.5733173076923077,0,-0.39999999999999997,-0.2,-3.4000000000000004,-1.3,-0.8999999999999999,-0.40000000000000036,-0.2,-0.04160125588697017,-0.6499215070643641,0.5349319871217657,0,0.5349319871217657,False,True,V4-A_prior
2026-04-19,日本ハム,西武,3,15,エスコンF,,https://handenomori.com/jpb/20260419/,2026,-12,0.0,4,1.0,78.66156795398183,0.12653856864383178,1.3761626287942077,0,0.2,0.0,2.4,0.5,1.5,-1.0,0.0,-0.027142857142857135,0.14904761904761904,0.5994503451089612,1,0.5994503451089612,False,False,V4-A_prior
2026-04-19,楽天,ロッテ,5,8,楽天モバイル,,https://handenomori.com/jpb/20260419/,2026,-3,0.0,4,1.0,81.9534159424627,0.041068580542264754,0.03286625655046704,0,0.4,0.39999999999999997,2.8,3.6,0.8999999999999999,2.7,0.09999999999999998,-0.08099489795918369,-0.3465136054421768,0.49713455669732115,0,0.5028654433026789,False,True,V4-A_prior
2026-04-19,阪神,中日,7,5,甲子園球場,,https://handenomori.com/jpb/20260419/,2026,2,1.0,4,1.0,192.22809746612984,0.19022906227630637,1.5711643999045575,0,0.39999999999999997,0.49999999999999994,1.4,3.2,1.0,2.1999999999999997,0.30000000000000004,0.13730769230769224,0.5911538461538461,0.5436618547975229,0,0.5436618547975229,False,False,V4-A_prior
2026-04-21,DeNA,阪神,16,9,横浜スタジアム,,https://handenomori.com/jpb/20260421/,2026,7,1.0,4,1.0,-72.75902005654189,-0.1064222440944882,-0.813115157480315,0,0.0,-0.09999999999999998,0.9999999999999999,-0.5999999999999999,-0.20000000000000018,-0.3999999999999999,0.0,-0.11081632653061219,-0.6404081632653061,0.49312096738783673,0,0.5068790326121633,False,False,V4-A_prior
2026-04-21,ロッテ,オリックス,7,4,ZOZOマリンスタジアム,,https://handenomori.com/jpb/20260421/,2026,3,1.0,4,1.0,-97.26291721266944,-0.1127819548872181,-0.5714285714285714,0,-0.20000000000000007,-0.29999999999999993,-2.6,-2.9,-1.1999999999999997,-1.7000000000000002,-0.09999999999999998,-0.03630050505050508,-0.10669191919191923,0.5632554487597902,0,0.5632554487597902,False,False,V4-A_prior
2026-04-21,巨人,中日,2,1,長野,,https://handenomori.com/jpb/20260421/,2026,1,1.0,4,1.0,118.78213310927981,0.06442241968557755,0.48490544543176123,0,0.39999999999999997,0.3,1.6,1.5,-0.30000000000000027,1.7999999999999998,0.19999999999999996,0.10730769230769233,0.09115384615384614,0.5523216139926619,0,0.5523216139926619,False,False,V4-A_prior
2026-04-21,広島,ヤクルト,2,1,マツダスタジアム,,https://handenomori.com/jpb/20260421/,2026,1,1.0,4,1.0,-170.24549983168436,0.027608825283243876,0.5837805605247466,0,-0.6000000000000001,-0.39999999999999997,-2.6,-1.3,0.0,-1.3000000000000003,-0.4,-0.04706404706404704,-0.033966033966033926,0.5960091661265593,1,0.5960091661265593,False,True,V4-A_prior
2026-04-21,日本ハム,楽天,3,1,エスコンF,,https://handenomori.com/jpb/20260421/,2026,2,1.0,4,1.0,-3.750611853555256,0.12306397306397304,1.6139730639730638,0,-0.39999999999999997,-0.19999999999999996,-3.4000000000000004,-2.6,0.2999999999999998,-2.9000000000000004,0.0,0.1551020408163265,1.2863945578231293,0.5438030993964907,0,0.5438030993964907,False,False,V4-A_prior
2026-04-21,西武,ソフトバンク,6,4,メットライフドーム,,https://handenomori.com/jpb/20260421/,2026,2,1.0,4,1.0,-120.21676395953614,-0.1654135338345865,-1.5338345864661653,0,0.0,-0.09999999999999998,0.4,-1.0,-0.6000000000000001,-0.40000000000000036,-0.3,-0.0574509803921569,-1.2398039215686274,0.47732632985101925,0,0.5226736701489807,False,False,V4-A_prior
2026-04-22,DeNA,阪神,7,6,横浜スタジアム,,https://handenomori.com/jpb/20260422/,2026,1,1.0,4,1.0,-50.59395342279822,-0.1064222440944882,-0.813115157480315,0,0.20000000000000007,0.0,4.0,0.8,0.5,0.2999999999999998,0.09999999999999998,-0.11081632653061219,-0.6404081632653061,0.49039399094664743,0,0.5096060090533525,False,False,V4-A_prior
2026-04-22,ロッテ,オリックス,1,4,ZOZOマリンスタジアム,,https://handenomori.com/jpb/20260422/,2026,-3,0.0,4,1.0,-73.71665747676298,-0.1127819548872181,-0.5714285714285714,0,0.0,-0.09999999999999998,-1.4,-1.3,-0.7000000000000002,-0.6000000000000005,0.0,-0.03630050505050508,-0.10669191919191923,0.5604020665599032,0,0.5604020665599032,False,True,V4-A_prior
2026-04-22,巨人,中日,5,1,前橋,,https://handenomori.com/jpb/20260422/,2026,4,1.0,4,1.0,130.46584786760127,0.06442241968557755,0.48490544543176123,0,0.6,0.39999999999999997,2.6,1.8,-0.10000000000000009,1.9,0.19999999999999996,0.10730769230769233,0.09115384615384614,0.5571670359145995,0,0.5571670359145995,False,False,V4-A_prior
2026-04-22,広島,ヤクルト,0,2,マツダスタジアム,,https://handenomori.com/jpb/20260422/,2026,-2,0.0,4,1.0,-142.83092248877847,0.027608825283243876,0.5837805605247466,0,-0.19999999999999996,-0.3,-0.9999999999999999,-1.1,0.20000000000000018,-1.3000000000000003,-0.3,-0.04706404706404704,-0.033966033966033926,0.5927556428805835,1,0.5927556428805835,False,False,V4-A_prior
2026-04-22,日本ハム,楽天,5,4,エスコンF,,https://handenomori.com/jpb/20260422/,2026,1,1.0,4,1.0,14.455363885175302,0.12306397306397304,1.6139730639730638,0,0.0,-0.19999999999999996,-2.0,-2.4,0.3999999999999999,-2.8,0.0,0.1551020408163265,1.2863945578231293,0.541578934229516,0,0.541578934229516,False,False,V4-A_prior
2026-04-22,西武,ソフトバンク,3,1,メットライフドーム,,https://handenomori.com/jpb/20260422/,2026,2,1.0,4,1.0,-95.40735144934865,-0.1654135338345865,-1.5338345864661653,0,0.19999999999999996,0.0,1.4000000000000001,-0.5,-0.2999999999999998,-0.19999999999999973,-0.2,-0.0574509803921569,-1.2398039215686274,0.47428034100105554,0,0.5257196589989445,False,False,V4-A_prior
2026-04-23,広島,ヤクルト,0,2,マツダスタジアム,,https://handenomori.com/jpb/20260423/,2026,-2,0.0,4,1.0,-156.81558851654972,0.027608825283243876,0.5837805605247466,0,-0.39999999999999997,-0.49999999999999994,-2.0,-2.0,-0.5,-1.5,-0.3,-0.04706404706404704,-0.033966033966033926,0.5944163589461583,1,0.5944163589461583,False,False,V4-A_prior
2026-04-23,日本ハム,楽天,2,3,エスコンF,,https://handenomori.com/jpb/20260423/,2026,-1,0.0,4,1.0,31.627557369857186,0.12306397306397304,1.6139730639730638,0,0.19999999999999996,-0.19999999999999996,-2.4,-2.6,0.3000000000000007,-2.9,0.0,0.1551020408163265,1.2863945578231293,0.5394795417474602,0,0.5394795417474602,False,True,V4-A_prior
2026-04-23,西武,ソフトバンク,3,4,メットライフドーム,,https://handenomori.com/jpb/20260423/,2026,-1,0.0,4,1.0,-71.96464549337975,-0.1654135338345865,-1.5338345864661653,0,0.6000000000000001,0.19999999999999996,4.6,0.4,-0.20000000000000018,0.6000000000000001,-0.09999999999999998,-0.0574509803921569,-1.2398039215686274,0.47140390420279854,0,0.5285960957972015,False,True,V4-A_prior
2026-04-24,DeNA,巨人,2,1,横浜スタジアム,,https://handenomori.com/jpb/20260424/,2026,1,1.0,4,1.0,19.321161290718692,0.01938439849624063,0.2731437969924812,0,0.4,0.09999999999999998,2.1999999999999997,0.7,2.2,-1.5,0.0,-0.08081632653061227,-0.1404081632653061,0.50472874498223,0,0.50472874498223,False,False,V4-A_prior
2026-04-24,オリックス,日本ハム,3,2,京セラドーム大阪,,https://handenomori.com/jpb/20260424/,2026,1,1.0,4,1.0,36.871774101467736,-0.0513505987190197,-1.0754107490949596,1,0.0,0.19999999999999996,2.2,1.7999999999999998,-0.09999999999999964,1.9000000000000004,-0.09999999999999998,-0.03780663780663773,-0.8331890331890333,0.4718704028643108,0,0.5281295971356892,False,False,V4-A_prior
2026-04-24,中日,ヤクルト,6,4,ナゴヤドーム,,https://handenomori.com/jpb/20260424/,2026,2,1.0,4,1.0,-172.79732276876007,0.02096546863988724,0.39904862579281186,1,-0.8,-0.7000000000000001,-3.0,-2.5999999999999996,-0.10000000000000009,-2.5000000000000004,0.0,-0.03195415695415693,0.6652097902097902,0.5803421820933682,0,0.5803421820933682,False,False,V4-A_prior
2026-04-25,DeNA,巨人,2,7,横浜スタジアム,,https://handenomori.com/jpb/20260425/,2026,-5,0.0,4,1.0,36.21941680879877,0.01938439849624063,0.2731437969924812,0,0.6,0.30000000000000004,3.0,1.2000000000000002,2.2,-1.0,0.09999999999999998,-0.08081632653061227,-0.1404081632653061,0.5026492921865044,0,0.5026492921865044,False,True,V4-A_prior
2026-04-25,オリックス,日本ハム,4,2,京セラドーム大阪,,https://handenomori.com/jpb/20260425/,2026,2,1.0,4,1.0,52.79252405147895,-0.0513505987190197,-1.0754107490949596,0,0.19999999999999996,0.29999999999999993,1.2000000000000002,2.3,0.2999999999999998,2.0000000000000004,0.0,-0.03780663780663773,-0.8331890331890333,0.4677283301306046,0,0.5322716698693954,False,False,V4-A_prior
2026-04-25,ソフトバンク,ロッテ,0,5,熊本,,https://handenomori.com/jpb/20260425/,2026,-5,0.0,4,1.0,101.51905069460304,0.20300751879699253,1.8045112781954886,-1,0.0,0.0,1.7999999999999998,1.2,0.7000000000000002,0.5,0.0,0.15870098039215685,2.030637254901961,0.5279699498663265,0,0.5279699498663265,False,True,V4-A_prior
2026-04-25,中日,ヤクルト,5,2,ナゴヤドーム,,https://handenomori.com/jpb/20260425/,2026,3,1.0,4,1.0,-145.25638622269685,0.02096546863988724,0.39904862579281186,0,-0.39999999999999997,-0.49999999999999994,-1.7999999999999998,-1.9,0.09999999999999964,-2.0,0.0,-0.03195415695415693,0.6652097902097902,0.5748895874320444,0,0.5748895874320444,False,False,V4-A_prior
2026-04-25,楽天,西武,7,9,楽天モバイル,,https://handenomori.com/jpb/20260425/,2026,-2,0.0,4,1.0,35.11258278920991,0.0034745955798587413,-0.23781043517885625,0,-0.19999999999999996,0.09999999999999998,-2.0,0.0,-0.7000000000000002,0.7000000000000002,0.09999999999999998,-0.18224489795918364,-1.1373469387755102,0.5570767709333218,0,0.5570767709333218,False,True,V4-A_prior
2026-04-26,DeNA,巨人,1,4,横浜スタジアム,,https://handenomori.com/jpb/20260426/,2026,-3,0.0,4,1.0,12.176170990490618,0.01938439849624063,0.2731437969924812,0,0.20000000000000007,0.09999999999999998,-0.19999999999999996,0.0,1.5,-1.5,0.09999999999999998,-0.08081632653061227,-0.1404081632653061,0.505607942771114,0,0.505607942771114,False,True,V4-A_prior
2026-04-26,オリックス,日本ハム,9,4,京セラドーム大阪,,https://handenomori.com/jpb/20260426/,2026,5,1.0,4,1.0,67.84366406127242,-0.0513505987190197,-1.0754107490949596,0,0.4,0.5,1.0,3.5,1.0,2.5,0.09999999999999998,-0.03780663780663773,-0.8331890331890333,0.46588424034946563,0,0.5341157596505344,False,False,V4-A_prior
2026-04-26,中日,ヤクルト,3,0,ナゴヤドーム,,https://handenomori.com/jpb/20260426/,2026,3,1.0,4,1.0,-119.114329661066,0.02096546863988724,0.39904862579281186,0,0.0,-0.3,0.0,-0.5,0.2999999999999998,-0.8000000000000003,0.09999999999999998,-0.03195415695415693,0.6652097902097902,0.5717416207254185,0,0.5717416207254185,False,False,V4-A_prior
2026-04-26,楽天,西武,0,3,楽天モバイル,,https://handenomori.com/jpb/20260426/,2026,-3,0.0,4,1.0,11.130486649201202,0.0034745955798587413,-0.23781043517885625,0,-0.6000000000000001,0.0,-4.8,-0.7,-1.1,0.40000000000000036,0.09999999999999998,-0.18224489795918364,-1.1373469387755102,0.5599876524268369,0,0.5599876524268369,False,True,V4-A_prior
2026-04-26,阪神,広島,1,0,甲子園球場,,https://handenomori.com/jpb/20260426/,2026,1,1.0,4,1.0,187.8990904883451,0.18358570563294974,1.3864324651726228,1,0.39999999999999997,0.39999999999999997,1.2,2.2,3.0999999999999996,-0.8999999999999995,0.19999999999999996,0.15241758241758235,1.2903296703296703,0.544289274769959,0,0.544289274769959,False,False,V4-A_prior
2026-04-28,オリックス,ソフトバンク,1,7,京セラドーム大阪,,https://handenomori.com/jpb/20260428/,2026,-6,0.0,4,1.0,26.326334656194376,-0.09022556390977443,-1.2330827067669172,-1,0.6000000000000001,0.5,3.4000000000000004,2.5999999999999996,1.8000000000000003,0.7999999999999998,0.09999999999999998,-0.12240047534165177,-1.9239453357100416,0.4610128166532044,0,0.5389871833467956,False,True,V4-A_prior
2026-04-28,ヤクルト,阪神,10,5,神宮野球場,,https://handenomori.com/jpb/20260428/,2026,5,1.0,4,1.0,-61.37860059407785,-0.2111945309161936,-1.9702130256973693,0,-0.19999999999999996,-0.09999999999999998,0.0,-1.0,-2.5,1.5,-0.2,-0.10535353535353531,-1.2563636363636363,0.4916102360877006,0,0.5083897639122994,False,False,V4-A_prior
2026-04-28,ロッテ,楽天,3,1,ZOZOマリンスタジアム,,https://handenomori.com/jpb/20260428/,2026,2,1.0,4,1.0,-9.736945529785544,-0.041068580542264754,-0.03286625655046704,1,0.39999999999999997,0.09999999999999998,1.4,0.39999999999999997,0.5,-0.10000000000000009,-0.09999999999999998,0.08099489795918369,0.3465136054421768,0.5222995991557272,0,0.5222995991557272,False,False,V4-A_prior
2026-04-28,中日,DeNA,3,0,ナゴヤドーム,,https://handenomori.com/jpb/20260428/,2026,3,1.0,4,1.0,-106.7839835642767,-0.08380681818181818,-0.7580492424242424,0,0.0,-0.19999999999999996,0.39999999999999997,-0.8,-1.2000000000000002,0.40000000000000036,-0.2,-0.026491365777080056,0.04925431711145997,0.5144730327350053,0,0.5144730327350053,False,False,V4-A_prior
2026-04-28,巨人,広島,1,11,東京ドーム,,https://handenomori.com/jpb/20260428/,2026,-10,0.0,4,1.0,158.14350914964803,0.05777906304222091,0.3001735106998265,0,0.6000000000000001,0.49999999999999994,3.5999999999999996,3.4,2.2,1.1999999999999997,0.0,0.12241758241758244,0.7903296703296703,0.5503965947955708,0,0.5503965947955708,False,True,V4-A_prior
2026-04-28,西武,日本ハム,1,2,メットライフドーム,,https://handenomori.com/jpb/20260428/,2026,-1,0.0,4,1.0,2.969352957308729,-0.12653856864383178,-1.3761626287942077,0,0.6000000000000001,0.3,3.2,3.2,1.7000000000000002,1.5,0.0,0.027142857142857135,-0.14904761904761904,0.4699960091212173,0,0.5300039908787827,False,True,V4-A_prior
2026-04-29,オリックス,ソフトバンク,5,4,京セラドーム大阪,,https://handenomori.com/jpb/20260429/,2026,1,1.0,4,1.0,2.8323187398855225,-0.09022556390977443,-1.2330827067669172,0,0.4,0.29999999999999993,1.4,1.1,1.1,0.0,0.09999999999999998,-0.12240047534165177,-1.9239453357100416,0.46607497796578096,0,0.5339250220342191,False,False,V4-A_prior
2026-04-29,ヤクルト,阪神,0,2,神宮野球場,,https://handenomori.com/jpb/20260429/,2026,-2,0.0,4,1.0,-39.863037272791644,-0.2111945309161936,-1.9702130256973693,0,0.0,0.0,1.8,0.39999999999999997,-1.2999999999999998,1.7000000000000002,-0.2,-0.10535353535353531,-1.2563636363636363,0.48896344757761556,0,0.5110365524223844,False,True,V4-A_prior
2026-04-29,ロッテ,楽天,5,3,ZOZOマリンスタジアム,,https://handenomori.com/jpb/20260429/,2026,2,1.0,4,1.0,8.811353715186442,-0.041068580542264754,-0.03286625655046704,0,0.6000000000000001,0.3,3.4,1.0,0.8999999999999999,0.10000000000000009,-0.09999999999999998,0.08099489795918369,0.3465136054421768,0.5178262224943584,0,0.5178262224943584,False,False,V4-A_prior
2026-04-29,中日,DeNA,2,4,ナゴヤドーム,,https://handenomori.com/jpb/20260429/,2026,-2,0.0,4,1.0,-82.70957715883105,-0.08380681818181818,-0.7580492424242424,0,0.4,-0.19999999999999996,3.2,-0.7999999999999999,-1.2000000000000002,0.3999999999999999,-0.09999999999999998,-0.026491365777080056,0.04925431711145997,0.5115123462337675,0,0.5115123462337675,False,True,V4-A_prior
2026-04-29,巨人,広島,4,2,東京ドーム,,https://handenomori.com/jpb/20260429/,2026,2,1.0,4,1.0,128.0447533265476,0.05777906304222091,0.3001735106998265,0,0.19999999999999996,0.3,-1.0,1.2,1.3000000000000003,-0.10000000000000009,0.0,0.12241758241758244,0.7903296703296703,0.5540602384454586,0,0.5540602384454586,False,False,V4-A_prior
2026-04-29,西武,日本ハム,3,0,メットライフドーム,,https://handenomori.com/jpb/20260429/,2026,3,1.0,4,1.0,-19.20767873795876,-0.12653856864383178,-1.3761626287942077,0,0.39999999999999997,0.19999999999999996,2.6,3.0,1.8000000000000003,1.1999999999999997,-0.09999999999999998,0.027142857142857135,-0.14904761904761904,0.4727162423441492,0,0.5272837576558508,False,False,V4-A_prior
2026-04-30,ヤクルト,阪神,2,10,神宮野球場,,https://handenomori.com/jpb/20260430/,2026,-8,0.0,4,1.0,-59.58311662444976,-0.2111945309161936,-1.9702130256973693,0,-0.2,0.0,1.0,0.9,-1.4000000000000004,2.3,-0.2,-0.10535353535353531,-1.2563636363636363,0.4913893402916876,0,0.5086106597083124,False,True,V4-A_prior
2026-04-30,中日,DeNA,2,6,ナゴヤドーム,,https://handenomori.com/jpb/20260430/,2026,-4,0.0,4,1.0,-99.98032636643575,-0.08380681818181818,-0.7580492424242424,0,0.4,-0.29999999999999993,3.4000000000000004,-1.1,-1.5999999999999996,0.5,-0.09999999999999998,-0.026491365777080056,0.04925431711145997,0.5136364083983433,0,0.5136364083983433,False,True,V4-A_prior
2026-04-30,巨人,広島,2,3,東京ドーム,,https://handenomori.com/jpb/20260430/,2026,-1,0.0,4,1.0,139.2923971726443,0.05777906304222091,0.3001735106998265,0,0.39999999999999997,0.3,-0.8,1.1,1.3000000000000003,-0.19999999999999973,0.09999999999999998,0.12241758241758244,0.7903296703296703,0.5526918320610472,0,0.5526918320610472,False,True,V4-A_prior
2026-05-01,ソフトバンク,楽天,4,1,PayPayドーム,,https://handenomori.com/jpb/20260501/,2026,3,1.0,5,1.0,85.15580351403855,0.16193893825472777,1.7716450216450217,0,0.2,0.10000000000000003,1.4000000000000001,0.5,0.3999999999999999,0.10000000000000009,0.09999999999999998,0.23969587835134054,2.3771508603441376,0.5762178597991356,0,0.5762178597991356,False,False,V4-A_prior
2026-05-01,ヤクルト,DeNA,16,5,神宮野球場,,https://handenomori.com/jpb/20260501/,2026,11,1.0,5,1.0,-25.56450059119311,-0.10477228682170542,-1.1570978682170543,0,-0.2,-0.29999999999999993,-1.2000000000000002,-1.9000000000000001,-2.1,0.20000000000000018,0.09999999999999998,0.0054627911770768756,-0.6159554730983302,0.5162105231252317,0,0.5162105231252317,False,False,V4-A_prior
2026-05-01,ロッテ,西武,0,10,ZOZOマリンスタジアム,,https://handenomori.com/jpb/20260501/,2026,-10,0.0,5,1.0,-1.683906349738436,-0.03759398496240601,-0.2706766917293233,0,0.20000000000000007,0.0,0.6000000000000001,-1.5000000000000002,-0.6999999999999993,-0.8000000000000003,0.0,-0.10124999999999995,-0.7908333333333334,0.6117578077435564,1,0.6117578077435564,True,False,V4-A_prior
2026-05-01,広島,中日,7,3,マツダスタジアム,,https://handenomori.com/jpb/20260501/,2026,4,1.0,5,1.0,-12.027467685851434,0.006643356643356635,0.18473193473193472,0,-0.19999999999999996,-0.10000000000000003,0.6,-0.3,-1.0,0.6999999999999997,0.19999999999999996,-0.015109890109890112,-0.6991758241758241,0.5948763850699356,1,0.5948763850699356,False,True,V4-A_prior
2026-05-01,日本ハム,オリックス,5,1,エスコンF,,https://handenomori.com/jpb/20260501/,2026,4,1.0,5,1.0,-77.71619477441641,0.0513505987190197,1.0754107490949596,0,-0.6000000000000001,-0.29999999999999993,-2.6,-2.4,-1.7000000000000002,-0.6999999999999997,-0.09999999999999998,0.03780663780663773,0.8331890331890333,0.6113597988516388,1,0.6113597988516388,True,True,V4-A_prior
2026-05-01,阪神,巨人,3,5,甲子園球場,,https://handenomori.com/jpb/20260501/,2026,-2,0.0,5,1.0,70.89203285530971,0.12580664259072882,1.0862589544727963,0,0.0,0.09999999999999998,1.2,0.1,1.9000000000000004,-1.7999999999999998,0.09999999999999998,0.029999999999999916,0.5,0.5603879674633634,0,0.5603879674633634,False,True,V4-A_prior
2026-05-02,ソフトバンク,楽天,5,0,PayPayドーム,,https://handenomori.com/jpb/20260502/,2026,5,1.0,5,1.0,98.50224918386152,0.16193893825472777,1.7716450216450217,0,0.6,0.2,3.2,0.6000000000000001,0.20000000000000018,0.3999999999999999,0.19999999999999996,0.23969587835134054,2.3771508603441376,0.5746127586659255,0,0.5746127586659255,False,False,V4-A_prior
2026-05-02,ヤクルト,DeNA,6,5,神宮野球場,,https://handenomori.com/jpb/20260502/,2026,1,1.0,5,1.0,-6.107518107152146,-0.10477228682170542,-1.1570978682170543,0,0.0,-0.19999999999999996,2.8000000000000003,0.6,-0.6000000000000001,1.2000000000000002,0.09999999999999998,0.0054627911770768756,-0.6159554730983302,0.5138182303671676,0,0.5138182303671676,False,False,V4-A_prior
2026-05-02,ロッテ,西武,4,5,ZOZOマリンスタジアム,,https://handenomori.com/jpb/20260502/,2026,-1,0.0,5,1.0,-23.595878154840875,-0.03759398496240601,-0.2706766917293233,0,-0.20000000000000007,-0.09999999999999998,-4.2,-3.5,-2.0999999999999996,-1.4,0.0,-0.10124999999999995,-0.7908333333333334,0.6143165571326741,1,0.6143165571326741,True,False,V4-A_prior
2026-05-02,広島,中日,0,4,マツダスタジアム,,https://handenomori.com/jpb/20260502/,2026,-4,0.0,5,1.0,6.652050825060314,0.006643356643356635,0.18473193473193472,0,0.19999999999999996,0.0,3.2,0.8,-0.3999999999999999,1.2000000000000002,0.19999999999999996,-0.015109890109890112,-0.6991758241758241,0.5926584572970409,1,0.5926584572970409,False,False,V4-A_prior
2026-05-02,日本ハム,オリックス,9,10,エスコンF,,https://handenomori.com/jpb/20260502/,2026,-1,0.0,5,1.0,-55.2695682614351,0.0513505987190197,1.0754107490949596,0,-0.19999999999999996,-0.19999999999999996,-0.6,-0.9000000000000001,-0.5,-0.40000000000000036,0.0,0.03780663780663773,0.8331890331890333,0.6087312417013198,1,0.6087312417013198,False,False,V4-A_prior
2026-05-02,阪神,巨人,7,5,甲子園球場,,https://handenomori.com/jpb/20260502/,2026,2,1.0,5,1.0,44.978383518960754,0.12580664259072882,1.0862589544727963,0,0.0,0.0,1.6,-0.3,1.7000000000000002,-2.0000000000000004,0.0,0.029999999999999916,0.5,0.5635280285858131,0,0.5635280285858131,False,False,V4-A_prior
2026-05-03,ソフトバンク,楽天,0,7,PayPayドーム,,https://handenomori.com/jpb/20260503/,2026,-7,0.0,5,1.0,111.17438995889984,0.16193893825472777,1.7716450216450217,0,0.6,0.4,4.6,3.3000000000000003,1.2000000000000002,2.1,0.19999999999999996,0.23969587835134054,2.3771508603441376,0.573087294753696,0,0.573087294753696,False,True,V4-A_prior
2026-05-03,ヤクルト,DeNA,2,12,神宮野球場,,https://handenomori.com/jpb/20260503/,2026,-10,0.0,5,1.0,12.23312026113058,-0.10477228682170542,-1.1570978682170543,0,0.19999999999999996,0.0,3.2,1.1,-0.39999999999999947,1.5,0.19999999999999996,0.0054627911770768756,-0.6159554730983302,0.5115626136069498,0,0.5115626136069498,False,True,V4-A_prior
2026-05-03,ロッテ,西武,10,0,ZOZOマリンスタジアム,,https://handenomori.com/jpb/20260503/,2026,10,1.0,5,1.0,-44.252116519694255,-0.03759398496240601,-0.2706766917293233,0,-0.20000000000000007,-0.30000000000000004,-3.6,-4.1,-2.4,-1.7000000000000002,-0.09999999999999998,-0.10124999999999995,-0.7908333333333334,0.6167229007389836,1,0.6167229007389836,True,True,V4-A_prior
2026-05-03,日本ハム,オリックス,3,0,エスコンF,,https://handenomori.com/jpb/20260503/,2026,3,1.0,5,1.0,-74.10408010938704,0.0513505987190197,1.0754107490949596,0,-0.19999999999999996,-0.29999999999999993,-0.20000000000000007,-0.6,-0.8999999999999999,0.30000000000000027,0.0,0.03780663780663773,0.8331890331890333,0.6109372436344847,1,0.6109372436344847,True,True,V4-A_prior
2026-05-03,阪神,巨人,3,0,甲子園球場,,https://handenomori.com/jpb/20260503/,2026,3,1.0,5,1.0,60.45409136398098,0.12580664259072882,1.0862589544727963,0,0.19999999999999996,0.0,2.8,-0.19999999999999998,1.8000000000000003,-2.0,0.0,0.029999999999999916,0.5,0.561653370857859,0,0.561653370857859,False,False,V4-A_prior
2026-05-04,DeNA,広島,11,8,横浜スタジアム,,https://handenomori.com/jpb/20260504/,2026,3,1.0,5,1.0,122.61596553184745,0.07716346153846154,0.5733173076923077,-1,0.0,0.09999999999999998,-1.0,-0.8,1.9000000000000004,-2.7,0.30000000000000004,0.04160125588697017,0.6499215070643641,0.5407140211725682,0,0.5407140211725682,False,False,V4-A_prior
2026-05-04,オリックス,ロッテ,3,0,京セラドーム大阪,,https://handenomori.com/jpb/20260504/,2026,3,1.0,5,1.0,77.60726940027484,0.1127819548872181,0.5714285714285714,0,-0.19999999999999996,0.0,-2.8000000000000003,-0.6,-0.3000000000000007,-0.3000000000000007,0.0,0.03630050505050508,0.10669191919191923,0.5241000000407107,0,0.5241000000407107,False,False,V4-A_prior
2026-05-04,中日,阪神,7,3,ナゴヤドーム,,https://handenomori.com/jpb/20260504/,2026,4,1.0,5,1.0,-169.13599336244192,-0.19022906227630637,-1.5711643999045575,1,-0.4,-0.09999999999999998,-3.2,-0.3,-2.3,2.0,-0.3,-0.13730769230769224,-0.5911538461538461,0.5502267056638794,0,0.5502267056638794,False,False,V4-A_prior
2026-05-04,巨人,ヤクルト,1,5,東京ドーム,,https://handenomori.com/jpb/20260504/,2026,-4,0.0,5,1.0,-2.3700631852530023,0.08538788832546479,0.883954071224573,0,0.0,0.09999999999999998,1.2000000000000002,0.8,-1.0000000000000004,1.7999999999999998,-0.09999999999999998,0.0753535353535354,0.7563636363636363,0.6074842096715111,1,0.6074842096715111,False,False,V4-A_prior
2026-05-04,楽天,日本ハム,3,1,楽天モバイル,,https://handenomori.com/jpb/20260504/,2026,2,1.0,5,1.0,-40.063419418672765,-0.12306397306397304,-1.6139730639730638,0,-0.39999999999999997,-0.2,-1.8,-0.7999999999999999,-0.6999999999999997,-0.10000000000000009,0.09999999999999998,-0.1551020408163265,-1.2863945578231293,0.5077232219958135,0,0.5077232219958135,False,False,V4-A_prior
2026-05-04,西武,ソフトバンク,10,2,メットライフドーム,,https://handenomori.com/jpb/20260504/,2026,8,1.0,5,1.0,-45.18526786673465,-0.1654135338345865,-1.5338345864661653,0,0.0,0.29999999999999993,-0.6,1.4000000000000001,1.2999999999999998,0.09999999999999964,-0.09999999999999998,-0.0574509803921569,-1.2398039215686274,0.49560844920920044,0,0.5043915507907996,False,False,V4-A_prior
2026-05-05,オリックス,ロッテ,6,1,京セラドーム大阪,,https://handenomori.com/jpb/20260505/,2026,5,1.0,5,1.0,91.34290419294007,0.1127819548872181,0.5714285714285714,0,0.19999999999999996,0.09999999999999998,0.0,-0.5,-0.2999999999999998,-0.20000000000000018,0.09999999999999998,0.03630050505050508,0.10669191919191923,0.5224132948871654,0,0.5224132948871654,False,False,V4-A_prior
2026-05-05,中日,阪神,7,3,ナゴヤドーム,,https://handenomori.com/jpb/20260505/,2026,4,1.0,5,1.0,-141.7765714005111,-0.19022906227630637,-1.5711643999045575,0,-0.19999999999999996,0.09999999999999998,-1.7999999999999998,0.8,-1.3000000000000003,2.1,-0.3,-0.13730769230769224,-0.5911538461538461,0.5447119690233083,0,0.5447119690233083,False,False,V4-A_prior
2026-05-05,巨人,ヤクルト,3,2,東京ドーム,,https://handenomori.com/jpb/20260505/,2026,1,1.0,5,1.0,-24.24289026733277,0.08538788832546479,0.883954071224573,0,-0.39999999999999997,0.0,-1.2000000000000002,-0.20000000000000007,-1.7000000000000002,1.5000000000000004,-0.2,0.0753535353535354,0.7563636363636363,0.6100485873914606,1,0.6100485873914606,True,True,V4-A_prior
2026-05-05,楽天,日本ハム,3,2,楽天モバイル,,https://handenomori.com/jpb/20260505/,2026,1,1.0,5,1.0,-19.77196620071618,-0.12306397306397304,-1.6139730639730638,0,0.0,0.0,-0.4,-0.10000000000000009,-0.10000000000000009,0.0,0.09999999999999998,-0.1551020408163265,-1.2863945578231293,0.5052264960528688,0,0.5052264960528688,False,False,V4-A_prior
2026-05-05,西武,ソフトバンク,4,6,メットライフドーム,,https://handenomori.com/jpb/20260505/,2026,-2,0.0,5,1.0,-24.59912461903832,-0.1654135338345865,-1.5338345864661653,0,0.4,0.29999999999999993,4.0,2.7,1.6,1.0999999999999996,0.0,-0.0574509803921569,-1.2398039215686274,0.49307536338454966,0,0.5069246366154503,False,True,V4-A_prior
2026-05-06,DeNA,広島,0,10,横浜スタジアム,,https://handenomori.com/jpb/20260506/,2026,-10,0.0,5,1.0,134.11798638263554,0.07716346153846154,0.5733173076923077,0,0.19999999999999996,0.09999999999999998,1.8,-0.5,1.5,-1.9999999999999996,0.30000000000000004,0.04160125588697017,0.6499215070643641,0.5414912376931666,0,0.5414912376931666,False,True,V4-A_prior
2026-05-06,オリックス,ロッテ,3,0,京セラドーム大阪,,https://handenomori.com/jpb/20260506/,2026,3,1.0,5,1.0,104.374507826524,0.1127819548872181,0.5714285714285714,0,0.39999999999999997,0.19999999999999996,2.2,0.5,0.6000000000000001,-0.10000000000000009,0.19999999999999996,0.03630050505050508,0.10669191919191923,0.5208125699110576,0,0.5208125699110576,False,False,V4-A_prior
2026-05-06,中日,阪神,0,2,ナゴヤドーム,,https://handenomori.com/jpb/20260506/,2026,-2,0.0,5,1.0,-115.81649066198793,-0.19022906227630637,-1.5711643999045575,0,0.19999999999999996,0.19999999999999996,1.8,1.3,-0.09999999999999964,1.4,-0.2,-0.13730769230769224,-0.5911538461538461,0.541540993093721,0,0.541540993093721,False,True,V4-A_prior
2026-05-06,巨人,ヤクルト,0,5,東京ドーム,,https://handenomori.com/jpb/20260506/,2026,-5,0.0,5,1.0,-4.861921489358792,0.08538788832546479,0.883954071224573,0,-0.19999999999999996,0.09999999999999998,-2.2,-0.09999999999999998,-1.2999999999999998,1.1999999999999997,-0.09999999999999998,0.0753535353535354,0.7563636363636363,0.6077766583157009,1,0.6077766583157009,False,False,V4-A_prior
2026-05-06,楽天,日本ハム,2,12,楽天モバイル,,https://handenomori.com/jpb/20260506/,2026,-10,0.0,5,1.0,-0.6480013934415183,-0.12306397306397304,-1.6139730639730638,0,0.19999999999999996,0.10000000000000003,-0.19999999999999996,0.09999999999999998,-0.20000000000000018,0.30000000000000027,0.09999999999999998,-0.1551020408163265,-1.2863945578231293,0.5028731808398583,0,0.5028731808398583,False,True,V4-A_prior
2026-05-06,西武,ソフトバンク,10,2,メットライフドーム,,https://handenomori.com/jpb/20260506/,2026,8,1.0,5,1.0,-45.197668345575494,-0.1654135338345865,-1.5338345864661653,0,0.0,0.09999999999999998,2.4,1.9,1.5,0.3999999999999999,0.0,-0.0574509803921569,-1.2398039215686274,0.49560997514557065,0,0.5043900248544293,False,False,V4-A_prior
2026-05-08,オリックス,日本ハム,4,3,京セラドーム大阪,,https://handenomori.com/jpb/20260508/,2026,1,1.0,5,1.0,80.15899002058882,-0.0513505987190197,-1.0754107490949596,0,0.4,0.29999999999999993,0.0,0.29999999999999993,0.20000000000000018,0.10000000000000009,-0.09999999999999998,-0.03780663780663773,-0.8331890331890333,0.4918475501099852,0,0.5081524498900147,False,False,V4-A_prior
2026-05-08,ソフトバンク,ロッテ,6,5,PayPayドーム,,https://handenomori.com/jpb/20260508/,2026,1,1.0,5,1.0,78.19196387854936,0.20300751879699253,1.8045112781954886,0,0.2,0.09999999999999998,-2.8000000000000003,-0.6,0.5,-1.0999999999999996,0.0,0.15870098039215685,2.030637254901961,0.5892980057054784,1,0.5892980057054784,False,True,V4-A_prior
2026-05-08,中日,巨人,9,2,ナゴヤドーム,,https://handenomori.com/jpb/20260508/,2026,7,1.0,5,1.0,-62.98650350920184,-0.06442241968557755,-0.48490544543176123,0,0.39999999999999997,0.19999999999999996,3.8,2.6,1.1,1.5,-0.3,-0.10730769230769233,-0.09115384615384614,0.5578158484102134,0,0.5578158484102134,False,False,V4-A_prior
2026-05-08,広島,ヤクルト,1,4,マツダスタジアム,,https://handenomori.com/jpb/20260508/,2026,-3,0.0,5,1.0,-115.49255379491387,0.027608825283243876,0.5837805605247466,0,0.0,-0.09999999999999998,1.8,0.9000000000000001,-0.7000000000000002,1.5999999999999996,-0.3,-0.04706404706404704,-0.033966033966033926,0.6158656256874697,1,0.6158656256874697,True,False,V4-A_prior
2026-05-08,西武,楽天,4,2,メットライフドーム,,https://handenomori.com/jpb/20260508/,2026,2,1.0,5,1.0,39.603362779928375,-0.0034745955798587413,0.23781043517885625,0,0.0,0.39999999999999997,2.0,3.9000000000000004,2.8,1.1000000000000005,-0.09999999999999998,0.18224489795918364,1.1373469387755102,0.5123457089352612,0,0.5123457089352612,False,False,V4-A_prior
2026-05-08,阪神,DeNA,1,10,甲子園球場,,https://handenomori.com/jpb/20260508/,2026,-9,0.0,5,1.0,52.0748737516833,0.1064222440944882,0.813115157480315,0,0.19999999999999996,0.19999999999999996,1.6,1.7,-0.6999999999999997,2.4,-0.09999999999999998,0.11081632653061219,0.6404081632653061,0.541447391732594,0,0.541447391732594,False,True,V4-A_prior
2026-05-09,オリックス,日本ハム,0,3,京セラドーム大阪,,https://handenomori.com/jpb/20260509/,2026,-3,0.0,5,1.0,93.7624530229225,-0.0513505987190197,-1.0754107490949596,0,0.4,0.29999999999999993,0.0,0.09999999999999998,0.10000000000000053,0.0,0.0,-0.03780663780663773,-0.8331890331890333,0.49017399454056104,0,0.509826005459439,False,True,V4-A_prior
2026-05-09,ソフトバンク,ロッテ,4,5,PayPayドーム,,https://handenomori.com/jpb/20260509/,2026,-1,0.0,5,1.0,91.89725898592224,0.20300751879699253,1.8045112781954886,0,0.2,0.09999999999999998,-3.6,-0.7999999999999999,0.30000000000000027,-1.0999999999999996,0.0,0.15870098039215685,2.030637254901961,0.5876641951459382,1,0.5876641951459382,False,False,V4-A_prior
2026-05-09,中日,巨人,4,2,ナゴヤドーム,,https://handenomori.com/jpb/20260509/,2026,2,1.0,5,1.0,-41.37894627493165,-0.06442241968557755,-0.48490544543176123,0,0.6000000000000001,0.3,7.0,4.0,1.7000000000000002,2.3,-0.2,-0.10730769230769233,-0.09115384615384614,0.5551906979274858,0,0.5551906979274858,False,False,V4-A_prior
2026-05-09,広島,ヤクルト,0,4,マツダスタジアム,,https://handenomori.com/jpb/20260509/,2026,-4,0.0,5,1.0,-130.94018765952205,0.027608825283243876,0.5837805605247466,0,-0.19999999999999996,-0.19999999999999996,0.6000000000000001,0.19999999999999996,-1.0,1.2000000000000002,-0.4,-0.04706404706404704,-0.033966033966033926,0.6176629977723507,1,0.6176629977723507,True,False,V4-A_prior
2026-05-09,西武,楽天,6,2,メットライフドーム,,https://handenomori.com/jpb/20260509/,2026,4,1.0,5,1.0,55.37365563055573,-0.0034745955798587413,0.23781043517885625,0,0.0,0.39999999999999997,1.6,3.9000000000000004,2.8,1.1,0.0,0.18224489795918364,1.1373469387755102,0.5104059587252928,0,0.5104059587252928,False,False,V4-A_prior
2026-05-09,阪神,DeNA,1,3,甲子園球場,,https://handenomori.com/jpb/20260509/,2026,-2,0.0,5,1.0,27.164815402093154,0.1064222440944882,0.813115157480315,0,-0.19999999999999996,0.0,-4.6,-0.7,-1.5000000000000004,0.8000000000000007,-0.09999999999999998,0.11081632653061219,0.6404081632653061,0.5444902766357304,0,0.5444902766357304,False,True,V4-A_prior
2026-05-10,オリックス,日本ハム,0,2,京セラドーム大阪,,https://handenomori.com/jpb/20260510/,2026,-2,0.0,5,1.0,66.67198254242817,-0.0513505987190197,-1.0754107490949596,0,0.4,0.09999999999999998,0.0,-1.5,-0.7000000000000002,-0.7999999999999998,0.0,-0.03780663780663773,-0.8331890331890333,0.49350695932877664,0,0.5064930406712234,False,True,V4-A_prior
2026-05-10,ソフトバンク,ロッテ,8,3,PayPayドーム,,https://handenomori.com/jpb/20260510/,2026,5,1.0,5,1.0,64.90084090132223,0.20300751879699253,1.8045112781954886,0,0.2,0.09999999999999998,-0.5999999999999996,0.0,0.7000000000000002,-0.7000000000000002,-0.09999999999999998,0.15870098039215685,2.030637254901961,0.5908805639525231,1,0.5908805639525231,False,True,V4-A_prior
2026-05-10,中日,巨人,4,9,ナゴヤドーム,,https://handenomori.com/jpb/20260510/,2026,-5,0.0,5,1.0,-21.01178586465562,-0.06442241968557755,-0.48490544543176123,0,0.6000000000000001,0.3,6.4,3.0999999999999996,1.6999999999999997,1.4,-0.09999999999999998,-0.10730769230769233,-0.09115384615384614,0.5527134201027745,0,0.5527134201027745,False,True,V4-A_prior
2026-05-10,広島,ヤクルト,4,0,マツダスタジアム,,https://handenomori.com/jpb/20260510/,2026,4,1.0,5,1.0,-145.55364743396103,0.027608825283243876,0.5837805605247466,0,-0.6000000000000001,-0.19999999999999996,-3.8,0.10000000000000009,-0.39999999999999947,0.5,-0.4,-0.04706404706404704,-0.033966033966033926,0.6193603544237545,1,0.6193603544237545,True,True,V4-A_prior
2026-05-10,西武,楽天,6,1,メットライフドーム,,https://handenomori.com/jpb/20260510/,2026,5,1.0,5,1.0,70.28556963711071,-0.0034745955798587413,0.23781043517885625,0,0.4,0.39999999999999997,6.6,4.1,2.9,1.2000000000000002,0.0,0.18224489795918364,1.1373469387755102,0.5085715000748322,0,0.5085715000748322,False,False,V4-A_prior
2026-05-10,阪神,DeNA,3,0,甲子園球場,,https://handenomori.com/jpb/20260510/,2026,3,1.0,5,1.0,3.6240255868710847,0.1064222440944882,0.813115157480315,0,-0.6000000000000001,-0.09999999999999998,-6.199999999999999,-0.9,-2.0999999999999996,1.1999999999999997,-0.09999999999999998,0.11081632653061219,0.6404081632653061,0.5473628528437366,0,0.5473628528437366,False,False,V4-A_prior
2026-05-12,DeNA,中日,3,1,横浜スタジアム,,https://handenomori.com/jpb/20260512/,2026,2,1.0,5,1.0,83.91916610725411,0.08380681818181818,0.7580492424242424,0,0.0,0.09999999999999998,-1.0,0.09999999999999998,1.3999999999999995,-1.2999999999999998,0.09999999999999998,0.026491365777080056,-0.04925431711145997,0.5496983241716864,0,0.5496983241716864,False,False,V4-A_prior
2026-05-12,ソフトバンク,西武,0,3,PayPayドーム,,https://handenomori.com/jpb/20260512/,2026,-3,0.0,5,1.0,2.7663643825128474,0.1654135338345865,1.5338345864661653,0,-0.20000000000000007,-0.30000000000000004,-3.6,-3.8,-1.7000000000000002,-2.1,-0.09999999999999998,0.0574509803921569,1.2398039215686274,0.6492863296891349,1,0.6492863296891349,True,False,V4-A_prior
2026-05-12,ヤクルト,阪神,0,10,神宮野球場,,https://handenomori.com/jpb/20260512/,2026,-10,0.0,5,1.0,-24.383145767411406,-0.2111945309161936,-1.9702130256973693,0,0.19999999999999996,0.09999999999999998,3.4,0.8,0.9999999999999996,-0.19999999999999973,-0.2,-0.10535353535353531,-1.2563636363636363,0.5145837503779236,0,0.5145837503779236,False,True,V4-A_prior
2026-05-12,ロッテ,日本ハム,2,3,ZOZOマリンスタジアム,,https://handenomori.com/jpb/20260512/,2026,-1,0.0,5,1.0,-56.74169152579452,-0.1641325536062378,-1.646839320523531,0,-0.39999999999999997,-0.2,-5.2,-2.9,-0.7000000000000002,-2.1999999999999997,0.0,-0.07410714285714282,-0.9398809523809524,0.5340142630179605,0,0.5340142630179605,False,True,V4-A_prior
2026-05-12,巨人,広島,5,3,岐阜,,https://handenomori.com/jpb/20260512/,2026,2,1.0,5,1.0,80.26689200219585,0.05777906304222091,0.3001735106998265,0,0.0,-0.2,-2.4000000000000004,-2.9000000000000004,-1.6999999999999997,-1.2000000000000002,0.0,0.12241758241758244,0.7903296703296703,0.5867313888587115,1,0.5867313888587115,False,True,V4-A_prior
2026-05-12,楽天,オリックス,0,2,弘前,,https://handenomori.com/jpb/20260512/,2026,-2,0.0,5,1.0,-105.58915817510842,-0.07171337434495334,-0.5385623148781044,0,-0.39999999999999997,-0.3,-4.8,-2.3000000000000003,-0.8000000000000003,-1.5,-0.2,-0.11729540300968877,-0.453205524634096,0.5363900557663152,0,0.5363900557663152,False,True,V4-A_prior
2026-05-13,DeNA,中日,5,0,横浜スタジアム,,https://handenomori.com/jpb/20260513/,2026,5,1.0,5,1.0,97.32899459748705,0.08380681818181818,0.7580492424242424,0,0.19999999999999996,0.09999999999999998,0.0,0.09999999999999998,1.4000000000000004,-1.2999999999999998,0.19999999999999996,0.026491365777080056,-0.04925431711145997,0.5480638292575329,0,0.5480638292575329,False,False,V4-A_prior
2026-05-13,ソフトバンク,西武,1,2,PayPayドーム,,https://handenomori.com/jpb/20260513/,2026,-1,0.0,5,1.0,-19.399120069272385,0.1654135338345865,1.5338345864661653,0,-0.6,-0.30000000000000004,-5.6000000000000005,-4.0,-2.0999999999999996,-1.9,-0.2,0.0574509803921569,1.2398039215686274,0.6517668711747098,1,0.6517668711747098,True,False,V4-A_prior
2026-05-13,ヤクルト,阪神,4,2,神宮野球場,,https://handenomori.com/jpb/20260513/,2026,2,1.0,5,1.0,-44.99411086814962,-0.2111945309161936,-1.9702130256973693,0,0.0,0.09999999999999998,-1.2000000000000002,0.4,0.8000000000000003,-0.39999999999999947,-0.2,-0.10535353535353531,-1.2563636363636363,0.5171176661708276,0,0.5171176661708276,False,False,V4-A_prior
2026-05-13,ロッテ,日本ハム,2,6,ZOZOマリンスタジアム,,https://handenomori.com/jpb/20260513/,2026,-4,0.0,5,1.0,-75.49177027643373,-0.1641325536062378,-1.646839320523531,0,-0.6000000000000001,-0.39999999999999997,-4.8,-3.6,-1.2999999999999998,-2.3,0.0,-0.07410714285714282,-0.9398809523809524,0.5363103092224607,0,0.5363103092224607,False,True,V4-A_prior
2026-05-13,巨人,広島,4,2,福井,,https://handenomori.com/jpb/20260513/,2026,2,1.0,5,1.0,93.86477957396005,0.05777906304222091,0.3001735106998265,0,0.0,0.0,-2.4,-1.4000000000000001,-0.5999999999999996,-0.7999999999999998,0.0,0.12241758241758244,0.7903296703296703,0.5907454868123091,1,0.5907454868123091,False,True,V4-A_prior
2026-05-14,ロッテ,日本ハム,5,3,ZOZOマリンスタジアム,,https://handenomori.com/jpb/20260514/,2026,2,1.0,5,1.0,-93.17137283563216,-0.1641325536062378,-1.646839320523531,0,-0.6000000000000001,-0.39999999999999997,-3.8,-3.0,-1.2000000000000002,-1.8000000000000003,-0.09999999999999998,-0.07410714285714282,-0.9398809523809524,0.5384738624199138,0,0.5384738624199138,False,False,V4-A_prior
2026-05-14,楽天,オリックス,3,0,楽天モバイル,,https://handenomori.com/jpb/20260514/,2026,3,1.0,5,1.0,-121.58072291455437,-0.07171337434495334,-0.5385623148781044,0,-0.6,-0.3,-4.8,-2.4,-0.7999999999999998,-1.6,-0.3,-0.11729540300968877,-0.453205524634096,0.5693790635899351,0,0.5693790635899351,False,False,V4-A_prior
2026-05-15,ロッテ,オリックス,6,3,ZOZOマリンスタジアム,,https://handenomori.com/jpb/20260515/,2026,3,1.0,5,1.0,-99.83262910335952,-0.1127819548872181,-0.5714285714285714,0,0.0,-0.3,-0.3999999999999999,-1.3,0.5,-1.8000000000000003,-0.2,-0.03630050505050508,-0.10669191919191923,0.5904376155050711,1,0.5904376155050711,False,True,V4-A_prior
2026-05-15,中日,ヤクルト,5,8,ナゴヤドーム,,https://handenomori.com/jpb/20260515/,2026,-3,0.0,5,1.0,-93.99813066882393,0.02096546863988724,0.39904862579281186,0,-0.19999999999999996,-0.09999999999999998,0.4,0.8999999999999999,0.6999999999999997,0.19999999999999973,0.09999999999999998,-0.03195415695415693,0.6652097902097902,0.595493308554277,1,0.595493308554277,False,False,V4-A_prior
2026-05-15,巨人,DeNA,2,0,東京ドーム,,https://handenomori.com/jpb/20260515/,2026,2,1.0,5,1.0,-41.92171136201864,-0.01938439849624063,-0.2731437969924812,0,-0.20000000000000007,-0.19999999999999996,-3.0,-1.9,-2.3000000000000003,0.39999999999999947,0.0,0.08081632653061227,0.1404081632653061,0.5575529051688626,0,0.5575529051688626,False,False,V4-A_prior
2026-05-15,日本ハム,西武,0,3,エスコンF,,https://handenomori.com/jpb/20260515/,2026,-3,0.0,5,1.0,-34.77090986425628,0.12653856864383178,1.3761626287942077,-1,-0.19999999999999996,-0.20000000000000007,-1.4,-0.30000000000000004,-1.2000000000000002,0.8999999999999999,0.09999999999999998,-0.027142857142857135,0.14904761904761904,0.6365326693498983,1,0.6365326693498983,True,False,V4-A_prior
2026-05-15,楽天,ソフトバンク,6,3,楽天モバイル,,https://handenomori.com/jpb/20260515/,2026,3,1.0,5,1.0,-61.19281307002461,-0.16193893825472777,-1.7716450216450217,-1,-0.2,0.0,-2.2,0.0,-1.1,1.1000000000000005,-0.09999999999999998,-0.23969587835134054,-2.3771508603441376,0.5003171764048704,0,0.5003171764048704,False,False,V4-A_prior
2026-05-15,阪神,広島,0,2,甲子園球場,,https://handenomori.com/jpb/20260515/,2026,-2,0.0,5,1.0,157.04828484959194,0.18358570563294974,1.3864324651726228,0,0.2,0.09999999999999998,1.4,-0.2,-0.2999999999999998,0.10000000000000009,0.30000000000000004,0.15241758241758235,1.2903296703296703,0.5730099045155502,0,0.5730099045155502,False,True,V4-A_prior
2026-05-16,中日,ヤクルト,8,0,ナゴヤドーム,,https://handenomori.com/jpb/20260516/,2026,8,1.0,5,1.0,-110.63419687930923,0.02096546863988724,0.39904862579281186,0,-0.39999999999999997,-0.09999999999999998,-1.6,0.8,0.6999999999999997,0.09999999999999964,0.09999999999999998,-0.03195415695415693,0.6652097902097902,0.5974643818378405,1,0.5974643818378405,False,True,V4-A_prior
2026-05-16,巨人,DeNA,4,3,東京ドーム,,https://handenomori.com/jpb/20260516/,2026,1,1.0,5,1.0,-21.52331833268613,-0.01938439849624063,-0.2731437969924812,0,0.20000000000000007,-0.09999999999999998,1.0,-2.4,-2.1000000000000005,-0.30000000000000027,0.09999999999999998,0.08081632653061227,0.1404081632653061,0.5550744433087734,0,0.5550744433087734,False,False,V4-A_prior
2026-05-16,日本ハム,西武,5,4,エスコンF,,https://handenomori.com/jpb/20260516/,2026,1,1.0,5,1.0,-54.78409735063315,0.12653856864383178,1.3761626287942077,0,-0.4,-0.30000000000000004,-2.8000000000000003,-1.1,-1.2999999999999998,0.20000000000000018,0.0,-0.027142857142857135,0.14904761904761904,0.6408349513259096,1,0.6408349513259096,True,True,V4-A_prior
2026-05-16,楽天,ソフトバンク,4,3,楽天モバイル,,https://handenomori.com/jpb/20260516/,2026,1,1.0,5,1.0,-39.68788355519132,-0.16193893825472777,-1.7716450216450217,0,0.2,0.2,-0.4,1.5999999999999999,-0.30000000000000027,1.9,0.0,-0.23969587835134054,-2.3771508603441376,0.49986868188544065,0,0.5001313181145594,False,False,V4-A_prior
2026-05-16,阪神,広島,3,1,甲子園球場,,https://handenomori.com/jpb/20260516/,2026,2,1.0,5,1.0,126.99657554349574,0.18358570563294974,1.3864324651726228,0,0.0,0.0,1.7999999999999998,-0.7,-0.9000000000000004,0.20000000000000018,0.30000000000000004,0.15241758241758235,1.2903296703296703,0.5766253668825504,0,0.5766253668825504,False,False,V4-A_prior
2026-05-17,ロッテ,オリックス,3,2,ZOZOマリンスタジアム,,https://handenomori.com/jpb/20260517/,2026,1,1.0,5,1.0,-76.14328584665873,-0.1127819548872181,-0.5714285714285714,0,0.2,-0.2,0.8,-1.6,0.7999999999999998,-2.4,-0.09999999999999998,-0.03630050505050508,-0.10669191919191923,0.5876147389806439,1,0.5876147389806439,False,True,V4-A_prior
2026-05-17,中日,ヤクルト,1,5,ナゴヤドーム,,https://handenomori.com/jpb/20260517/,2026,-4,0.0,5,1.0,-86.34783988706363,0.02096546863988724,0.39904862579281186,0,-0.2,-0.09999999999999998,2.0,1.0,1.2999999999999998,-0.30000000000000027,0.19999999999999996,-0.03195415695415693,0.6652097902097902,0.5945858481459269,1,0.5945858481459269,False,False,V4-A_prior
2026-05-17,巨人,DeNA,1,0,東京ドーム,,https://handenomori.com/jpb/20260517/,2026,1,1.0,5,1.0,-2.298709648176782,-0.01938439849624063,-0.2731437969924812,0,0.6,0.0,2.1999999999999997,-2.0,-1.5,-0.5,0.19999999999999996,0.08081632653061227,0.1404081632653061,0.5527360868628378,0,0.5527360868628378,False,False,V4-A_prior
2026-05-17,日本ハム,西武,3,6,エスコンF,,https://handenomori.com/jpb/20260517/,2026,-3,0.0,5,1.0,-33.64646249867474,0.12653856864383178,1.3761626287942077,0,-0.20000000000000007,-0.20000000000000007,-2.0,-1.7000000000000002,-1.3000000000000003,-0.3999999999999999,0.0,-0.027142857142857135,0.14904761904761904,0.6384365543787108,1,0.6384365543787108,True,False,V4-A_prior
2026-05-17,楽天,ソフトバンク,1,5,楽天モバイル,,https://handenomori.com/jpb/20260517/,2026,-4,0.0,5,1.0,-19.41804366052088,-0.16193893825472777,-1.7716450216450217,0,0.39999999999999997,0.2,0.6,0.3999999999999999,-0.8999999999999999,1.3000000000000003,0.09999999999999998,-0.23969587835134054,-2.3771508603441376,0.4973742159510434,0,0.5026257840489565,False,True,V4-A_prior
2026-05-17,阪神,広島,0,1,甲子園球場,,https://handenomori.com/jpb/20260517/,2026,-1,0.0,5,1.0,138.29306641115159,0.18358570563294974,1.3864324651726228,0,0.19999999999999996,0.10000000000000003,2.2,-0.19999999999999996,-0.30000000000000027,0.10000000000000009,0.30000000000000004,0.15241758241758235,1.2903296703296703,0.5752672487225851,0,0.5752672487225851,False,True,V4-A_prior
2026-05-19,オリックス,ソフトバンク,2,1,京セラドーム大阪,,https://handenomori.com/jpb/20260519/,2026,1,1.0,5,1.0,22.920426344645193,-0.09022556390977443,-1.2330827067669172,0,0.0,0.09999999999999998,-0.5999999999999999,0.7,-1.5,2.1999999999999997,0.19999999999999996,-0.12240047534165177,-1.9239453357100416,0.4910828473346925,0,0.5089171526653076,False,False,V4-A_prior
2026-05-19,ヤクルト,巨人,0,2,いわき,,https://handenomori.com/jpb/20260519/,2026,-2,0.0,5,1.0,1.6947234319175095,-0.08538788832546479,-0.883954071224573,0,-0.4,-0.09999999999999998,-3.4000000000000004,-0.2,0.0,-0.19999999999999973,0.19999999999999996,-0.0753535353535354,-0.7563636363636363,0.5286736380891444,0,0.5286736380891444,False,True,V4-A_prior
2026-05-19,広島,DeNA,3,1,マツダスタジアム,,https://handenomori.com/jpb/20260519/,2026,2,1.0,5,1.0,-95.82865795699786,-0.07716346153846154,-0.5733173076923077,0,0.0,-0.09999999999999998,-1.2,-0.30000000000000004,-0.2999999999999998,0.0,-0.3,-0.04160125588697017,-0.6499215070643641,0.5590664663409766,0,0.5590664663409766,False,False,V4-A_prior
2026-05-19,日本ハム,楽天,6,2,エスコンF,,https://handenomori.com/jpb/20260519/,2026,4,1.0,5,1.0,46.80254456179182,0.12306397306397304,1.6139730639730638,0,-0.19999999999999996,0.19999999999999996,-0.8,3.0999999999999996,1.6,1.5,0.0,0.1551020408163265,1.2863945578231293,0.5648581597786049,0,0.5648581597786049,False,False,V4-A_prior
2026-05-19,西武,ロッテ,3,2,前橋,,https://handenomori.com/jpb/20260519/,2026,1,1.0,5,1.0,91.07798100997297,0.03759398496240601,0.2706766917293233,0,0.20000000000000007,0.4,1.6,3.8,1.5999999999999996,2.2,0.09999999999999998,0.10124999999999995,0.7908333333333334,0.5209268705900703,0,0.5209268705900703,False,False,V4-A_prior
2026-05-19,阪神,中日,4,2,倉敷,,https://handenomori.com/jpb/20260519/,2026,2,1.0,5,1.0,99.13554358673605,0.19022906227630637,1.5711643999045575,0,0.2,0.0,2.5999999999999996,-0.3,-1.4,1.1,0.19999999999999996,0.13730769230769224,0.5911538461538461,0.5348395152545361,0,0.5348395152545361,False,False,V4-A_prior
2026-05-20,オリックス,ソフトバンク,8,3,京セラドーム大阪,,https://handenomori.com/jpb/20260520/,2026,5,1.0,5,1.0,39.61680642391843,-0.09022556390977443,-1.2330827067669172,0,0.2,0.2,-0.4,0.8,-1.0999999999999996,1.8999999999999995,0.19999999999999996,-0.12240047534165177,-1.9239453357100416,0.4890289375846989,0,0.5109710624153011,False,False,V4-A_prior
2026-05-20,広島,DeNA,3,4,マツダスタジアム,,https://handenomori.com/jpb/20260520/,2026,-1,0.0,5,1.0,-72.36242318252266,-0.07716346153846154,-0.5733173076923077,0,0.39999999999999997,0.09999999999999998,0.4,0.7,0.20000000000000018,0.5,-0.2,-0.04160125588697017,-0.6499215070643641,0.5562170033264129,0,0.5562170033264129,False,True,V4-A_prior
2026-05-20,日本ハム,楽天,5,3,エスコンF,,https://handenomori.com/jpb/20260520/,2026,2,1.0,5,1.0,62.178737900783744,0.12306397306397304,1.6139730639730638,0,-0.19999999999999996,0.3,-0.39999999999999997,3.0,1.1,1.9000000000000004,0.09999999999999998,0.1551020408163265,1.2863945578231293,0.5629968369088661,0,0.5629968369088661,False,False,V4-A_prior
2026-05-20,西武,ロッテ,1,3,県営大宮,,https://handenomori.com/jpb/20260520/,2026,-2,0.0,5,1.0,104.12298708649269,0.03759398496240601,0.2706766917293233,0,0.20000000000000007,0.5,1.2,3.7,1.4000000000000004,2.3,0.19999999999999996,0.10124999999999995,0.7908333333333334,0.5235910622781946,0,0.5235910622781946,False,True,V4-A_prior
2026-05-20,阪神,中日,8,7,甲子園球場,,https://handenomori.com/jpb/20260520/,2026,1,1.0,5,1.0,111.77614401025153,0.19022906227630637,1.5711643999045575,0,0.2,0.2,1.0,0.8999999999999999,-0.7999999999999998,1.7000000000000002,0.30000000000000004,0.13730769230769224,0.5911538461538461,0.5804988102371647,0,0.5804988102371647,False,False,V4-A_prior
2026-05-21,ヤクルト,巨人,3,1,神宮野球場,,https://handenomori.com/jpb/20260521/,2026,2,1.0,5,1.0,-20.40977542886162,-0.08538788832546479,-0.883954071224573,0,-0.4,-0.09999999999999998,-1.8,-0.4,-0.10000000000000009,-0.2999999999999998,0.09999999999999998,-0.0753535353535354,-0.7563636363636363,0.536971425371868,0,0.536971425371868,False,False,V4-A_prior
2026-05-21,広島,DeNA,3,1,マツダスタジアム,,https://handenomori.com/jpb/20260521/,2026,2,1.0,5,1.0,-90.21992173936701,-0.07716346153846154,-0.5733173076923077,0,0.39999999999999997,-0.09999999999999998,1.4,-1.5,-0.8999999999999999,-0.6000000000000001,-0.3,-0.04160125588697017,-0.6499215070643641,0.5583857540470875,0,0.5583857540470875,False,False,V4-A_prior
2026-05-22,ソフトバンク,日本ハム,10,0,PayPayドーム,,https://handenomori.com/jpb/20260522/,2026,10,1.0,5,1.0,-37.68289502028847,0.03887496519075473,0.15767195767195763,0,-0.39999999999999997,-0.39999999999999997,-1.4,-1.4,-0.20000000000000018,-1.1999999999999997,0.0,0.08459383753501404,1.0907563025210083,0.5720629508313441,0,0.5720629508313441,False,False,V4-A_prior
2026-05-22,中日,広島,6,2,ナゴヤドーム,,https://handenomori.com/jpb/20260522/,2026,4,1.0,5,1.0,-16.776385933349957,-0.006643356643356635,-0.18473193473193472,1,-0.39999999999999997,-0.2,-0.8,-0.5,1.8999999999999995,-2.3999999999999995,-0.2,0.015109890109890112,0.6991758241758241,0.5774132836882959,0,0.5774132836882959,False,False,V4-A_prior
2026-05-22,巨人,阪神,4,7,東京ドーム,,https://handenomori.com/jpb/20260522/,2026,-3,0.0,5,1.0,-8.275297216237504,-0.12580664259072882,-1.0862589544727963,-1,0.20000000000000007,0.19999999999999996,0.4,0.2,0.0,0.20000000000000018,-0.09999999999999998,-0.029999999999999916,-0.5,0.5498216526560924,0,0.5498216526560924,False,True,V4-A_prior
2026-05-22,楽天,ロッテ,1,2,楽天モバイル,,https://handenomori.com/jpb/20260522/,2026,-1,0.0,5,1.0,-31.691386795937888,0.041068580542264754,0.03286625655046704,0,-0.4,-0.2,-2.5999999999999996,-1.3,-1.2000000000000002,-0.10000000000000009,0.0,-0.08099489795918369,-0.3465136054421768,0.5385745698219441,0,0.5385745698219441,False,True,V4-A_prior
2026-05-22,西武,オリックス,1,5,メットライフドーム,,https://handenomori.com/jpb/20260522/,2026,-4,0.0,5,1.0,13.778467734061223,-0.07518796992481208,-0.3007518796992481,0,0.19999999999999996,0.30000000000000004,1.0,1.9,1.4,0.5,-0.2,0.06494949494949487,0.6841414141414142,0.548085737721627,0,0.548085737721627,False,True,V4-A_prior
2026-05-23,DeNA,ヤクルト,0,6,横浜スタジアム,,https://handenomori.com/jpb/20260523/,2026,-6,0.0,5,1.0,-30.427648573856686,0.10477228682170542,1.1570978682170543,0,-0.39999999999999997,-0.19999999999999996,-0.8,0.5,-0.7999999999999998,1.2999999999999998,-0.2,-0.0054627911770768756,0.6159554730983302,0.5726529632396812,0,0.5726529632396812,False,True,V4-A_prior
2026-05-23,ソフトバンク,日本ハム,11,1,PayPayドーム,,https://handenomori.com/jpb/20260523/,2026,10,1.0,5,1.0,-17.528458237927225,0.03887496519075473,0.15767195767195763,0,-0.19999999999999996,-0.3,2.5999999999999996,0.8,0.5,0.30000000000000027,0.09999999999999998,0.08459383753501404,1.0907563025210083,0.569632466238077,0,0.569632466238077,False,False,V4-A_prior
2026-05-23,中日,広島,3,5,ナゴヤドーム,,https://handenomori.com/jpb/20260523/,2026,-2,0.0,5,1.0,2.17553948855857,-0.006643356643356635,-0.18473193473193472,0,-0.19999999999999996,-0.2,1.0,-0.8,1.4,-2.1999999999999997,-0.2,0.015109890109890112,0.6991758241758241,0.5729854975141194,0,0.5729854975141194,False,True,V4-A_prior
2026-05-23,巨人,阪神,0,3,東京ドーム,,https://handenomori.com/jpb/20260523/,2026,-3,0.0,5,1.0,-29.81066787348618,-0.12580664259072882,-1.0862589544727963,0,-0.20000000000000007,0.09999999999999998,-1.5999999999999999,-0.5999999999999999,-0.3999999999999999,-0.20000000000000018,-0.09999999999999998,-0.029999999999999916,-0.5,0.5546169544766841,0,0.5546169544766841,False,True,V4-A_prior
2026-05-23,楽天,ロッテ,6,7,楽天モバイル,,https://handenomori.com/jpb/20260523/,2026,-1,0.0,5,1.0,-51.881840124834525,0.041068580542264754,0.03286625655046704,0,-0.6000000000000001,-0.3,-3.2,-1.4,-1.0,-0.3999999999999999,0.0,-0.08099489795918369,-0.3465136054421768,0.5410435343283674,0,0.5410435343283674,False,True,V4-A_prior
2026-05-23,西武,オリックス,4,1,メットライフドーム,,https://handenomori.com/jpb/20260523/,2026,3,1.0,5,1.0,-9.01114199654944,-0.07518796992481208,-0.3007518796992481,0,-0.19999999999999996,0.19999999999999996,-1.7999999999999998,1.2,0.8999999999999999,0.2999999999999998,-0.2,0.06494949494949487,0.6841414141414142,0.5508628543806326,0,0.5508628543806326,False,False,V4-A_prior
2026-05-24,DeNA,ヤクルト,1,0,横浜スタジアム,,https://handenomori.com/jpb/20260524/,2026,1,1.0,5,1.0,-50.69083908561538,0.10477228682170542,1.1570978682170543,0,-0.39999999999999997,-0.3,-2.4,-0.6000000000000001,-1.3,0.6999999999999997,-0.3,-0.0054627911770768756,0.6159554730983302,0.5750921961789197,0,0.5750921961789197,False,False,V4-A_prior
2026-05-24,ソフトバンク,日本ハム,7,6,PayPayドーム,,https://handenomori.com/jpb/20260524/,2026,1,1.0,5,1.0,1.4666458880033133,0.03887496519075473,0.15767195767195763,0,0.19999999999999996,-0.09999999999999998,7.0,3.1,1.2999999999999998,1.7999999999999998,0.19999999999999996,0.08459383753501404,1.0907563025210083,0.5673387110725066,0,0.5673387110725066,False,False,V4-A_prior
2026-05-24,中日,広島,3,5,ナゴヤドーム,,https://handenomori.com/jpb/20260524/,2026,-2,0.0,5,1.0,-19.95632690780667,-0.006643356643356635,-0.18473193473193472,0,-0.39999999999999997,-0.3,-1.2,-1.0,1.2000000000000002,-2.2,-0.2,0.015109890109890112,0.6991758241758241,0.5756489580453685,0,0.5756489580453685,False,True,V4-A_prior
2026-05-24,巨人,阪神,3,6,東京ドーム,,https://handenomori.com/jpb/20260524/,2026,-3,0.0,5,1.0,-50.10936763172958,-0.12580664259072882,-1.0862589544727963,0,-0.4,0.0,-2.6,-1.2,-0.7999999999999998,-0.3999999999999999,-0.09999999999999998,-0.029999999999999916,-0.5,0.5570838226127618,0,0.5570838226127618,False,True,V4-A_prior
2026-05-24,楽天,ロッテ,8,5,楽天モバイル,,https://handenomori.com/jpb/20260524/,2026,3,1.0,5,1.0,-70.91080736318963,0.041068580542264754,0.03286625655046704,0,-0.8,-0.3,-3.2,-1.0999999999999999,-0.7999999999999998,-0.2999999999999998,-0.09999999999999998,-0.08099489795918369,-0.3465136054421768,0.5433686269804714,0,0.5433686269804714,False,False,V4-A_prior
2026-05-24,西武,オリックス,4,3,メットライフドーム,,https://handenomori.com/jpb/20260524/,2026,1,1.0,5,1.0,9.495603124726358,-0.07518796992481208,-0.3007518796992481,0,0.0,0.29999999999999993,-1.0,1.5,1.0,0.5,-0.2,0.06494949494949487,0.6841414141414142,0.5486078767546808,0,0.5486078767546808,False,False,V4-A_prior
2026-05-26,DeNA,オリックス,1,7,横浜スタジアム,,https://handenomori.com/jpb/20260526/,2026,-6,0.0,5,1.0,-76.20160809430195,-0.01820958646616544,0.35585056390977443,0,-0.19999999999999996,0.0,-2.8,-0.4,-0.8,0.40000000000000036,-0.16666666666666669,-0.04586683158111732,0.393733250876108,0.5568193443841013,0,0.5568193443841013,False,True,V4-A_prior
2026-05-26,ヤクルト,西武,1,2,神宮野球場,,https://handenomori.com/jpb/20260526/,2026,-1,0.0,5,1.0,-73.36153529926673,-0.047793903363058776,-0.5004954246080318,0,0.0,-0.19999999999999996,2.0,-1.6,-0.5,-1.1,0.16666666666666663,-0.10535353535353531,-0.9063636363636364,0.5899284922353274,1,0.5899284922353274,False,False,V4-A_prior
2026-05-26,中日,楽天,1,0,ナゴヤドーム,,https://handenomori.com/jpb/20260526/,2026,1,1.0,5,1.0,-75.96356449682094,-0.030303030303030276,0.13636363636363635,0,0.0,-0.2,0.4,-0.5,0.20000000000000018,-0.7000000000000002,-0.09999999999999998,0.044937205651491396,0.896193092621664,0.5399292175801171,0,0.5399292175801171,False,False,V4-A_prior
2026-05-26,巨人,ソフトバンク,3,8,東京ドーム,,https://handenomori.com/jpb/20260526/,2026,-5,0.0,5,1.0,-55.05443060272273,-0.1278195488721805,-1.150375939849624,0,-0.39999999999999997,0.19999999999999996,-4.8,-1.2000000000000002,-1.8000000000000003,0.5999999999999996,0.09999999999999998,-0.08745098039215682,-1.3898039215686273,0.5339974140740539,0,0.5339974140740539,False,True,V4-A_prior
2026-05-26,広島,ロッテ,1,3,マツダスタジアム,,https://handenomori.com/jpb/20260526/,2026,-2,0.0,5,1.0,-83.99274014980824,0.017408906882591113,0.3539618276460381,0,0.0,0.0,0.2,0.1,-1.0,1.1,-0.09999999999999998,-0.0511675824175824,-0.1494963369963369,0.571779130083668,0,0.571779130083668,False,True,V4-A_prior
2026-05-26,阪神,日本ハム,0,4,甲子園球場,,https://handenomori.com/jpb/20260526/,2026,-4,0.0,5,1.0,33.56085155669052,0.03686205890930305,0.09355497229512988,0,0.6,0.29999999999999993,5.4,3.7,0.7999999999999998,2.9,0.0,0.027142857142857135,0.20095238095238094,0.5262306307404778,0,0.5262306307404778,False,True,V4-A_prior
2026-05-27,DeNA,オリックス,2,5,横浜スタジアム,,https://handenomori.com/jpb/20260527/,2026,-3,0.0,5,1.0,-93.84090873460877,-0.01820958646616544,0.35585056390977443,0,-0.19999999999999996,-0.2,-4.6,-2.0,-1.6999999999999997,-0.2999999999999998,-0.2142857142857143,-0.04586683158111732,0.393733250876108,0.5589610066486015,0,0.5589610066486015,False,True,V4-A_prior
2026-05-27,中日,楽天,7,2,ナゴヤドーム,,https://handenomori.com/jpb/20260527/,2026,5,1.0,5,1.0,-53.61637820665214,-0.030303030303030276,0.13636363636363635,0,0.2,-0.10000000000000003,0.4,-0.3,0.20000000000000018,-0.5,0.0,0.044937205651491396,0.896193092621664,0.5371954461142188,0,0.5371954461142188,False,False,V4-A_prior
2026-05-27,巨人,ソフトバンク,5,1,東京ドーム,,https://handenomori.com/jpb/20260527/,2026,4,1.0,5,1.0,-73.90128515763354,-0.1278195488721805,-1.150375939849624,0,-0.8,0.0,-7.4,-2.7,-2.8000000000000003,0.09999999999999964,0.0,-0.08745098039215682,-1.3898039215686273,0.5363053180676025,0,0.5363053180676025,False,False,V4-A_prior
2026-05-27,広島,ロッテ,4,5,マツダスタジアム,,https://handenomori.com/jpb/20260527/,2026,-1,0.0,5,1.0,-101.19103691480473,0.017408906882591113,0.3539618276460381,0,-0.20000000000000007,-0.09999999999999998,-0.6,-0.2,-1.1999999999999997,1.0,-0.16666666666666669,-0.0511675824175824,-0.1494963369963369,0.5738507333915391,0,0.5738507333915391,False,True,V4-A_prior
2026-05-27,阪神,日本ハム,2,5,甲子園球場,,https://handenomori.com/jpb/20260527/,2026,-3,0.0,5,1.0,9.664614946900656,0.03686205890930305,0.09355497229512988,0,0.4,0.19999999999999996,4.2,2.3,0.0,2.3,-0.07142857142857145,0.027142857142857135,0.20095238095238094,0.5291623682026697,0,0.5291623682026697,False,True,V4-A_prior
2026-05-28,DeNA,オリックス,3,1,横浜スタジアム,,https://handenomori.com/jpb/20260528/,2026,2,1.0,5,1.0,-110.48576999837474,-0.01820958646616544,0.35585056390977443,0,-0.39999999999999997,-0.3,-5.0,-2.9000000000000004,-2.3,-0.6000000000000001,-0.25,-0.04586683158111732,0.393733250876108,0.5609799212431719,0,0.5609799212431719,False,False,V4-A_prior
2026-05-28,ヤクルト,西武,0,8,神宮野球場,,https://handenomori.com/jpb/20260528/,2026,-8,0.0,5,1.0,-91.16219801732655,-0.047793903363058776,-0.5004954246080318,0,-0.19999999999999996,-0.19999999999999996,1.0,-1.1,-0.2999999999999998,-0.8000000000000003,0.0714285714285714,-0.10535353535353531,-0.9063636363636364,0.5920465691472527,1,0.5920465691472527,False,False,V4-A_prior
2026-05-28,中日,楽天,2,1,ナゴヤドーム,,https://handenomori.com/jpb/20260528/,2026,1,1.0,5,1.0,-32.54575774105774,-0.030303030303030276,0.13636363636363635,0,0.39999999999999997,0.10000000000000003,2.2,1.5,1.0,0.5000000000000004,0.0714285714285714,0.044937205651491396,0.896193092621664,0.5346157864692952,0,0.5346157864692952,False,False,V4-A_prior
2026-05-28,巨人,ソフトバンク,4,8,東京ドーム,,https://handenomori.com/jpb/20260528/,2026,-4,0.0,5,1.0,-51.6712583703943,-0.1278195488721805,-1.150375939849624,0,-0.6000000000000001,0.0,-6.4,-2.2,-2.7,0.5,0.0714285714285714,-0.08745098039215682,-1.3898039215686273,0.5335829684768247,0,0.5335829684768247,False,True,V4-A_prior
2026-05-28,広島,ロッテ,3,6,マツダスタジアム,,https://handenomori.com/jpb/20260528/,2026,-3,0.0,5,1.0,-117.42621311440075,0.017408906882591113,0.3539618276460381,0,-0.4,-0.30000000000000004,-1.0,-1.0,-1.2999999999999998,0.30000000000000027,-0.2142857142857143,-0.0511675824175824,-0.1494963369963369,0.5758039508061196,0,0.5758039508061196,False,True,V4-A_prior
2026-05-28,阪神,日本ハム,2,4,甲子園球場,,https://handenomori.com/jpb/20260528/,2026,-2,0.0,5,1.0,-12.892416277968096,0.03686205890930305,0.09355497229512988,0,0.19999999999999996,0.09999999999999998,3.1999999999999997,1.7000000000000002,-0.20000000000000018,1.9,-0.125,0.027142857142857135,0.20095238095238094,0.5319279623186046,0,0.5319279623186046,False,True,V4-A_prior
2026-05-29,オリックス,中日,1,5,京セラドーム大阪,,https://handenomori.com/jpb/20260529/,2026,-4,0.0,5,1.0,145.75282052364923,0.10201640464798362,0.402198678514468,0,-0.19999999999999996,0.0,0.0,0.09999999999999998,-0.2999999999999998,0.40000000000000036,0.0,0.07235819735819737,-0.442987567987568,0.5482005396666523,0,0.5482005396666523,False,True,V4-A_prior
2026-05-29,ソフトバンク,広島,2,0,PayPayドーム,,https://handenomori.com/jpb/20260529/,2026,2,1.0,5,1.0,143.51062231793435,0.1855986119144014,1.4505494505494505,0,0.4,0.09999999999999998,3.6,2.5,2.7,-0.19999999999999973,0.33333333333333337,0.20986856280973926,2.1801335918982976,0.610874586742988,1,0.610874586742988,True,True,V4-A_prior
2026-05-29,ロッテ,阪神,0,1,ZOZOマリンスタジアム,,https://handenomori.com/jpb/20260529/,2026,-1,0.0,5,1.0,16.7631244620502,-0.20099461251554085,-1.7403942928186609,0,0.4,0.20000000000000007,1.4,0.6,0.7000000000000002,-0.10000000000000009,0.0,-0.10124999999999995,-1.1408333333333334,0.541012187623451,0,0.541012187623451,False,True,V4-A_prior
2026-05-29,日本ハム,巨人,2,4,エスコンF,,https://handenomori.com/jpb/20260529/,2026,-2,0.0,5,1.0,77.3703272140956,0.08894458368142577,0.9927039821776664,0,0.39999999999999997,0.19999999999999996,1.8000000000000003,0.3999999999999999,1.1999999999999997,-0.8000000000000003,-0.09999999999999998,0.0028571428571427804,0.29904761904761906,0.5804176746281094,0,0.5804176746281094,False,True,V4-A_prior
2026-05-29,楽天,ヤクルト,2,7,楽天モバイル,,https://handenomori.com/jpb/20260529/,2026,-5,0.0,5,1.0,-64.35162891429695,0.05126849894291752,0.2626849894291755,0,-0.2,-0.3,-0.6,-1.2,0.09999999999999964,-1.2999999999999998,0.30000000000000004,-0.07689136260564833,-0.23098330241187381,0.5837287807194176,0,0.5837287807194176,False,True,V4-A_prior
2026-05-29,西武,DeNA,13,4,メットライフドーム,,https://handenomori.com/jpb/20260529/,2026,9,1.0,5,1.0,125.45051660167451,-0.05697838345864664,-0.6566024436090225,0,0.4,0.39999999999999997,4.2,3.0,2.0,1.0,-0.16666666666666669,0.11081632653061219,0.29040816326530616,0.49998453101074836,0,0.5000154689892516,False,False,V4-A_prior
2026-05-30,オリックス,中日,3,1,京セラドーム大阪,,https://handenomori.com/jpb/20260530/,2026,2,1.0,5,1.0,116.19498583971745,0.10201640464798362,0.402198678514468,0,-0.4,0.0,-1.4,0.4,-0.20000000000000018,0.5999999999999996,-0.07142857142857145,0.07235819735819737,-0.442987567987568,0.5518016556243593,0,0.5518016556243593,False,False,V4-A_prior
2026-05-30,ソフトバンク,広島,4,2,PayPayドーム,,https://handenomori.com/jpb/20260530/,2026,2,1.0,5,1.0,154.05268828514022,0.1855986119144014,1.4505494505494505,0,0.6000000000000001,0.29999999999999993,2.8,3.1,2.6999999999999997,0.3999999999999999,0.3571428571428571,0.20986856280973926,2.1801335918982976,0.6096403234505368,1,0.6096403234505368,False,True,V4-A_prior
2026-05-30,ロッテ,阪神,3,4,ZOZOマリンスタジアム,,https://handenomori.com/jpb/20260530/,2026,-1,0.0,5,1.0,-6.194747624872889,-0.20099461251554085,-1.7403942928186609,0,0.19999999999999996,0.09999999999999998,1.4,0.3,0.30000000000000027,0.0,-0.07142857142857145,-0.10124999999999995,-1.1408333333333334,0.5438171395626835,0,0.5438171395626835,False,True,V4-A_prior
2026-05-30,日本ハム,巨人,3,5,エスコンF,,https://handenomori.com/jpb/20260530/,2026,-2,0.0,5,1.0,51.118266010428215,0.08894458368142577,0.9927039821776664,0,0.19999999999999996,0.09999999999999998,2.4,0.0,0.8999999999999999,-0.9000000000000004,-0.16666666666666669,0.0028571428571427804,0.29904761904761906,0.5835614792318297,0,0.5835614792318297,False,True,V4-A_prior
2026-05-30,楽天,ヤクルト,7,8,楽天モバイル,,https://handenomori.com/jpb/20260530/,2026,-1,0.0,5,1.0,-82.6660214889755,0.05126849894291752,0.2626849894291755,0,-0.2,-0.4,-2.0,-2.1,-0.3999999999999999,-1.7000000000000002,0.16666666666666663,-0.07689136260564833,-0.23098330241187381,0.5859177558231797,1,0.5859177558231797,False,False,V4-A_prior
2026-05-30,西武,DeNA,6,0,メットライフドーム,,https://handenomori.com/jpb/20260530/,2026,6,1.0,5,1.0,136.8192909829188,-0.05697838345864664,-0.6566024436090225,0,0.6,0.39999999999999997,7.4,4.4,2.8999999999999995,1.5,-0.07142857142857145,0.11081632653061219,0.29040816326530616,0.49858544653557196,0,0.5014145534644281,False,False,V4-A_prior
2026-05-31,オリックス,中日,7,5,京セラドーム大阪,,https://handenomori.com/jpb/20260531/,2026,2,1.0,5,1.0,128.0022591561128,0.10201640464798362,0.402198678514468,0,-0.20000000000000007,0.09999999999999998,-0.8,0.5000000000000001,-0.10000000000000009,0.6000000000000001,0.0,0.07235819735819737,-0.442987567987568,0.5503637715583355,0,0.5503637715583355,False,False,V4-A_prior
2026-05-31,ソフトバンク,広島,3,1,PayPayドーム,,https://handenomori.com/jpb/20260531/,2026,2,1.0,5,1.0,164.13041998702943,0.1855986119144014,1.4505494505494505,0,0.8,0.39999999999999997,3.8,3.3,2.7,0.6000000000000001,0.375,0.20986856280973926,2.1801335918982976,0.6084591103153106,1,0.6084591103153106,False,True,V4-A_prior
2026-05-31,ロッテ,阪神,4,2,ZOZOマリンスタジアム,,https://handenomori.com/jpb/20260531/,2026,2,1.0,5,1.0,-27.849122383510803,-0.20099461251554085,-1.7403942928186609,0,0.19999999999999996,-0.09999999999999998,2.2,-0.09999999999999998,-0.10000000000000009,0.0,-0.125,-0.10124999999999995,-1.1408333333333334,0.546460291009112,0,0.546460291009112,False,False,V4-A_prior
2026-05-31,日本ハム,巨人,3,0,エスコンF,,https://handenomori.com/jpb/20260531/,2026,3,1.0,5,1.0,26.25999033397602,0.08894458368142577,0.9927039821776664,0,0.0,0.09999999999999998,1.2,0.0,0.5,-0.5,-0.2142857142857143,0.0028571428571427804,0.29904761904761906,0.5865321238931307,1,0.5865321238931307,False,True,V4-A_prior
2026-05-31,楽天,ヤクルト,1,2,楽天モバイル,,https://handenomori.com/jpb/20260531/,2026,-1,0.0,5,1.0,-99.93923131419774,0.05126849894291752,0.2626849894291755,0,-0.4,-0.4,-1.8,-1.6,0.20000000000000018,-1.7999999999999998,0.0714285714285714,-0.07689136260564833,-0.23098330241187381,0.587979183003092,1,0.587979183003092,False,False,V4-A_prior
2026-05-31,西武,DeNA,0,6,メットライフドーム,,https://handenomori.com/jpb/20260531/,2026,-6,0.0,5,1.0,147.66311271758946,-0.05697838345864664,-0.6566024436090225,0,0.8,0.5,9.4,5.6,3.0999999999999996,2.5,0.0,0.11081632653061219,0.29040816326530616,0.4972509850494165,0,0.5027490149505836,False,True,V4-A_prior
2026-06-02,DeNA,楽天,3,7,横浜スタジアム,,https://handenomori.com/jpb/20260602/,2026,-4,0.0,6,1.0,76.51932138259644,0.0535037878787879,0.8944128787878788,0,0.4,0.30000000000000004,0.6000000000000001,-0.7000000000000002,-0.8999999999999999,0.1999999999999993,0.0714285714285714,0.07142857142857145,0.846938775510204,0.5082264108085729,0,0.5082264108085729,False,True,V4-A_prior
2026-06-02,ヤクルト,ロッテ,0,5,神宮野球場,,https://handenomori.com/jpb/20260602/,2026,-5,0.0,6,1.0,-2.067352063262433,-0.010199918400652763,-0.22981873287870846,0,0.0,-0.09999999999999998,-1.2000000000000002,0.0,-0.5999999999999996,0.6000000000000001,-0.25,-0.004103535353535359,-0.11553030303030298,0.530342913809427,0,0.530342913809427,False,True,V4-A_prior
2026-06-02,中日,ソフトバンク,0,3,ナゴヤドーム,,https://handenomori.com/jpb/20260602/,2026,-3,0.0,6,1.0,-140.18906523586566,-0.19224196855775805,-1.6352813852813852,0,-0.20000000000000007,-0.30000000000000004,0.0,-2.1,-1.7000000000000002,-0.3999999999999999,-0.33333333333333337,-0.19475867269984914,-1.4809577677224737,0.523391128359383,0,0.523391128359383,False,True,V4-A_prior
2026-06-02,巨人,オリックス,3,2,東京ドーム,,https://handenomori.com/jpb/20260602/,2026,1,1.0,6,1.0,-67.60806798015824,-0.03759398496240607,0.08270676691729323,0,0.0,-0.3,0.0,-2.7,-1.1999999999999997,-1.5000000000000004,-0.5,0.03494949494949495,0.5341414141414141,0.596900652799232,1,0.596900652799232,False,True,V4-A_prior
2026-06-03,DeNA,楽天,0,2,横浜スタジアム,,https://handenomori.com/jpb/20260603/,2026,-2,0.0,6,1.0,50.31149466972374,0.0535037878787879,0.8944128787878788,0,0.2,0.09999999999999998,-1.4000000000000001,-1.8000000000000003,-1.4,-0.39999999999999947,0.0,0.07142857142857145,0.846938775510204,0.5114503940888214,0,0.5114503940888214,False,True,V4-A_prior
2026-06-03,ヤクルト,ロッテ,1,0,神宮野球場,,https://handenomori.com/jpb/20260603/,2026,1,1.0,6,1.0,-23.95745038616019,-0.010199918400652763,-0.22981873287870846,0,0.0,-0.19999999999999996,-2.8,-1.2,-1.2999999999999998,0.10000000000000009,-0.3,-0.004103535353535359,-0.11553030303030298,0.5330259753829808,0,0.5330259753829808,False,False,V4-A_prior
2026-06-03,巨人,オリックス,5,4,東京ドーム,,https://handenomori.com/jpb/20260603/,2026,1,1.0,6,1.0,-45.73648873807588,-0.03759398496240607,0.08270676691729323,0,0.19999999999999996,-0.09999999999999998,0.19999999999999996,-1.7999999999999998,-0.3999999999999999,-1.4,-0.35714285714285715,0.03494949494949495,0.5341414141414141,0.5943074596309298,1,0.5943074596309298,False,True,V4-A_prior
2026-06-03,広島,日本ハム,3,1,マツダスタジアム,,https://handenomori.com/jpb/20260603/,2026,2,1.0,6,1.0,-148.00156304460506,-0.14672364672364668,-1.2928774928774929,0,-0.6,-0.2,-2.8,0.10000000000000009,-0.6999999999999997,0.8000000000000003,0.0,-0.12527472527472522,-1.0893772893772893,0.5506873127690954,0,0.5506873127690954,False,False,V4-A_prior
2026-06-03,阪神,西武,2,3,甲子園球場,,https://handenomori.com/jpb/20260603/,2026,-1,0.0,6,1.0,-67.96795667183483,0.16340062755313484,1.4697176010893376,0,-0.4,-0.09999999999999998,-4.6,-1.5999999999999999,-0.7000000000000002,-0.8999999999999999,0.0,0.0,0.35,0.6250868782372782,1,0.6250868782372782,True,False,V4-A_prior
2026-06-04,DeNA,楽天,8,7,横浜スタジアム,,https://handenomori.com/jpb/20260604/,2026,1,1.0,6,1.0,25.496944692301895,0.0535037878787879,0.8944128787878788,0,-0.2,0.0,-2.8,-2.1,-1.6,-0.5,-0.05555555555555558,0.07142857142857145,0.846938775510204,0.5145021085943451,0,0.5145021085943451,False,False,V4-A_prior
2026-06-04,ヤクルト,ロッテ,2,5,神宮野球場,,https://handenomori.com/jpb/20260604/,2026,-3,0.0,6,1.0,-4.592896686349377,-0.010199918400652763,-0.22981873287870846,0,0.4,0.0,-0.20000000000000007,-0.7000000000000001,-1.0,0.2999999999999998,-0.16666666666666669,-0.004103535353535359,-0.11553030303030298,0.5306525614036823,0,0.5306525614036823,False,True,V4-A_prior
2026-06-04,中日,ソフトバンク,1,2,ナゴヤドーム,,https://handenomori.com/jpb/20260604/,2026,-1,0.0,6,1.0,-154.3123661514287,-0.19224196855775805,-1.6352813852813852,0,-0.6,-0.4,-3.0,-3.1,-2.4000000000000004,-0.6999999999999997,-0.35714285714285715,-0.19475867269984914,-1.4809577677224737,0.5251251071257863,0,0.5251251071257863,False,True,V4-A_prior
2026-06-04,巨人,オリックス,2,1,東京ドーム,,https://handenomori.com/jpb/20260604/,2026,1,1.0,6,1.0,-25.118643420912576,-0.03759398496240607,0.08270676691729323,0,0.4,0.09999999999999998,1.0,-0.9,-0.19999999999999973,-0.7000000000000002,-0.25,0.03494949494949495,0.5341414141414141,0.5918580857266394,1,0.5918580857266394,False,True,V4-A_prior
2026-06-04,阪神,西武,2,4,甲子園球場,,https://handenomori.com/jpb/20260604/,2026,-2,0.0,6,1.0,-86.07584398703989,0.16340062755313484,1.4697176010893376,0,-0.4,-0.19999999999999996,-4.2,-1.8,-1.3000000000000003,-0.5,-0.07142857142857145,0.0,0.35,0.6271734985088958,1,0.6271734985088958,True,False,V4-A_prior
2026-06-05,DeNA,ソフトバンク,8,3,横浜スタジアム,,https://handenomori.com/jpb/20260605/,2026,5,1.0,6,1.0,-111.1708702091978,-0.10843515037593987,-0.8772321428571428,0,-0.6,-0.5,-3.0,-4.6,-2.1000000000000005,-2.5,-0.33333333333333337,-0.1682673069227691,-1.5302120848339336,0.5041506657260505,0,0.5041506657260505,False,False,V4-A_prior
2026-06-05,ヤクルト,日本ハム,1,3,神宮野球場,,https://handenomori.com/jpb/20260605/,2026,-2,0.0,6,1.0,-13.672449160402493,-0.17433247200689056,-1.8766580534022395,-1,0.19999999999999996,0.09999999999999998,-0.8,1.1,-0.19999999999999973,1.3000000000000003,-0.16666666666666669,-0.07821067821067818,-1.0554112554112554,0.497652605956425,0,0.502347394043575,False,True,V4-A_prior
2026-06-05,中日,西武,1,0,ナゴヤドーム,,https://handenomori.com/jpb/20260605/,2026,1,1.0,6,1.0,-209.3812106231078,-0.026828434723171535,-0.1014467988152199,0,-0.6000000000000001,-0.4,-3.2,-2.2,-1.7000000000000002,-0.5,-0.3,-0.13730769230769224,-0.24115384615384616,0.6235094666923495,1,0.6235094666923495,True,True,V4-A_prior
2026-06-05,巨人,ロッテ,8,2,東京ドーム,,https://handenomori.com/jpb/20260605/,2026,6,1.0,6,1.0,-11.333247897034653,0.07518796992481203,0.6541353383458646,0,0.20000000000000007,0.0,-1.2000000000000002,-1.4,-0.20000000000000018,-1.1999999999999997,-0.16666666666666669,0.07125000000000004,0.6408333333333334,0.5706250779850095,0,0.5706250779850095,False,False,V4-A_prior
2026-06-05,阪神,楽天,8,1,甲子園球場,,https://handenomori.com/jpb/20260605/,2026,7,1.0,6,1.0,91.74260902122614,0.1599260319732761,1.7075280362681937,0,0.0,0.10000000000000003,-1.2,0.0,-1.3000000000000003,1.2999999999999998,-0.5,0.18224489795918364,1.4873469387755103,0.5410318026185827,0,0.5410318026185827,False,False,V4-A_prior
2026-06-06,DeNA,ソフトバンク,3,6,横浜スタジアム,,https://handenomori.com/jpb/20260606/,2026,-3,0.0,6,1.0,-86.85504859443517,-0.10843515037593987,-0.8772321428571428,0,-0.20000000000000007,-0.4,0.6,-2.7,-0.5999999999999996,-2.0999999999999996,-0.2142857142857143,-0.1682673069227691,-1.5302120848339336,0.501158353738585,0,0.501158353738585,False,True,V4-A_prior
2026-06-06,ヤクルト,日本ハム,0,2,神宮野球場,,https://handenomori.com/jpb/20260606/,2026,-2,0.0,6,1.0,-34.89862191030602,-0.17433247200689056,-1.8766580534022395,0,0.0,-0.09999999999999998,-1.4000000000000001,-0.8999999999999999,-1.0,0.10000000000000009,-0.2142857142857143,-0.07821067821067818,-1.0554112554112554,0.5024627398552229,0,0.5024627398552229,False,True,V4-A_prior
2026-06-06,中日,西武,2,5,ナゴヤドーム,,https://handenomori.com/jpb/20260606/,2026,-3,0.0,6,1.0,-180.10886002431403,-0.026828434723171535,-0.1014467988152199,0,-0.39999999999999997,-0.30000000000000004,-1.7999999999999998,-2.1999999999999997,-1.8000000000000003,-0.3999999999999999,-0.16666666666666669,-0.13730769230769224,-0.24115384615384616,0.6201209296153528,1,0.6201209296153528,True,False,V4-A_prior
2026-06-06,広島,オリックス,7,4,マツダスタジアム,,https://handenomori.com/jpb/20260606/,2026,3,1.0,6,1.0,-128.73715904748656,-0.09537304800462698,-0.21746674378253328,1,-0.2,-0.10000000000000003,-1.5999999999999999,-1.3,-0.7999999999999998,-0.5,0.0,-0.08746808746808749,-0.25618825618825614,0.6013402149497251,1,0.6013402149497251,False,True,V4-A_prior
2026-06-06,阪神,楽天,1,0,甲子園球場,,https://handenomori.com/jpb/20260606/,2026,1,1.0,6,1.0,104.75400509619885,0.1599260319732761,1.7075280362681937,0,0.0,0.2,1.2,1.4000000000000001,-0.10000000000000009,1.4999999999999996,-0.33333333333333337,0.18224489795918364,1.4873469387755103,0.5394409373407548,0,0.5394409373407548,False,False,V4-A_prior
2026-06-07,DeNA,ソフトバンク,2,4,横浜スタジアム,,https://handenomori.com/jpb/20260607/,2026,-2,0.0,6,1.0,-103.89200087187555,-0.10843515037593987,-0.8772321428571428,0,-0.4,-0.4,-1.4,-2.6,-0.2999999999999998,-2.3,-0.25,-0.1682673069227691,-1.5302120848339336,0.5032549474207038,0,0.5032549474207038,False,True,V4-A_prior
2026-06-07,ヤクルト,日本ハム,1,7,神宮野球場,,https://handenomori.com/jpb/20260607/,2026,-6,0.0,6,1.0,-54.904457702092486,-0.17433247200689056,-1.8766580534022395,0,-0.39999999999999997,-0.19999999999999996,-2.8000000000000003,-2.2,-1.0999999999999996,-1.1,-0.25,-0.07821067821067818,-1.0554112554112554,0.5049246011591612,0,0.5049246011591612,False,True,V4-A_prior
2026-06-07,中日,西武,1,4,ナゴヤドーム,,https://handenomori.com/jpb/20260607/,2026,-3,0.0,6,1.0,-192.2097672436205,-0.026828434723171535,-0.1014467988152199,0,-0.39999999999999997,-0.30000000000000004,-1.4000000000000001,-2.3,-2.0,-0.2999999999999998,-0.2142857142857143,-0.13730769230769224,-0.24115384615384616,0.621523159493324,1,0.621523159493324,True,False,V4-A_prior
2026-06-07,広島,オリックス,5,2,マツダスタジアム,,https://handenomori.com/jpb/20260607/,2026,3,1.0,6,1.0,-103.46843607212918,-0.09537304800462698,-0.21746674378253328,0,0.2,0.0,0.6000000000000001,-0.4,-0.3999999999999999,0.0,0.0714285714285714,-0.08746808746808749,-0.25618825618825614,0.5962398043583383,1,0.5962398043583383,False,True,V4-A_prior
2026-06-09,オリックス,ヤクルト,4,3,京セラドーム大阪,,https://handenomori.com/jpb/20260609/,2026,1,1.0,6,1.0,26.156686909036353,0.12298187328787086,0.8012473043072799,0,-0.2,-0.10000000000000003,0.5999999999999999,1.0,0.7999999999999998,0.20000000000000018,0.0,0.04040404040404044,0.2222222222222222,0.5744120537959266,0,0.5744120537959266,False,False,V4-A_prior
2026-06-09,ソフトバンク,阪神,10,4,PayPayドーム,,https://handenomori.com/jpb/20260609/,2026,6,1.0,6,1.0,53.193753590579945,0.0020129062814516763,0.06411698537682775,-1,0.4,0.4,0.20000000000000007,1.4,1.2000000000000002,0.19999999999999973,0.16666666666666663,0.0574509803921569,0.8898039215686274,0.5773092420762346,0,0.5773092420762346,False,False,V4-A_prior
2026-06-09,ロッテ,中日,3,1,ZOZOマリンスタジアム,,https://handenomori.com/jpb/20260609/,2026,2,1.0,6,1.0,115.54892771603159,-0.010765550239234478,-0.1692298929141034,2,0.39999999999999997,0.19999999999999996,2.4,1.0,0.7999999999999998,0.19999999999999973,-0.16666666666666669,0.03605769230769229,-0.5496794871794872,0.5837050388893351,0,0.5837050388893351,False,False,V4-A_prior
2026-06-09,日本ハム,DeNA,4,1,エスコンF,,https://handenomori.com/jpb/20260609/,2026,3,1.0,6,1.0,92.94341364160209,0.06956018518518514,0.7195601851851852,0,0.4,0.29999999999999993,2.4000000000000004,2.8,-0.30000000000000027,3.1000000000000005,-0.16666666666666669,0.08367346938775505,0.4394557823129252,0.5601203632121521,0,0.5601203632121521,False,False,V4-A_prior
2026-06-09,楽天,巨人,2,8,楽天モバイル,,https://handenomori.com/jpb/20260609/,2026,-6,0.0,6,1.0,-123.8856417126151,-0.03411938938254727,-0.6212690817953976,-1,-0.4,-0.49999999999999994,-1.7999999999999998,-2.1,-0.8999999999999999,-1.1999999999999997,0.16666666666666663,-0.15224489795918372,-0.9873469387755102,0.557276663885008,0,0.557276663885008,False,True,V4-A_prior
2026-06-09,西武,広島,4,3,メットライフドーム,,https://handenomori.com/jpb/20260609/,2026,1,1.0,6,1.0,188.66534286208116,0.0201850780798149,-0.08328513591671483,0,0.20000000000000007,0.4,0.8,2.8000000000000003,1.4,1.4,-0.33333333333333337,0.15241758241758235,0.9403296703296703,0.5396968712785233,0,0.5396968712785233,False,False,V4-A_prior
2026-06-10,オリックス,ヤクルト,8,4,京セラドーム大阪,,https://handenomori.com/jpb/20260610/,2026,4,1.0,6,1.0,42.67213945596973,0.12298187328787086,0.8012473043072799,0,0.2,-0.10000000000000003,1.4,0.10000000000000009,0.3999999999999999,-0.2999999999999998,0.0714285714285714,0.04040404040404044,0.2222222222222222,0.5724234181909483,0,0.5724234181909483,False,False,V4-A_prior
2026-06-10,ソフトバンク,阪神,6,2,PayPayドーム,,https://handenomori.com/jpb/20260610/,2026,4,1.0,6,1.0,68.22321733649096,0.0020129062814516763,0.06411698537682775,0,0.4,0.5,1.5999999999999999,2.6,1.7000000000000002,0.8999999999999999,0.2142857142857143,0.0574509803921569,0.8898039215686274,0.5776492791109672,0,0.5776492791109672,False,False,V4-A_prior
2026-06-10,ロッテ,中日,4,11,ZOZOマリンスタジアム,,https://handenomori.com/jpb/20260610/,2026,-7,0.0,6,1.0,127.38717411508674,-0.010765550239234478,-0.1692298929141034,0,0.39999999999999997,0.3,2.2,1.7,1.4,0.2999999999999998,-0.07142857142857145,0.03605769230769229,-0.5496794871794872,0.5780053175076781,0,0.5780053175076781,False,True,V4-A_prior
2026-06-10,日本ハム,DeNA,4,2,エスコンF,,https://handenomori.com/jpb/20260610/,2026,2,1.0,6,1.0,105.89419941206097,0.06956018518518514,0.7195601851851852,0,0.4,0.39999999999999997,2.6,3.2,-0.10000000000000009,3.3000000000000003,-0.07142857142857145,0.08367346938775505,0.4394557823129252,0.5585490317523025,0,0.5585490317523025,False,False,V4-A_prior
2026-06-10,楽天,巨人,0,7,楽天モバイル,,https://handenomori.com/jpb/20260610/,2026,-7,0.0,6,1.0,-138.87775572792248,-0.03411938938254727,-0.6212690817953976,0,-0.8,-0.6000000000000001,-5.6,-3.3,-1.4000000000000004,-1.9000000000000004,0.0714285714285714,-0.15224489795918372,-0.9873469387755102,0.5612628129431396,0,0.5612628129431396,False,True,V4-A_prior
2026-06-10,西武,広島,5,4,メットライフドーム,,https://handenomori.com/jpb/20260610/,2026,1,1.0,6,1.0,197.3162495472793,0.0201850780798149,-0.08328513591671483,0,0.20000000000000007,0.5,0.6000000000000001,3.1,1.8000000000000003,1.2999999999999998,-0.2142857142857143,0.15241758241758235,0.9403296703296703,0.5386387884325964,0,0.5386387884325964,False,False,V4-A_prior
2026-06-11,オリックス,ヤクルト,4,2,京セラドーム大阪,,https://handenomori.com/jpb/20260611/,2026,2,1.0,6,1.0,58.27399932119238,0.12298187328787086,0.8012473043072799,0,0.4,0.10000000000000003,2.6,1.6,1.4,0.20000000000000018,0.125,0.04040404040404044,0.2222222222222222,0.5705426354803727,0,0.5705426354803727,False,False,V4-A_prior
2026-06-11,ソフトバンク,阪神,3,2,PayPayドーム,,https://handenomori.com/jpb/20260611/,2026,1,1.0,6,1.0,82.4500822265004,0.0020129062814516763,0.06411698537682775,0,0.4,0.5,2.8,2.7,1.5,1.2000000000000002,0.25,0.0574509803921569,0.8898039215686274,0.5759397653851961,0,0.5759397653851961,False,False,V4-A_prior
2026-06-11,ロッテ,中日,3,2,ZOZOマリンスタジアム,,https://handenomori.com/jpb/20260611/,2026,1,1.0,6,1.0,98.66544733491833,-0.010765550239234478,-0.1692298929141034,0,0.0,0.2,-1.8,0.30000000000000004,0.40000000000000036,-0.09999999999999964,-0.125,0.03605769230769229,-0.5496794871794872,0.5814500450426882,0,0.5814500450426882,False,False,V4-A_prior
2026-06-11,日本ハム,DeNA,3,0,エスコンF,,https://handenomori.com/jpb/20260611/,2026,3,1.0,6,1.0,118.20085228633843,0.06956018518518514,0.7195601851851852,0,0.8,0.39999999999999997,4.0,2.4,0.0,2.4,0.0,0.08367346938775505,0.4394557823129252,0.5570547657351076,0,0.5570547657351076,False,False,V4-A_prior
2026-06-11,楽天,巨人,8,2,楽天モバイル,,https://handenomori.com/jpb/20260611/,2026,6,1.0,6,1.0,-153.07010062739687,-0.03411938938254727,-0.6212690817953976,0,-1.0,-0.6000000000000001,-8.600000000000001,-4.199999999999999,-1.6999999999999997,-2.5,0.0,-0.15224489795918372,-0.9873469387755102,0.5629824180288823,0,0.5629824180288823,False,False,V4-A_prior
2026-06-11,西武,広島,4,1,メットライフドーム,,https://handenomori.com/jpb/20260611/,2026,3,1.0,6,1.0,205.6342958120399,0.0201850780798149,-0.08328513591671483,0,0.20000000000000007,0.5,0.19999999999999996,2.3,1.2000000000000002,1.1,-0.125,0.15241758241758235,0.9403296703296703,0.5376210888503138,0,0.5376210888503138,False,False,V4-A_prior
2026-06-12,オリックス,阪神,2,1,京セラドーム大阪,,https://handenomori.com/jpb/20260612/,2026,1,1.0,6,1.0,23.36403691331043,-0.08821265762832275,-1.1689657213900895,0,0.19999999999999996,0.09999999999999998,0.8,0.8,1.1,-0.30000000000000027,-0.09999999999999998,-0.06494949494949487,-1.034141414141414,0.5175767219095301,0,0.5175767219095301,False,False,V4-A_prior
2026-06-12,ソフトバンク,ヤクルト,2,4,PayPayドーム,,https://handenomori.com/jpb/20260612/,2026,-2,0.0,6,1.0,145.60146021688274,0.2132074371976453,2.0343300110741973,0,1.0,0.7,6.2,4.199999999999999,2.8000000000000003,1.4,0.0,0.1628045157456922,2.1461675579322637,0.6238577812187001,1,0.6238577812187001,True,False,V4-A_prior
2026-06-12,ロッテ,DeNA,3,2,ZOZOマリンスタジアム,,https://handenomori.com/jpb/20260612/,2026,1,1.0,6,1.0,82.62086618386638,-0.09457236842105265,-0.9272791353383458,0,0.6,0.2,1.2000000000000002,0.39999999999999997,-0.3999999999999999,0.7999999999999998,-0.09999999999999998,0.009566326530612235,-0.5004251700680272,0.5370788093645679,0,0.5370788093645679,False,False,V4-A_prior
2026-06-12,日本ハム,中日,3,1,エスコンF,,https://handenomori.com/jpb/20260612/,2026,2,1.0,6,1.0,158.62085203647052,0.15336700336700332,1.4776094276094276,0,0.8,0.49999999999999994,3.6,2.4,0.7000000000000002,1.7,0.16666666666666663,0.1101648351648351,0.3902014652014652,0.5980530280578336,1,0.5980530280578336,False,True,V4-A_prior
2026-06-12,楽天,広島,2,1,楽天モバイル,,https://handenomori.com/jpb/20260612/,2026,1,1.0,6,1.0,-4.926816160287444,0.02365967365967364,-0.3210955710955711,0,-0.2,0.0,-3.2,-0.6,0.6000000000000001,-1.2000000000000002,-0.16666666666666669,-0.029827315541601285,-0.1970172684458399,0.5681155822996697,0,0.5681155822996697,False,False,V4-A_prior
2026-06-12,西武,巨人,3,0,メットライフドーム,,https://handenomori.com/jpb/20260612/,2026,3,1.0,6,1.0,92.04456958401443,-0.03759398496240601,-0.38345864661654133,0,0.19999999999999996,0.0,-0.5999999999999996,-0.3999999999999999,-0.9000000000000004,0.5,-0.16666666666666669,0.029999999999999916,0.15000000000000002,0.5281871272586518,0,0.5281871272586518,False,False,V4-A_prior
2026-06-13,オリックス,阪神,3,6,京セラドーム大阪,,https://handenomori.com/jpb/20260613/,2026,-3,0.0,6,1.0,40.035582717926445,-0.08821265762832275,-1.1689657213900895,0,0.6000000000000001,0.2,3.2,0.9,1.0,-0.10000000000000009,0.0,-0.06494949494949487,-1.034141414141414,0.5155273040066531,0,0.5155273040066531,False,True,V4-A_prior
2026-06-13,ソフトバンク,ヤクルト,8,1,PayPayドーム,,https://handenomori.com/jpb/20260613/,2026,7,1.0,6,1.0,116.05035005287732,0.2132074371976453,2.0343300110741973,0,0.6000000000000001,0.6000000000000001,4.4,3.7,2.4000000000000004,1.2999999999999998,-0.07142857142857145,0.1628045157456922,2.1461675579322637,0.6272651058448715,1,0.6272651058448715,True,True,V4-A_prior
2026-06-13,ロッテ,DeNA,6,16,ZOZOマリンスタジアム,,https://handenomori.com/jpb/20260613/,2026,-10,0.0,6,1.0,96.09739810249403,-0.09457236842105265,-0.9272791353383458,0,0.6,0.39999999999999997,0.40000000000000013,1.2999999999999998,0.30000000000000027,1.0,0.0,0.009566326530612235,-0.5004251700680272,0.5354290525824887,0,0.5354290525824887,False,True,V4-A_prior
2026-06-13,日本ハム,中日,4,3,エスコンF,,https://handenomori.com/jpb/20260613/,2026,1,1.0,6,1.0,168.5016382205547,0.15336700336700332,1.4776094276094276,0,0.8,0.6000000000000001,3.4000000000000004,2.8,0.7999999999999998,2.0,0.2142857142857143,0.1101648351648351,0.3902014652014652,0.5968832654771713,1,0.5968832654771713,False,True,V4-A_prior
2026-06-13,楽天,広島,0,2,楽天モバイル,,https://handenomori.com/jpb/20260613/,2026,-2,0.0,6,1.0,13.346342688598497,0.02365967365967364,-0.3210955710955711,0,0.2,0.10000000000000003,-0.7999999999999999,-0.6,0.2999999999999998,-0.8999999999999999,-0.07142857142857145,-0.029827315541601285,-0.1970172684458399,0.5659072086096295,0,0.5659072086096295,False,True,V4-A_prior
2026-06-13,西武,巨人,1,2,メットライフドーム,,https://handenomori.com/jpb/20260613/,2026,-1,0.0,6,1.0,105.04071044628745,-0.03759398496240601,-0.38345864661654133,0,0.4,0.10000000000000009,0.20000000000000018,-0.19999999999999996,-0.7999999999999998,0.5999999999999996,-0.07142857142857145,0.029999999999999916,0.15000000000000002,0.5265925693322743,0,0.5265925693322743,False,True,V4-A_prior
2026-06-14,オリックス,阪神,3,2,京セラドーム大阪,,https://handenomori.com/jpb/20260614/,2026,1,1.0,6,1.0,15.78211406287528,-0.08821265762832275,-1.1689657213900895,0,0.6000000000000001,0.10000000000000003,2.8,0.19999999999999996,0.3999999999999999,-0.19999999999999973,-0.07142857142857145,-0.06494949494949487,-1.034141414141414,0.518508569338575,0,0.518508569338575,False,False,V4-A_prior
2026-06-14,ソフトバンク,ヤクルト,0,4,PayPayドーム,,https://handenomori.com/jpb/20260614/,2026,-4,0.0,6,1.0,127.86455335288224,0.2132074371976453,2.0343300110741973,0,0.6000000000000001,0.6000000000000001,5.6,4.4,2.8000000000000003,1.5999999999999996,0.0,0.1628045157456922,2.1461675579322637,0.6259043901329647,1,0.6259043901329647,True,False,V4-A_prior
2026-06-14,ロッテ,DeNA,6,4,ZOZOマリンスタジアム,,https://handenomori.com/jpb/20260614/,2026,2,1.0,6,1.0,68.88969207740274,-0.09457236842105265,-0.9272791353383458,0,0.39999999999999997,0.3,-2.8000000000000003,-1.0,-0.7000000000000002,-0.2999999999999998,-0.07142857142857145,0.009566326530612235,-0.5004251700680272,0.5387589039056795,0,0.5387589039056795,False,False,V4-A_prior
2026-06-14,日本ハム,中日,5,9,エスコンF,,https://handenomori.com/jpb/20260614/,2026,-4,0.0,6,1.0,177.96536073510038,0.15336700336700332,1.4776094276094276,0,0.8,0.7,2.0,3.0,1.1,1.9000000000000001,0.25,0.1101648351648351,0.3902014652014652,0.5957618437842178,1,0.5957618437842178,False,False,V4-A_prior
2026-06-14,楽天,広島,0,3,楽天モバイル,,https://handenomori.com/jpb/20260614/,2026,-3,0.0,6,1.0,-9.418871645869103,0.02365967365967364,-0.3210955710955711,0,0.2,0.0,-0.8,-1.1,0.0,-1.1,-0.125,-0.029827315541601285,-0.1970172684458399,0.5686580516624191,0,0.5686580516624191,False,True,V4-A_prior
2026-06-14,西武,巨人,1,0,メットライフドーム,,https://handenomori.com/jpb/20260614/,2026,1,1.0,6,1.0,77.38926377406051,-0.03759398496240601,-0.38345864661654133,0,0.20000000000000007,0.10000000000000009,0.3999999999999999,0.3999999999999999,-0.40000000000000036,0.8,-0.125,0.029999999999999916,0.15000000000000002,0.5299845645577587,0,0.5299845645577587,False,False,V4-A_prior
2026-06-17,阪神,楽天,10,3,甲子園球場,,https://handenomori.com/jpb/20260617/,2026,7,1.0,6,1.0,105.28802573791836,0.1599260319732761,1.7075280362681937,0,-0.2,0.0,0.19999999999999996,1.3,0.7999999999999998,0.5,-0.2142857142857143,0.18224489795918364,1.4873469387755103,0.5393756268073088,0,0.5393756268073088,False,False,V4-A_prior
2026-06-19,DeNA,阪神,3,11,横浜スタジアム,,https://handenomori.com/jpb/20260619/,2026,-8,0.0,6,1.0,-65.53801616746728,-0.1064222440944882,-0.813115157480315,3,-0.2,-0.10000000000000003,-0.9999999999999999,-0.3,0.7999999999999998,-1.0999999999999996,0.09999999999999998,-0.11081632653061219,-0.6404081632653061,0.5289888213443553,0,0.5289888213443553,False,True,V4-A_prior
2026-06-19,オリックス,西武,6,5,京セラドーム大阪,,https://handenomori.com/jpb/20260619/,2026,1,1.0,6,1.0,-92.92738503447163,0.07518796992481208,0.3007518796992481,0,0.0,-0.30000000000000004,-0.3999999999999999,-1.7,0.3999999999999999,-2.1,0.09999999999999998,-0.06494949494949487,-0.6841414141414142,0.6007975572022591,1,0.6007975572022591,False,True,V4-A_prior
2026-06-19,ヤクルト,広島,9,2,神宮野球場,,https://handenomori.com/jpb/20260619/,2026,7,1.0,6,1.0,52.7313511623729,-0.027608825283243876,-0.5837805605247466,0,0.0,-0.3,-1.4,-2.6,-0.7999999999999998,-1.7999999999999998,0.30000000000000004,0.04706404706404704,0.033966033966033926,0.5539455467128415,0,0.5539455467128415,False,False,V4-A_prior
2026-06-19,ロッテ,楽天,8,5,ZOZOマリンスタジアム,,https://handenomori.com/jpb/20260619/,2026,3,1.0,6,1.0,135.1678210999669,-0.041068580542264754,-0.03286625655046704,3,0.19999999999999996,0.39999999999999997,-1.6,1.7000000000000002,1.4000000000000004,0.2999999999999998,0.09999999999999998,0.08099489795918369,0.3465136054421768,0.5389939695846276,0,0.5389939695846276,False,False,V4-A_prior
2026-06-19,巨人,中日,2,3,東京ドーム,,https://handenomori.com/jpb/20260619/,2026,-1,0.0,6,1.0,116.7289563530453,0.06442241968557755,0.48490544543176123,0,0.0,0.39999999999999997,-1.7999999999999998,1.4000000000000001,0.5,0.8999999999999999,0.19999999999999996,0.10730769230769233,0.09115384615384614,0.5870626231777278,1,0.5870626231777278,False,False,V4-A_prior
2026-06-19,日本ハム,ソフトバンク,4,3,エスコンF,,https://handenomori.com/jpb/20260619/,2026,1,1.0,6,1.0,-12.46982153112981,-0.03887496519075473,-0.15767195767195763,0,0.20000000000000007,0.10000000000000009,-0.3999999999999999,0.19999999999999996,-0.8000000000000003,1.0,-0.3,-0.08459383753501404,-1.0907563025210083,0.5478628839516297,0,0.5478628839516297,False,False,V4-A_prior
2026-06-20,オリックス,西武,0,4,京セラドーム大阪,,https://handenomori.com/jpb/20260620/,2026,-4,0.0,6,1.0,-69.62337547022389,0.07518796992481208,0.3007518796992481,0,0.20000000000000007,-0.09999999999999998,-0.6,-1.2,0.5,-1.7000000000000002,0.19999999999999996,-0.06494949494949487,-0.6841414141414142,0.5980430675213178,1,0.5980430675213178,False,False,V4-A_prior
2026-06-20,ヤクルト,広島,6,8,神宮野球場,,https://handenomori.com/jpb/20260620/,2026,-2,0.0,6,1.0,67.78579710264603,-0.027608825283243876,-0.5837805605247466,0,0.19999999999999996,-0.2,2.0,-1.1,-0.20000000000000018,-0.8999999999999999,0.30000000000000004,0.04706404706404704,0.033966033966033926,0.5521137264913042,0,0.5521137264913042,False,True,V4-A_prior
2026-06-20,巨人,中日,1,0,東京ドーム,,https://handenomori.com/jpb/20260620/,2026,1,1.0,6,1.0,88.51066583442616,0.06442241968557755,0.48490544543176123,0,-0.2,0.19999999999999996,-2.2,1.0,0.20000000000000018,0.7999999999999998,0.09999999999999998,0.10730769230769233,0.09115384615384614,0.5904258712719103,1,0.5904258712719103,False,True,V4-A_prior
2026-06-20,日本ハム,ソフトバンク,7,10,エスコンF,,https://handenomori.com/jpb/20260620/,2026,-3,0.0,6,1.0,6.23505202988531,-0.03887496519075473,-0.15767195767195763,0,0.4,0.30000000000000004,0.39999999999999997,0.7,-0.6000000000000001,1.2999999999999998,-0.3,-0.08459383753501404,-1.0907563025210083,0.5455810888916232,0,0.5455810888916232,False,True,V4-A_prior
2026-06-21,DeNA,阪神,1,2,横浜スタジアム,,https://handenomori.com/jpb/20260621/,2026,-1,0.0,6,1.0,-83.78461967889302,-0.1064222440944882,-0.813115157480315,0,-0.39999999999999997,-0.3,-4.0,-2.2,-0.6000000000000005,-1.6,0.09999999999999998,-0.11081632653061219,-0.6404081632653061,0.5246528914219747,0,0.5246528914219747,False,True,V4-A_prior
2026-06-21,オリックス,西武,3,5,京セラドーム大阪,,https://handenomori.com/jpb/20260621/,2026,-2,0.0,6,1.0,-87.63686538361435,0.07518796992481208,0.3007518796992481,0,0.0,-0.20000000000000007,-2.0,-2.0,0.0,-2.0,0.19999999999999996,-0.06494949494949487,-0.6841414141414142,0.6001727803838072,1,0.6001727803838072,False,False,V4-A_prior
2026-06-21,ヤクルト,広島,1,2,神宮野球場,,https://handenomori.com/jpb/20260621/,2026,-1,0.0,6,1.0,42.03575224406313,-0.027608825283243876,-0.5837805605247466,0,0.0,-0.2,1.0,-1.1,-0.20000000000000018,-0.8999999999999999,0.19999999999999996,0.04706404706404704,0.033966033966033926,0.5552460970962797,0,0.5552460970962797,False,True,V4-A_prior
2026-06-21,ロッテ,楽天,7,4,ZOZOマリンスタジアム,,https://handenomori.com/jpb/20260621/,2026,3,1.0,6,1.0,146.08694754706426,-0.041068580542264754,-0.03286625655046704,0,0.6000000000000001,0.39999999999999997,2.1999999999999997,1.7,1.9,-0.20000000000000018,0.09999999999999998,0.08099489795918369,0.3465136054421768,0.531095407256454,0,0.531095407256454,False,False,V4-A_prior
2026-06-21,巨人,中日,3,5,東京ドーム,,https://handenomori.com/jpb/20260621/,2026,-2,0.0,6,1.0,101.6859189647721,0.06442241968557755,0.48490544543176123,0,0.0,0.3,-0.8,1.2000000000000002,-0.09999999999999964,1.2999999999999998,0.09999999999999998,0.10730769230769233,0.09115384615384614,0.5888565872017171,1,0.5888565872017171,False,False,V4-A_prior
2026-06-21,日本ハム,ソフトバンク,0,8,エスコンF,,https://handenomori.com/jpb/20260621/,2026,-8,0.0,6,1.0,-16.127545673717805,-0.03887496519075473,-0.15767195767195763,0,0.19999999999999996,0.10000000000000009,-1.2,-0.5999999999999999,-0.9000000000000004,0.2999999999999998,-0.3,-0.08459383753501404,-1.0907563025210083,0.5483088552379808,0,0.5483088552379808,False,True,V4-A_prior
2026-06-23,ソフトバンク,オリックス,0,5,PayPayドーム,,https://handenomori.com/jpb/20260623/,2026,-5,0.0,6,1.0,62.79593086612613,0.09022556390977443,1.2330827067669172,0,0.19999999999999996,0.09999999999999998,4.0,2.6,1.9000000000000004,0.7000000000000002,-0.2,0.12240047534165177,1.9239453357100416,0.6129581982028802,1,0.6129581982028802,True,False,V4-A_prior
2026-06-23,中日,DeNA,5,2,岐阜,,https://handenomori.com/jpb/20260623/,2026,3,1.0,6,1.0,16.304361265064017,-0.08380681818181818,-0.7580492424242424,0,0.39999999999999997,0.30000000000000004,1.4,1.9,0.20000000000000018,1.7000000000000002,-0.3,-0.026491365777080056,0.04925431711145997,0.546425763636606,0,0.546425763636606,False,False,V4-A_prior
2026-06-23,広島,巨人,3,7,マツダスタジアム,,https://handenomori.com/jpb/20260623/,2026,-4,0.0,6,1.0,-70.27596402675431,-0.05777906304222091,-0.3001735106998265,0,0.4,0.0,0.6000000000000001,-1.0,-0.19999999999999973,-0.7999999999999998,-0.09999999999999998,-0.12241758241758244,-0.7903296703296703,0.5796365320765584,0,0.5796365320765584,False,True,V4-A_prior
2026-06-23,日本ハム,ロッテ,4,0,エスコンF,,https://handenomori.com/jpb/20260623/,2026,4,1.0,6,1.0,18.22653058365654,0.1641325536062378,1.646839320523531,0,-0.4,0.0,-2.4,1.1,-0.6000000000000005,1.7000000000000002,0.0,0.07410714285714282,0.9398809523809524,0.5832176209543825,0,0.5832176209543825,False,False,V4-A_prior
2026-06-23,楽天,西武,8,4,山形市,,https://handenomori.com/jpb/20260623/,2026,4,1.0,6,1.0,-253.7875576277945,0.0034745955798587413,-0.23781043517885625,0,-0.6,-0.6000000000000001,-4.6,-4.1,-1.2000000000000002,-2.9000000000000004,-0.09999999999999998,-0.18224489795918364,-1.1373469387755102,0.5765954357485316,0,0.5765954357485316,False,False,V4-A_prior
2026-06-23,阪神,ヤクルト,3,4,甲子園球場,,https://handenomori.com/jpb/20260623/,2026,-1,0.0,6,1.0,63.0938467847418,0.2111945309161936,1.9702130256973693,0,0.4,0.2,3.4,1.7,0.5999999999999996,1.1,0.09999999999999998,0.10535353535353531,1.2563636363636363,0.597819102120015,1,0.597819102120015,False,False,V4-A_prior
2026-06-24,ソフトバンク,オリックス,8,5,PayPayドーム,,https://handenomori.com/jpb/20260624/,2026,3,1.0,6,1.0,37.310457516291535,0.09022556390977443,1.2330827067669172,0,-0.19999999999999996,-0.09999999999999998,0.0,1.1,1.2000000000000002,-0.09999999999999964,-0.2,0.12240047534165177,1.9239453357100416,0.6159302213989423,1,0.6159302213989423,True,True,V4-A_prior
2026-06-24,中日,DeNA,4,6,ナゴヤドーム,,https://handenomori.com/jpb/20260624/,2026,-2,0.0,6,1.0,33.37232511979482,-0.08380681818181818,-0.7580492424242424,0,0.6000000000000001,0.4,2.6,2.5,0.7000000000000002,1.7999999999999998,-0.2,-0.026491365777080056,0.04925431711145997,0.5273969048905829,0,0.5273969048905829,False,True,V4-A_prior
2026-06-24,日本ハム,ロッテ,7,4,エスコンF,,https://handenomori.com/jpb/20260624/,2026,3,1.0,6,1.0,35.18631240192167,0.1641325536062378,1.646839320523531,0,-0.19999999999999996,0.09999999999999998,-0.8,1.6,-0.40000000000000036,2.0,0.09999999999999998,0.07410714285714282,0.9398809523809524,0.5811868964685281,0,0.5811868964685281,False,False,V4-A_prior
2026-06-25,ソフトバンク,オリックス,5,2,PayPayドーム,,https://handenomori.com/jpb/20260625/,2026,3,1.0,6,1.0,53.20701159089367,0.09022556390977443,1.2330827067669172,0,0.19999999999999996,0.0,2.2,1.2,0.8999999999999999,0.30000000000000027,-0.09999999999999998,0.12240047534165177,1.9239453357100416,0.6140774235623162,1,0.6140774235623162,True,True,V4-A_prior
2026-06-25,中日,DeNA,3,1,ナゴヤドーム,,https://handenomori.com/jpb/20260625/,2026,2,1.0,6,1.0,9.486530198313176,-0.08380681818181818,-0.7580492424242424,0,0.39999999999999997,0.3,3.0,2.1,0.5999999999999996,1.5,-0.2,-0.026491365777080056,0.04925431711145997,0.5303265864067801,0,0.5303265864067801,False,False,V4-A_prior
2026-06-25,楽天,西武,2,0,楽天モバイル,,https://handenomori.com/jpb/20260625/,2026,2,1.0,6,1.0,-222.6303532730924,0.0034745955798587413,-0.23781043517885625,0,-0.39999999999999997,-0.39999999999999997,-2.8,-2.9,-0.3999999999999999,-2.5,0.0,-0.18224489795918364,-1.1373469387755102,0.6170307761649075,1,0.6170307761649075,True,True,V4-A_prior
2026-06-26,西武,日本ハム,4,3,メットライフドーム,,https://handenomori.com/jpb/20260626/,2026,1,1.0,6,1.0,32.05113203540782,-0.12653856864383178,-1.3761626287942077,-1,-0.19999999999999996,-0.09999999999999998,0.39999999999999997,0.5,-0.8999999999999995,1.4,0.09999999999999998,0.027142857142857135,-0.14904761904761904,0.4943787483347129,0,0.5056212516652872,False,False,V4-A_prior
2026-06-27,オリックス,楽天,1,5,ほっと神戸,,https://handenomori.com/jpb/20260627/,2026,-4,0.0,6,1.0,115.92901655136916,0.07171337434495334,0.5385623148781044,0,-0.2,0.09999999999999998,0.0,0.7,0.09999999999999964,0.6000000000000005,0.19999999999999996,0.11729540300968877,0.453205524634096,0.4856381180320437,0,0.5143618819679563,False,True,V4-A_prior
2026-06-27,広島,阪神,3,2,マツダスタジアム,,https://handenomori.com/jpb/20260627/,2026,1,1.0,6,1.0,-77.00382100541242,-0.18358570563294974,-1.3864324651726228,0,0.0,0.0,-3.8,-1.4,-1.4,0.0,-0.2,-0.15241758241758235,-1.2903296703296703,0.5579466703759848,0,0.5579466703759848,False,False,V4-A_prior
2026-06-27,西武,日本ハム,2,4,メットライフドーム,,https://handenomori.com/jpb/20260627/,2026,-2,0.0,6,1.0,48.23857393330786,-0.12653856864383178,-1.3761626287942077,0,0.19999999999999996,0.0,1.2,0.8,-0.8999999999999999,1.7000000000000002,0.09999999999999998,0.027142857142857135,-0.14904761904761904,0.49458462063731723,0,0.5054153793626828,False,True,V4-A_prior
2026-06-28,DeNA,巨人,1,2,横浜スタジアム,,https://handenomori.com/jpb/20260628/,2026,-1,0.0,6,1.0,-104.81005382755984,0.01938439849624063,0.2731437969924812,-2,-0.2,-0.3,-2.6,-1.6,0.5,-2.1,-0.3,-0.08081632653061227,-0.1404081632653061,0.5456768076864669,0,0.5456768076864669,False,True,V4-A_prior
2026-06-28,オリックス,楽天,5,2,ほっと神戸,,https://handenomori.com/jpb/20260628/,2026,3,1.0,6,1.0,87.74903516651125,0.07171337434495334,0.5385623148781044,0,-0.39999999999999997,-0.09999999999999998,-2.2,-1.0,-0.7000000000000002,-0.2999999999999998,0.09999999999999998,0.11729540300968877,0.453205524634096,0.48910383636717264,0,0.5108961636328273,False,False,V4-A_prior
2026-06-28,ヤクルト,中日,4,3,神宮野球場,,https://handenomori.com/jpb/20260628/,2026,1,1.0,6,1.0,29.029508040365727,-0.02096546863988724,-0.39904862579281186,2,0.0,-0.09999999999999998,1.0,-0.8,0.2999999999999998,-1.0999999999999996,-0.09999999999999998,0.03195415695415693,-0.6652097902097902,0.5632273027417856,0,0.5632273027417856,False,False,V4-A_prior
2026-06-28,広島,阪神,3,12,マツダスタジアム,,https://handenomori.com/jpb/20260628/,2026,-9,0.0,6,1.0,-54.597598424890975,-0.18358570563294974,-1.3864324651726228,0,0.0,0.09999999999999998,-4.199999999999999,-1.7,-1.1999999999999997,-0.5,-0.09999999999999998,-0.15241758241758235,-1.2903296703296703,0.5552245914821354,0,0.5552245914821354,False,True,V4-A_prior
2026-06-28,西武,日本ハム,1,5,メットライフドーム,,https://handenomori.com/jpb/20260628/,2026,-4,0.0,6,1.0,23.536596251226683,-0.12653856864383178,-1.3761626287942077,0,-0.19999999999999996,-0.09999999999999998,-1.0,0.4,-1.1999999999999997,1.6000000000000005,0.09999999999999998,0.027142857142857135,-0.14904761904761904,0.49762435396878546,0,0.5023756460312145,False,True,V4-A_prior
2026-06-30,DeNA,広島,4,7,ハードオフ新潟,,https://handenomori.com/jpb/20260630/,2026,-3,0.0,6,1.0,-26.341682036833845,0.07716346153846154,0.5733173076923077,0,-0.39999999999999997,-0.3,0.8,0.6,0.8000000000000003,-0.20000000000000018,0.19999999999999996,0.04160125588697017,0.6499215070643641,0.5609014976287361,0,0.5609014976287361,False,True,V4-A_prior
2026-06-30,ソフトバンク,西武,6,0,東京ドーム,,https://handenomori.com/jpb/20260630/,2026,6,1.0,6,1.0,7.321165164410331,0.1654135338345865,1.5338345864661653,3,0.6000000000000001,0.19999999999999996,4.6,1.9,2.0,-0.10000000000000009,-0.2,0.0574509803921569,1.2398039215686274,0.6444644204484642,1,0.6444644204484642,True,True,V4-A_prior
2026-06-30,巨人,ヤクルト,3,4,弘前,,https://handenomori.com/jpb/20260630/,2026,-1,0.0,6,1.0,48.68061105788024,0.08538788832546479,0.883954071224573,0,0.0,0.0,-0.6,0.2,-1.2999999999999998,1.5,-0.2,0.0753535353535354,0.7563636363636363,0.5896663252222301,1,0.5896663252222301,False,False,V4-A_prior
2026-06-30,日本ハム,オリックス,9,2,エスコンF,,https://handenomori.com/jpb/20260630/,2026,7,1.0,6,1.0,68.1990902358732,0.0513505987190197,1.0754107490949596,0,0.4,0.19999999999999996,2.8,0.8,1.0,-0.20000000000000018,0.0,0.03780663780663773,0.8331890331890333,0.5967306049208383,1,0.5967306049208383,False,True,V4-A_prior
2026-06-30,楽天,ロッテ,2,5,楽天モバイル,,https://handenomori.com/jpb/20260630/,2026,-3,0.0,6,1.0,-102.03568109290518,0.041068580542264754,0.03286625655046704,-4,0.0,-0.19999999999999996,0.6000000000000001,0.19999999999999996,-1.3000000000000003,1.5,-0.2,-0.08099489795918369,-0.3465136054421768,0.5410876664707636,0,0.5410876664707636,False,True,V4-A_prior
2026-06-30,阪神,中日,3,2,甲子園球場,,https://handenomori.com/jpb/20260630/,2026,1,1.0,6,1.0,73.03311477752959,0.19022906227630637,1.5711643999045575,0,0.0,0.0,2.4000000000000004,1.7999999999999998,1.4999999999999996,0.30000000000000027,0.30000000000000004,0.13730769230769224,0.5911538461538461,0.5877204866951343,1,0.5877204866951343,False,True,V4-A_prior
2026-07-01,ソフトバンク,西武,11,0,PayPayドーム,,https://handenomori.com/jpb/20260701/,2026,11,1.0,7,1.0,24.89694119097635,0.1654135338345865,1.5338345864661653,0,0.6000000000000001,0.19999999999999996,5.6,2.9000000000000004,2.4,0.5,-0.09999999999999998,0.0574509803921569,1.2398039215686274,0.642113080674314,1,0.642113080674314,True,True,V4-A_prior
2026-07-01,巨人,ヤクルト,2,1,盛岡,,https://handenomori.com/jpb/20260701/,2026,1,1.0,7,1.0,23.95460129649223,0.08538788832546479,0.883954071224573,0,0.0,-0.19999999999999996,0.6,-1.1,-1.6999999999999997,0.6000000000000001,-0.2,0.0753535353535354,0.7563636363636363,0.5830380812628537,0,0.5830380812628537,False,False,V4-A_prior
2026-07-01,日本ハム,オリックス,6,0,エスコンF,,https://handenomori.com/jpb/20260701/,2026,6,1.0,7,1.0,82.4272282947311,0.0513505987190197,1.0754107490949596,0,0.6000000000000001,0.19999999999999996,5.8,1.8,1.5999999999999996,0.20000000000000018,0.0,0.03780663780663773,0.8331890331890333,0.5875236527259601,1,0.5875236527259601,False,True,V4-A_prior
2026-07-01,楽天,ロッテ,0,5,郡山,,https://handenomori.com/jpb/20260701/,2026,-5,0.0,7,1.0,-118.22398010490451,0.041068580542264754,0.03286625655046704,0,0.0,-0.3,0.4,-0.2999999999999998,-1.4999999999999996,1.2000000000000002,-0.3,-0.08099489795918369,-0.3465136054421768,0.5136944593997279,0,0.5136944593997279,False,True,V4-A_prior
2026-07-02,ソフトバンク,西武,3,1,PayPayドーム,,https://handenomori.com/jpb/20260702/,2026,2,1.0,7,1.0,41.48275340990108,0.1654135338345865,1.5338345864661653,0,0.6000000000000001,0.39999999999999997,8.0,5.4,3.4000000000000004,2.0,-0.09999999999999998,0.0574509803921569,1.2398039215686274,0.6402346839640675,1,0.6402346839640675,True,True,V4-A_prior
2026-07-02,日本ハム,オリックス,9,1,エスコンF,,https://handenomori.com/jpb/20260702/,2026,8,1.0,7,1.0,95.91372282982115,0.0513505987190197,1.0754107490949596,0,0.6000000000000001,0.39999999999999997,7.0,3.5,2.0000000000000004,1.5000000000000004,0.09999999999999998,0.03780663780663773,0.8331890331890333,0.5859138755560723,1,0.5859138755560723,False,True,V4-A_prior
2026-07-02,阪神,中日,2,3,甲子園球場,,https://handenomori.com/jpb/20260702/,2026,-1,0.0,7,1.0,87.00719641756268,0.19022906227630637,1.5711643999045575,0,0.19999999999999996,0.09999999999999998,1.6,1.9,1.5,0.3999999999999999,0.30000000000000004,0.13730769230769224,0.5911538461538461,0.5784836394735404,0,0.5784836394735404,False,True,V4-A_prior
2026-07-03,ソフトバンク,ロッテ,3,2,PayPayドーム,,https://handenomori.com/jpb/20260703/,2026,1,1.0,7,1.0,83.81688274717499,0.20300751879699253,1.8045112781954886,-1,0.4,0.0,4.2,2.5,0.7000000000000002,1.7999999999999998,0.0,0.15870098039215685,2.030637254901961,0.5815259884102886,0,0.5815259884102886,False,False,V4-A_prior
2026-07-03,中日,巨人,1,0,ナゴヤドーム,,https://handenomori.com/jpb/20260703/,2026,1,1.0,7,1.0,-83.63465683608956,-0.06442241968557755,-0.48490544543176123,-1,-0.19999999999999996,0.09999999999999998,-0.8,0.8,1.5,-0.6999999999999997,0.0,-0.10730769230769233,-0.09115384615384614,0.5531020594146951,0,0.5531020594146951,False,False,V4-A_prior
2026-07-03,楽天,日本ハム,8,0,楽天モバイル,,https://handenomori.com/jpb/20260703/,2026,8,1.0,7,1.0,-205.16376689569347,-0.12306397306397304,-1.6139730639730638,1,-0.6,-0.39999999999999997,-6.4,-3.9000000000000004,-2.3000000000000003,-1.5999999999999996,-0.2,-0.1551020408163265,-1.2863945578231293,0.5251030347779718,0,0.5251030347779718,False,False,V4-A_prior
2026-07-03,阪神,広島,1,5,甲子園球場,,https://handenomori.com/jpb/20260703/,2026,-4,0.0,7,1.0,56.83446820023846,0.18358570563294974,1.3864324651726228,-2,-0.19999999999999996,0.0,3.0,3.4,1.9,1.5,0.09999999999999998,0.15241758241758235,1.2903296703296703,0.5757685967272574,0,0.5757685967272574,False,True,V4-A_prior
2026-07-04,ソフトバンク,ロッテ,1,8,PayPayドーム,,https://handenomori.com/jpb/20260704/,2026,-7,0.0,7,1.0,97.23196036552645,0.20300751879699253,1.8045112781954886,0,0.6,0.20000000000000007,4.6,3.2,1.1000000000000005,2.1,0.09999999999999998,0.15870098039215685,2.030637254901961,0.5820584246406764,0,0.5820584246406764,False,True,V4-A_prior
2026-07-04,ヤクルト,DeNA,1,12,神宮野球場,,https://handenomori.com/jpb/20260704/,2026,-11,0.0,7,1.0,86.45698328076492,-0.10477228682170542,-1.1570978682170543,-1,0.39999999999999997,0.39999999999999997,1.5999999999999999,1.4,-0.20000000000000018,1.6000000000000005,0.19999999999999996,0.0054627911770768756,-0.6159554730983302,0.4951169475195789,0,0.5048830524804211,False,True,V4-A_prior
2026-07-04,中日,巨人,2,1,ナゴヤドーム,,https://handenomori.com/jpb/20260704/,2026,1,1.0,7,1.0,-60.8531649393658,-0.06442241968557755,-0.48490544543176123,0,0.0,0.09999999999999998,-0.4,0.3,0.6999999999999997,-0.3999999999999999,0.09999999999999998,-0.10730769230769233,-0.09115384615384614,0.5525032197627611,0,0.5525032197627611,False,False,V4-A_prior
2026-07-04,楽天,日本ハム,4,1,楽天モバイル,,https://handenomori.com/jpb/20260704/,2026,3,1.0,7,1.0,-176.08307861017852,-0.12306397306397304,-1.6139730639730638,0,-0.4,-0.29999999999999993,-3.1999999999999997,-2.3,-0.8000000000000003,-1.5,-0.09999999999999998,-0.1551020408163265,-1.2863945578231293,0.5193377281954068,0,0.5193377281954068,False,False,V4-A_prior
2026-07-05,オリックス,西武,3,1,京セラドーム大阪,,https://handenomori.com/jpb/20260705/,2026,2,1.0,7,1.0,-63.74131278100981,0.07518796992481208,0.3007518796992481,0,0.2,-0.09999999999999998,0.5999999999999996,-0.5,0.2999999999999998,-0.7999999999999998,0.09999999999999998,-0.06494949494949487,-0.6841414141414142,0.5898397422699607,1,0.5898397422699607,False,True,V4-A_prior
2026-07-05,ソフトバンク,ロッテ,7,2,PayPayドーム,,https://handenomori.com/jpb/20260705/,2026,5,1.0,7,1.0,69.967493076555,0.20300751879699253,1.8045112781954886,0,0.20000000000000007,0.20000000000000007,0.3999999999999999,2.0,0.40000000000000036,1.5999999999999996,0.09999999999999998,0.15870098039215685,2.030637254901961,0.5853196895709672,1,0.5853196895709672,False,True,V4-A_prior
2026-07-05,ヤクルト,DeNA,4,6,神宮野球場,,https://handenomori.com/jpb/20260705/,2026,-2,0.0,7,1.0,59.73689995312748,-0.10477228682170542,-1.1570978682170543,0,0.19999999999999996,0.2,-3.2,-1.1,-1.5,0.40000000000000036,0.19999999999999996,0.0054627911770768756,-0.6159554730983302,0.5006030663234811,0,0.5006030663234811,False,True,V4-A_prior
2026-07-05,中日,巨人,0,1,ナゴヤドーム,,https://handenomori.com/jpb/20260705/,2026,-1,0.0,7,1.0,-39.3676778641302,-0.06442241968557755,-0.48490544543176123,0,0.19999999999999996,0.19999999999999996,0.4,0.5,0.6999999999999997,-0.19999999999999973,0.09999999999999998,-0.10730769230769233,-0.09115384615384614,0.5498868533723984,0,0.5498868533723984,False,True,V4-A_prior
2026-07-05,楽天,日本ハム,3,6,楽天モバイル,,https://handenomori.com/jpb/20260705/,2026,-3,0.0,7,1.0,-148.38046949283375,-0.12306397306397304,-1.6139730639730638,0,-0.19999999999999996,-0.19999999999999996,-2.0,-1.8000000000000003,-0.7999999999999998,-1.0,0.0,-0.1551020408163265,-1.2863945578231293,0.5159327852119538,0,0.5159327852119538,False,True,V4-A_prior
2026-07-05,阪神,広島,6,4,甲子園球場,,https://handenomori.com/jpb/20260705/,2026,2,1.0,7,1.0,31.66781808342921,0.18358570563294974,1.3864324651726228,0,-0.19999999999999996,-0.19999999999999996,1.8,2.2,1.0,1.2000000000000002,0.0,0.15241758241758235,1.2903296703296703,0.5830724884490789,0,0.5830724884490789,False,False,V4-A_prior
2026-07-07,DeNA,中日,4,0,横浜スタジアム,,https://handenomori.com/jpb/20260707/,2026,4,1.0,7,1.0,-29.653462889416915,0.08380681818181818,0.7580492424242424,0,-0.19999999999999996,-0.3,1.2,-1.0,1.2000000000000002,-2.2,0.09999999999999998,0.026491365777080056,-0.04925431711145997,0.5584555542958677,0,0.5584555542958677,False,False,V4-A_prior
2026-07-07,オリックス,ソフトバンク,3,6,京セラドーム大阪,,https://handenomori.com/jpb/20260707/,2026,-3,0.0,7,1.0,-110.20855431595328,-0.09022556390977443,-1.2330827067669172,0,-0.4,-0.5,-5.6,-5.0,-2.5,-2.5,0.09999999999999998,-0.12240047534165177,-1.9239453357100416,0.5023496879071868,0,0.5023496879071868,False,True,V4-A_prior
2026-07-07,ロッテ,日本ハム,10,2,ZOZOマリンスタジアム,,https://handenomori.com/jpb/20260707/,2026,8,1.0,7,1.0,-50.23986578101972,-0.1641325536062378,-1.646839320523531,0,0.0,-0.09999999999999998,0.6000000000000001,-1.1,-0.2999999999999998,-0.8000000000000003,-0.09999999999999998,-0.07410714285714282,-0.9398809523809524,0.5281214330223581,0,0.5281214330223581,False,False,V4-A_prior
2026-07-07,巨人,阪神,4,3,東京ドーム,,https://handenomori.com/jpb/20260707/,2026,1,1.0,7,1.0,15.595401163853012,-0.12580664259072882,-1.0862589544727963,0,-0.19999999999999996,-0.09999999999999998,-1.5999999999999999,-1.9000000000000001,-3.0,1.1,-0.2,-0.029999999999999916,-0.5,0.5440180476341988,0,0.5440180476341988,False,False,V4-A_prior
2026-07-07,広島,ヤクルト,4,3,マツダスタジアム,,https://handenomori.com/jpb/20260707/,2026,1,1.0,7,1.0,-9.116860702569284,0.027608825283243876,0.5837805605247466,0,0.19999999999999996,0.09999999999999998,1.7999999999999998,-0.5,0.20000000000000018,-0.7000000000000002,-0.09999999999999998,-0.04706404706404704,-0.033966033966033926,0.598497805309649,1,0.598497805309649,False,True,V4-A_prior
2026-07-08,DeNA,中日,4,3,横浜スタジアム,,https://handenomori.com/jpb/20260708/,2026,1,1.0,7,1.0,-9.961210013711025,0.08380681818181818,0.7580492424242424,0,0.0,-0.09999999999999998,3.0,0.2,1.7000000000000002,-1.5,0.09999999999999998,0.026491365777080056,-0.04925431711145997,0.5560639316549776,0,0.5560639316549776,False,False,V4-A_prior
2026-07-08,オリックス,ソフトバンク,3,2,京セラドーム大阪,,https://handenomori.com/jpb/20260708/,2026,1,1.0,7,1.0,-125.94557997963238,-0.09022556390977443,-1.2330827067669172,0,-0.6000000000000001,-0.5,-5.2,-4.6,-2.3,-2.3,0.0,-0.12240047534165177,-1.9239453357100416,0.5042862634654951,0,0.5042862634654951,False,False,V4-A_prior
2026-07-08,ロッテ,日本ハム,2,7,ZOZOマリンスタジアム,,https://handenomori.com/jpb/20260708/,2026,-5,0.0,7,1.0,-29.363150792450824,-0.1641325536062378,-1.646839320523531,0,0.19999999999999996,0.0,4.4,0.6000000000000001,0.5999999999999996,0.0,-0.09999999999999998,-0.07410714285714282,-0.9398809523809524,0.5255596675749111,0,0.5255596675749111,False,True,V4-A_prior
2026-07-08,巨人,阪神,1,4,東京ドーム,,https://handenomori.com/jpb/20260708/,2026,-3,0.0,7,1.0,32.70331082268581,-0.12580664259072882,-1.0862589544727963,0,0.19999999999999996,0.09999999999999998,0.8,-0.9,-2.1,1.2000000000000002,-0.09999999999999998,-0.029999999999999916,-0.5,0.5419282327600646,0,0.5419282327600646,False,True,V4-A_prior
2026-07-08,広島,ヤクルト,4,3,マツダスタジアム,,https://handenomori.com/jpb/20260708/,2026,1,1.0,7,1.0,9.395936289268775,0.027608825283243876,0.5837805605247466,0,0.39999999999999997,0.19999999999999996,2.1999999999999997,-0.19999999999999996,0.39999999999999947,-0.5999999999999996,0.0,-0.04706404706404704,-0.033966033966033926,0.5963060050551658,1,0.5963060050551658,False,True,V4-A_prior
2026-07-08,西武,楽天,2,5,那覇,,https://handenomori.com/jpb/20260708/,2026,-3,0.0,7,1.0,127.82061304098329,-0.0034745955798587413,0.23781043517885625,0,-0.4,-0.3,-5.0,-3.4,-1.9999999999999998,-1.4,0.0,0.18224489795918364,1.1373469387755102,0.4602022525957018,0,0.5397977474042982,False,True,V4-A_prior
2026-07-09,DeNA,中日,3,4,横浜スタジアム,,https://handenomori.com/jpb/20260709/,2026,-1,0.0,7,1.0,8.599931516716424,0.08380681818181818,0.7580492424242424,0,0.4,0.09999999999999998,3.8,1.5,1.9999999999999996,-0.5,0.19999999999999996,0.026491365777080056,-0.04925431711145997,0.553807299393401,0,0.553807299393401,False,True,V4-A_prior
2026-07-09,巨人,阪神,2,10,東京ドーム,,https://handenomori.com/jpb/20260709/,2026,-8,0.0,7,1.0,8.854587529531045,-0.12580664259072882,-1.0862589544727963,0,0.0,0.0,-0.39999999999999997,-0.8,-1.4,0.6000000000000001,-0.09999999999999998,-0.029999999999999916,-0.5,0.5448410496647068,0,0.5448410496647068,False,True,V4-A_prior
2026-07-09,広島,ヤクルト,0,1,マツダスタジアム,,https://handenomori.com/jpb/20260709/,2026,-1,0.0,7,1.0,26.85412013858513,0.027608825283243876,0.5837805605247466,0,0.8,0.39999999999999997,4.6,1.4000000000000001,1.1999999999999997,0.20000000000000018,0.0,-0.04706404706404704,-0.033966033966033926,0.5942355352443498,1,0.5942355352443498,False,False,V4-A_prior
2026-07-10,ソフトバンク,楽天,3,5,PayPayドーム,,https://handenomori.com/jpb/20260710/,2026,-2,0.0,7,1.0,176.876693385218,0.16193893825472777,1.7716450216450217,0,0.0,0.20000000000000007,-1.0,1.6,1.3000000000000003,0.2999999999999998,-0.09999999999999998,0.23969587835134054,2.3771508603441376,0.5601211423302591,0,0.5601211423302591,False,True,V4-A_prior
2026-07-10,中日,広島,10,1,ナゴヤドーム,,https://handenomori.com/jpb/20260710/,2026,9,1.0,7,1.0,-9.746433836813594,-0.006643356643356635,-0.18473193473193472,0,-0.19999999999999996,-0.09999999999999998,-1.4,0.3,-1.4,1.7000000000000002,-0.2,0.015109890109890112,0.6991758241758241,0.5694110621554537,0,0.5694110621554537,False,False,V4-A_prior
2026-07-10,日本ハム,西武,1,2,エスコンF,,https://handenomori.com/jpb/20260710/,2026,-1,0.0,7,1.0,48.350207522848905,0.12653856864383178,1.3761626287942077,0,0.4,0.6,2.5999999999999996,5.1,3.4000000000000004,1.7000000000000002,0.0,-0.027142857142857135,0.14904761904761904,0.6242809818916965,1,0.6242809818916965,True,False,V4-A_prior
2026-07-10,阪神,ヤクルト,1,2,甲子園球場,,https://handenomori.com/jpb/20260710/,2026,-1,0.0,7,1.0,59.6094086300468,0.2111945309161936,1.9702130256973693,0,0.39999999999999997,0.09999999999999998,4.4,2.8,1.9999999999999996,0.7999999999999998,0.09999999999999998,0.10535353535353531,1.2563636363636363,0.5907295326183015,1,0.5907295326183015,False,False,V4-A_prior
2026-07-11,DeNA,巨人,4,5,横浜スタジアム,,https://handenomori.com/jpb/20260711/,2026,-1,0.0,7,1.0,-66.26541152537288,0.01938439849624063,0.2731437969924812,0,0.4,0.0,5.4,1.6,2.0,-0.3999999999999999,-0.3,-0.08081632653061227,-0.1404081632653061,0.5376060252680321,0,0.5376060252680321,False,True,V4-A_prior
2026-07-11,ソフトバンク,楽天,9,2,PayPayドーム,,https://handenomori.com/jpb/20260711/,2026,7,1.0,7,1.0,145.99654293969843,0.16193893825472777,1.7716450216450217,0,-0.4,0.09999999999999998,-3.0,1.3,1.1,0.19999999999999973,-0.09999999999999998,0.23969587835134054,2.3771508603441376,0.5638629446475552,0,0.5638629446475552,False,False,V4-A_prior
2026-07-11,ロッテ,オリックス,3,8,ZOZOマリンスタジアム,,https://handenomori.com/jpb/20260711/,2026,-5,0.0,7,1.0,21.691315207029675,-0.1127819548872181,-0.5714285714285714,0,0.0,0.2,3.5999999999999996,3.5999999999999996,2.0,1.5999999999999996,-0.09999999999999998,-0.03630050505050508,-0.10669191919191923,0.570891998095341,0,0.570891998095341,False,True,V4-A_prior
2026-07-11,中日,広島,8,1,ナゴヤドーム,,https://handenomori.com/jpb/20260711/,2026,7,1.0,7,1.0,8.80240872243894,-0.006643356643356635,-0.18473193473193472,0,0.0,0.0,2.8,2.0,-0.6000000000000001,2.6000000000000005,-0.09999999999999998,0.015109890109890112,0.6991758241758241,0.5671709521279753,0,0.5671709521279753,False,False,V4-A_prior
2026-07-11,日本ハム,西武,8,2,エスコンF,,https://handenomori.com/jpb/20260711/,2026,6,1.0,7,1.0,23.642159336190616,0.12653856864383178,1.3761626287942077,0,0.2,0.39999999999999997,2.5999999999999996,4.3,3.3,1.0,-0.09999999999999998,-0.027142857142857135,0.14904761904761904,0.6271294532018437,1,0.6271294532018437,True,True,V4-A_prior
2026-07-11,阪神,ヤクルト,2,1,甲子園球場,,https://handenomori.com/jpb/20260711/,2026,1,1.0,7,1.0,34.2939904672935,0.2111945309161936,1.9702130256973693,0,0.19999999999999996,0.0,2.6,2.6,1.7000000000000002,0.8999999999999999,0.0,0.10535353535353531,1.2563636363636363,0.5937389282108189,1,0.5937389282108189,False,True,V4-A_prior
2026-07-12,DeNA,巨人,3,4,横浜スタジアム,,https://handenomori.com/jpb/20260712/,2026,-1,0.0,7,1.0,-84.47047230980456,0.01938439849624063,0.2731437969924812,0,0.0,0.0,2.6,2.1,2.4,-0.2999999999999998,-0.4,-0.08081632653061227,-0.1404081632653061,0.5398329761477676,0,0.5398329761477676,False,True,V4-A_prior
2026-07-12,ソフトバンク,楽天,3,0,PayPayドーム,,https://handenomori.com/jpb/20260712/,2026,3,1.0,7,1.0,156.4278862260271,0.16193893825472777,1.7716450216450217,0,0.0,0.19999999999999996,2.8,2.6,1.4999999999999996,1.1,0.0,0.23969587835134054,2.3771508603441376,0.562599751621584,0,0.562599751621584,False,False,V4-A_prior
2026-07-12,ロッテ,オリックス,2,7,ZOZOマリンスタジアム,,https://handenomori.com/jpb/20260712/,2026,-5,0.0,7,1.0,-1.5434419236453323,-0.1127819548872181,-0.5714285714285714,0,-0.19999999999999996,0.0,0.6,2.0,1.2999999999999998,0.7000000000000002,-0.2,-0.03630050505050508,-0.10669191919191923,0.573691581654277,0,0.573691581654277,False,True,V4-A_prior
2026-07-12,中日,広島,1,5,ナゴヤドーム,,https://handenomori.com/jpb/20260712/,2026,-4,0.0,7,1.0,26.294214176983587,-0.006643356643356635,-0.18473193473193472,0,0.19999999999999996,0.09999999999999998,5.4,3.1,0.09999999999999964,3.0,0.0,0.015109890109890112,0.6991758241758241,0.5650559780817187,0,0.5650559780817187,False,True,V4-A_prior
2026-07-12,日本ハム,西武,1,12,エスコンF,,https://handenomori.com/jpb/20260712/,2026,-11,0.0,7,1.0,40.298140625671294,0.12653856864383178,1.3761626287942077,0,0.39999999999999997,0.39999999999999997,3.4,4.9,3.4000000000000004,1.5000000000000004,0.0,-0.027142857142857135,0.14904761904761904,0.6252102213796168,1,0.6252102213796168,True,False,V4-A_prior
2026-07-12,阪神,ヤクルト,3,0,甲子園球場,,https://handenomori.com/jpb/20260712/,2026,3,1.0,7,1.0,50.35716940152088,0.2111945309161936,1.9702130256973693,0,0.19999999999999996,0.19999999999999996,2.2,3.0,2.0000000000000004,1.0,0.0,0.10535353535353531,1.2563636363636363,0.5918302028526277,1,0.5918302028526277,False,True,V4-A_prior
2026-07-14,ヤクルト,巨人,5,4,神宮野球場,,https://handenomori.com/jpb/20260714/,2026,1,1.0,7,1.0,-66.60641322545348,-0.08538788832546479,-0.883954071224573,0,-0.19999999999999996,-0.2,1.0,-0.7999999999999999,-0.2999999999999998,-0.5,0.09999999999999998,-0.0753535353535354,-0.7563636363636363,0.537537814291956,0,0.537537814291956,False,False,V4-A_prior
2026-07-14,中日,阪神,2,5,ナゴヤドーム,,https://handenomori.com/jpb/20260714/,2026,-3,0.0,7,1.0,-62.716339563961355,-0.19022906227630637,-1.5711643999045575,0,-0.20000000000000007,0.0,-0.3999999999999999,-0.10000000000000009,-0.2999999999999998,0.19999999999999973,-0.2,-0.13730769230769224,-0.5911538461538461,0.5299507497825462,0,0.5299507497825462,False,True,V4-A_prior
2026-07-14,広島,DeNA,4,5,マツダスタジアム,,https://handenomori.com/jpb/20260714/,2026,-1,0.0,7,1.0,35.057212443134176,-0.07716346153846154,-0.5733173076923077,0,0.0,0.09999999999999998,-2.8,-2.4,-0.8000000000000003,-1.6000000000000005,-0.09999999999999998,-0.04160125588697017,-0.6499215070643641,0.5380469125779564,0,0.5380469125779564,False,True,V4-A_prior
2026-07-14,日本ハム,ソフトバンク,2,4,エスコンF,,https://handenomori.com/jpb/20260714/,2026,-2,0.0,7,1.0,-40.37087610874414,-0.03887496519075473,-0.15767195767195763,0,-0.19999999999999996,-0.19999999999999996,-3.8,-2.5,-0.7000000000000002,-1.8000000000000003,-0.4,-0.08459383753501404,-1.0907563025210083,0.5435529973663761,0,0.5435529973663761,False,True,V4-A_prior
2026-07-14,楽天,オリックス,3,1,楽天モバイル,,https://handenomori.com/jpb/20260714/,2026,2,1.0,7,1.0,-93.3904483821832,-0.07171337434495334,-0.5385623148781044,0,-0.4,-0.09999999999999998,-3.6,0.3999999999999999,-0.19999999999999973,0.6000000000000001,-0.09999999999999998,-0.11729540300968877,-0.453205524634096,0.5609402691656427,0,0.5609402691656427,False,False,V4-A_prior
2026-07-14,西武,ロッテ,2,1,メットライフドーム,,https://handenomori.com/jpb/20260714/,2026,1,1.0,7,1.0,40.07475001694252,0.03759398496240601,0.2706766917293233,0,0.2,-0.2,2.6,-2.3,-2.0,-0.2999999999999998,0.09999999999999998,0.10124999999999995,0.7908333333333334,0.5197567733790185,0,0.5197567733790185,False,False,V4-A_prior
2026-07-15,ヤクルト,巨人,2,8,神宮野球場,,https://handenomori.com/jpb/20260715/,2026,-6,0.0,7,1.0,-44.79200420258735,-0.08538788832546479,-0.883954071224573,0,0.19999999999999996,-0.2,1.8,-0.7999999999999999,-0.2999999999999998,-0.5,0.19999999999999996,-0.0753535353535354,-0.7563636363636363,0.5348673235671707,0,0.5348673235671707,False,True,V4-A_prior
2026-07-15,中日,阪神,6,5,ナゴヤドーム,,https://handenomori.com/jpb/20260715/,2026,1,1.0,7,1.0,-81.12423470466547,-0.19022906227630637,-1.5711643999045575,0,-0.20000000000000007,-0.09999999999999998,-0.7999999999999998,-0.7000000000000001,-0.6000000000000001,-0.10000000000000009,-0.2,-0.13730769230769224,-0.5911538461538461,0.5322073448729315,0,0.5322073448729315,False,False,V4-A_prior
2026-07-15,広島,DeNA,6,4,マツダスタジアム,,https://handenomori.com/jpb/20260715/,2026,2,1.0,7,1.0,11.07817741740655,-0.07716346153846154,-0.5733173076923077,0,-0.2,0.0,-2.5999999999999996,-1.9,-1.0999999999999996,-0.8000000000000003,-0.09999999999999998,-0.04160125588697017,-0.6499215070643641,0.5409794336021299,0,0.5409794336021299,False,False,V4-A_prior
2026-07-15,日本ハム,ソフトバンク,7,6,エスコンF,,https://handenomori.com/jpb/20260715/,2026,1,1.0,7,1.0,-60.06172825233489,-0.03887496519075473,-0.15767195767195763,0,-0.19999999999999996,-0.29999999999999993,-2.4,-2.4000000000000004,-0.39999999999999947,-2.0,-0.4,-0.08459383753501404,-1.0907563025210083,0.5459568150046665,0,0.5459568150046665,False,False,V4-A_prior
2026-07-15,楽天,オリックス,3,2,楽天モバイル,,https://handenomori.com/jpb/20260715/,2026,1,1.0,7,1.0,-70.06051594799578,-0.07171337434495334,-0.5385623148781044,0,0.0,0.0,-1.7999999999999998,0.7,-0.09999999999999964,0.7999999999999998,0.0,-0.11729540300968877,-0.453205524634096,0.5581098912115784,0,0.5581098912115784,False,False,V4-A_prior
2026-07-15,西武,ロッテ,7,3,メットライフドーム,,https://handenomori.com/jpb/20260715/,2026,4,1.0,7,1.0,55.819128740377664,0.03759398496240601,0.2706766917293233,0,0.39999999999999997,-0.10000000000000003,2.4000000000000004,-2.2,-1.7000000000000002,-0.5000000000000004,0.19999999999999996,0.10124999999999995,0.7908333333333334,0.517821943806486,0,0.517821943806486,False,False,V4-A_prior
2026-07-16,ヤクルト,巨人,1,3,神宮野球場,,https://handenomori.com/jpb/20260716/,2026,-2,0.0,7,1.0,-64.22848032778279,-0.08538788832546479,-0.883954071224573,0,-0.19999999999999996,-0.2,-1.4000000000000001,-1.8000000000000003,-0.7999999999999998,-1.0000000000000004,0.09999999999999998,-0.0753535353535354,-0.7563636363636363,0.5372468127233718,0,0.5372468127233718,False,True,V4-A_prior
2026-07-16,中日,阪神,1,3,ナゴヤドーム,,https://handenomori.com/jpb/20260716/,2026,-2,0.0,7,1.0,-58.48459929982528,-0.19022906227630637,-1.5711643999045575,0,0.0,-0.09999999999999998,1.0,-0.7000000000000001,-0.3999999999999999,-0.2999999999999998,-0.09999999999999998,-0.13730769230769224,-0.5911538461538461,0.5294318108297846,0,0.5294318108297846,False,True,V4-A_prior
2026-07-16,日本ハム,ソフトバンク,2,6,エスコンF,,https://handenomori.com/jpb/20260716/,2026,-4,0.0,7,1.0,-38.621556190541924,-0.03887496519075473,-0.15767195767195763,0,-0.19999999999999996,-0.19999999999999996,-3.2,-2.8,-0.9000000000000004,-1.9,-0.3,-0.08459383753501404,-1.0907563025210083,0.5433393442610285,0,0.5433393442610285,False,True,V4-A_prior
2026-07-16,楽天,オリックス,12,8,楽天モバイル,,https://handenomori.com/jpb/20260716/,2026,4,1.0,7,1.0,-48.049093414317895,-0.07171337434495334,-0.5385623148781044,0,0.0,0.19999999999999996,-2.6,1.5,0.2999999999999998,1.2000000000000002,0.09999999999999998,-0.11729540300968877,-0.453205524634096,0.5554360054716877,0,0.5554360054716877,False,False,V4-A_prior
2026-07-16,西武,ロッテ,3,4,メットライフドーム,,https://handenomori.com/jpb/20260716/,2026,-1,0.0,7,1.0,70.70706677385238,0.03759398496240601,0.2706766917293233,0,0.8,0.10000000000000003,6.2,-0.7000000000000001,-0.8999999999999999,0.20000000000000018,0.19999999999999996,0.10124999999999995,0.7908333333333334,0.5159918696801638,0,0.5159918696801638,False,True,V4-A_prior
2026-07-17,DeNA,ヤクルト,12,4,横浜スタジアム,,https://handenomori.com/jpb/20260717/,2026,8,1.0,7,1.0,-23.755618333817893,0.10477228682170542,1.1570978682170543,1,0.0,0.2,1.4000000000000001,2.4000000000000004,2.7,-0.2999999999999998,-0.09999999999999998,-0.0054627911770768756,0.6159554730983302,0.5689892943823861,0,0.5689892943823861,False,False,V4-A_prior
2026-07-17,巨人,中日,4,1,東京ドーム,,https://handenomori.com/jpb/20260717/,2026,3,1.0,7,1.0,78.96357577592084,0.06442241968557755,0.48490544543176123,0,0.4,0.19999999999999996,2.0,-0.4,-0.20000000000000018,-0.19999999999999973,-0.09999999999999998,0.10730769230769233,0.09115384615384614,0.5840220253387403,0,0.5840220253387403,False,False,V4-A_prior
2026-07-17,広島,阪神,2,4,マツダスタジアム,,https://handenomori.com/jpb/20260717/,2026,-2,0.0,7,1.0,-76.03557941028293,-0.18358570563294974,-1.3864324651726228,1,-0.4,-0.19999999999999996,-3.8000000000000003,-2.7,-0.8000000000000003,-1.9000000000000004,0.0,-0.15241758241758235,-1.2903296703296703,0.5523150253744032,0,0.5523150253744032,False,True,V4-A_prior
2026-07-18,DeNA,ヤクルト,8,0,横浜スタジアム,,https://handenomori.com/jpb/20260718/,2026,8,1.0,7,1.0,-4.402671076825754,0.10477228682170542,1.1570978682170543,0,0.2,0.3,4.6,4.1,3.5,0.5999999999999996,0.0,-0.0054627911770768756,0.6159554730983302,0.5644912791119253,0,0.5644912791119253,False,False,V4-A_prior
2026-07-18,オリックス,日本ハム,0,7,京セラドーム大阪,,https://handenomori.com/jpb/20260718/,2026,-7,0.0,7,1.0,-56.66654559592121,-0.0513505987190197,-1.0754107490949596,0,0.0,0.0,2.6,0.2999999999999998,-0.10000000000000009,0.39999999999999947,-0.2,-0.03780663780663773,-0.8331890331890333,0.5035694836589936,0,0.5035694836589936,False,True,V4-A_prior
2026-07-18,ロッテ,ソフトバンク,4,5,ZOZOマリンスタジアム,,https://handenomori.com/jpb/20260718/,2026,-1,0.0,7,1.0,-107.86116980861993,-0.20300751879699253,-1.8045112781954886,0,-0.6000000000000001,-0.3,-5.8,-2.3,-1.0,-1.3000000000000003,-0.09999999999999998,-0.15870098039215685,-2.030637254901961,0.5274058222002818,0,0.5274058222002818,False,True,V4-A_prior
2026-07-18,巨人,中日,1,5,東京ドーム,,https://handenomori.com/jpb/20260718/,2026,-4,0.0,7,1.0,92.62888127598012,0.06442241968557755,0.48490544543176123,0,0.6000000000000001,0.29999999999999993,4.4,0.19999999999999998,0.0,0.20000000000000018,-0.09999999999999998,0.10730769230769233,0.09115384615384614,0.5823868879283484,0,0.5823868879283484,False,True,V4-A_prior
2026-07-18,広島,阪神,2,1,マツダスタジアム,,https://handenomori.com/jpb/20260718/,2026,1,1.0,7,1.0,-93.6843048049659,-0.18358570563294974,-1.3864324651726228,0,-0.4,-0.29999999999999993,-2.6,-3.3,-0.8999999999999999,-2.4,0.0,-0.15241758241758235,-1.2903296703296703,0.5522892447746534,0,0.5522892447746534,False,False,V4-A_prior
2026-07-18,楽天,西武,3,2,楽天モバイル,,https://handenomori.com/jpb/20260718/,2026,1,1.0,7,1.0,-79.31988179500331,0.0034745955798587413,-0.23781043517885625,0,0.0,0.29999999999999993,-2.4,1.8,1.2999999999999998,0.5,0.0,-0.18224489795918364,-1.1373469387755102,0.5927388639707113,1,0.5927388639707113,False,True,V4-A_prior
2026-07-19,DeNA,ヤクルト,5,1,横浜スタジアム,,https://handenomori.com/jpb/20260719/,2026,4,1.0,7,1.0,13.84054441109356,0.10477228682170542,1.1570978682170543,0,0.39999999999999997,0.3,7.3999999999999995,4.5,3.4,1.1,0.09999999999999998,-0.0054627911770768756,0.6159554730983302,0.5622822796547101,0,0.5622822796547101,False,False,V4-A_prior
2026-07-19,オリックス,日本ハム,1,5,京セラドーム大阪,,https://handenomori.com/jpb/20260719/,2026,-4,0.0,7,1.0,-75.42093325686369,-0.0513505987190197,-1.0754107490949596,0,-0.2,-0.09999999999999998,0.0,-0.7999999999999999,-0.6999999999999997,-0.09999999999999964,-0.3,-0.03780663780663773,-0.8331890331890333,0.5058772658629085,0,0.5058772658629085,False,True,V4-A_prior
2026-07-19,ロッテ,ソフトバンク,0,3,ZOZOマリンスタジアム,,https://handenomori.com/jpb/20260719/,2026,-3,0.0,7,1.0,-123.72736673127906,-0.20300751879699253,-1.8045112781954886,0,-0.6000000000000001,-0.39999999999999997,-3.8,-3.1,-1.1999999999999997,-1.9000000000000004,-0.2,-0.15870098039215685,-2.030637254901961,0.529352089219427,0,0.529352089219427,False,True,V4-A_prior
2026-07-19,巨人,中日,6,1,東京ドーム,,https://handenomori.com/jpb/20260719/,2026,5,1.0,7,1.0,65.59552876716612,0.06442241968557755,0.48490544543176123,0,0.19999999999999996,0.09999999999999998,1.7999999999999998,-1.1,-0.49999999999999956,-0.5999999999999996,-0.09999999999999998,0.10730769230769233,0.09115384615384614,0.5856198067125868,1,0.5856198067125868,False,True,V4-A_prior
2026-07-19,広島,阪神,2,4,マツダスタジアム,,https://handenomori.com/jpb/20260719/,2026,-2,0.0,7,1.0,-70.3379278781772,-0.18358570563294974,-1.3864324651726228,0,0.0,-0.19999999999999996,-0.19999999999999996,-3.0,-0.8999999999999999,-2.1,0.0,-0.15241758241758235,-1.2903296703296703,0.5494458881454631,0,0.5494458881454631,False,True,V4-A_prior
2026-07-19,楽天,西武,3,6,楽天モバイル,,https://handenomori.com/jpb/20260719/,2026,-3,0.0,7,1.0,-56.78237309814267,0.0034745955798587413,-0.23781043517885625,0,0.20000000000000007,0.29999999999999993,-1.7999999999999998,0.09999999999999998,0.6000000000000001,-0.5,0.0,-0.18224489795918364,-1.1373469387755102,0.590057990396601,1,0.590057990396601,False,False,V4-A_prior
2026-07-20,オリックス,日本ハム,3,0,京セラドーム大阪,,https://handenomori.com/jpb/20260720/,2026,3,1.0,7,1.0,-93.10455872937814,-0.0513505987190197,-1.0754107490949596,0,-0.6,-0.09999999999999998,-4.8,-0.5,-0.6000000000000001,0.09999999999999964,-0.3,-0.03780663780663773,-0.8331890331890333,0.508053059982737,0,0.508053059982737,False,False,V4-A_prior
2026-07-20,ヤクルト,中日,2,4,神宮野球場,,https://handenomori.com/jpb/20260720/,2026,-2,0.0,7,1.0,-30.488972106337997,-0.02096546863988724,-0.39904862579281186,0,-0.4,-0.2,-4.6,-3.4,-2.2,-1.1999999999999997,0.0,0.03195415695415693,-0.6652097902097902,0.5584479179145393,0,0.5584479179145393,False,True,V4-A_prior
2026-07-20,ロッテ,ソフトバンク,4,5,ZOZOマリンスタジアム,,https://handenomori.com/jpb/20260720/,2026,-1,0.0,7,1.0,-138.72802152286272,-0.20300751879699253,-1.8045112781954886,0,-0.6000000000000001,-0.49999999999999994,-3.4000000000000004,-3.9,-1.6,-2.3,-0.2,-0.15870098039215685,-2.030637254901961,0.5311913628476909,0,0.5311913628476909,False,True,V4-A_prior
2026-07-20,巨人,広島,3,1,東京ドーム,,https://handenomori.com/jpb/20260720/,2026,2,1.0,7,1.0,84.5008312337468,0.05777906304222091,0.3001735106998265,0,0.4,0.19999999999999996,2.8,1.5999999999999999,1.0999999999999996,0.49999999999999956,0.09999999999999998,0.12241758241758244,0.7903296703296703,0.5813181646040406,0,0.5813181646040406,False,False,V4-A_prior
2026-07-20,楽天,西武,4,5,楽天モバイル,,https://handenomori.com/jpb/20260720/,2026,-1,0.0,7,1.0,-75.5301191928911,0.0034745955798587413,-0.23781043517885625,0,0.20000000000000007,0.09999999999999998,-0.19999999999999996,-1.0,0.0,-1.0,-0.09999999999999998,-0.18224489795918364,-1.1373469387755102,0.5922884468947058,1,0.5922884468947058,False,False,V4-A_prior
2026-07-20,阪神,DeNA,0,7,甲子園球場,,https://handenomori.com/jpb/20260720/,2026,-7,0.0,7,1.0,83.21276176191805,0.1064222440944882,0.813115157480315,0,-0.20000000000000007,0.09999999999999998,-3.0,-0.30000000000000004,-1.4000000000000004,1.1,0.0,0.11081632653061219,0.6404081632653061,0.5325490705379085,0,0.5325490705379085,False,True,V4-A_prior
2026-07-21,ソフトバンク,オリックス,1,2,PayPayドーム,,https://handenomori.com/jpb/20260721/,2026,-1,0.0,7,1.0,144.17522280325943,0.09022556390977443,1.2330827067669172,0,0.6000000000000001,0.29999999999999993,4.2,2.4,0.9999999999999996,1.4,-0.09999999999999998,0.12240047534165177,1.9239453357100416,0.5959420537372998,1,0.5959420537372998,False,False,V4-A_prior
2026-07-21,ヤクルト,中日,4,11,神宮野球場,,https://handenomori.com/jpb/20260721/,2026,-7,0.0,7,1.0,-50.74863315495463,-0.02096546863988724,-0.39904862579281186,0,-0.4,-0.3,-4.0,-3.8000000000000003,-2.0999999999999996,-1.7000000000000002,0.0,0.03195415695415693,-0.6652097902097902,0.5609056331835294,0,0.5609056331835294,False,True,V4-A_prior
2026-07-21,巨人,広島,11,5,東京ドーム,,https://handenomori.com/jpb/20260721/,2026,6,1.0,7,1.0,97.88082835557043,0.05777906304222091,0.3001735106998265,0,0.4,0.39999999999999997,2.2,2.4,1.6,0.7999999999999998,0.09999999999999998,0.12241758241758244,0.7903296703296703,0.5797142672083366,0,0.5797142672083366,False,False,V4-A_prior
2026-07-21,阪神,DeNA,2,1,甲子園球場,,https://handenomori.com/jpb/20260721/,2026,1,1.0,7,1.0,56.658863286450924,0.1064222440944882,0.813115157480315,0,-0.20000000000000007,0.0,-5.4,-2.1,-2.7,0.6000000000000001,-0.09999999999999998,0.11081632653061219,0.6404081632653061,0.5358016243110797,0,0.5358016243110797,False,False,V4-A_prior
2026-07-22,ソフトバンク,オリックス,22,2,PayPayドーム,,https://handenomori.com/jpb/20260722/,2026,20,1.0,7,1.0,114.68761374064502,0.09022556390977443,1.2330827067669172,0,0.4,0.19999999999999996,3.8000000000000003,2.0,1.0,1.0,-0.09999999999999998,0.12240047534165177,1.9239453357100416,0.5994323853165311,1,0.5994323853165311,False,True,V4-A_prior
2026-07-22,ヤクルト,中日,8,5,神宮野球場,,https://handenomori.com/jpb/20260722/,2026,3,1.0,7,1.0,-69.84268933634144,-0.02096546863988724,-0.39904862579281186,0,-0.6,-0.4,-6.8,-4.4,-2.0,-2.4,-0.09999999999999998,0.03195415695415693,-0.6652097902097902,0.5632192187921538,0,0.5632192187921538,False,False,V4-A_prior
2026-07-22,ロッテ,楽天,10,2,ZOZOマリンスタジアム,,https://handenomori.com/jpb/20260722/,2026,8,1.0,7,1.0,18.927032201190514,-0.041068580542264754,-0.03286625655046704,0,-0.39999999999999997,-0.39999999999999997,-2.0,-1.5,-0.7000000000000002,-0.8000000000000007,0.4,0.08099489795918369,0.3465136054421768,0.5389256314871117,0,0.5389256314871117,False,False,V4-A_prior
2026-07-22,巨人,広島,1,6,東京ドーム,,https://handenomori.com/jpb/20260722/,2026,-5,0.0,7,1.0,110.58395911427715,0.05777906304222091,0.3001735106998265,0,0.6000000000000001,0.5,4.6,4.300000000000001,2.0000000000000004,2.3,0.19999999999999996,0.12241758241758244,0.7903296703296703,0.5781899478051182,0,0.5781899478051182,False,True,V4-A_prior
2026-07-22,西武,日本ハム,4,3,メットライフドーム,,https://handenomori.com/jpb/20260722/,2026,1,1.0,7,1.0,-4.263154847001715,-0.12653856864383178,-1.3761626287942077,0,0.0,0.09999999999999998,0.19999999999999996,0.8,0.2999999999999998,0.5,0.09999999999999998,0.027142857142857135,-0.14904761904761904,0.49326604116073025,0,0.5067339588392697,False,False,V4-A_prior
2026-07-22,阪神,DeNA,5,4,甲子園球場,,https://handenomori.com/jpb/20260722/,2026,1,1.0,7,1.0,71.50164842578442,0.1064222440944882,0.813115157480315,0,-0.20000000000000007,0.19999999999999996,-5.8,-1.7000000000000002,-2.3000000000000003,0.6000000000000001,0.0,0.11081632653061219,0.6404081632653061,0.5339839076749647,0,0.5339839076749647,False,False,V4-A_prior
2026-07-23,ソフトバンク,オリックス,6,5,PayPayドーム,,https://handenomori.com/jpb/20260723/,2026,1,1.0,7,1.0,126.56722608618497,0.09022556390977443,1.2330827067669172,0,0.4,0.4,10.2,6.3,3.0000000000000004,3.3,-0.09999999999999998,0.12240047534165177,1.9239453357100416,0.5980274345049034,1,0.5980274345049034,False,True,V4-A_prior
2026-07-23,ロッテ,楽天,3,4,ZOZOマリンスタジアム,,https://handenomori.com/jpb/20260723/,2026,-1,0.0,7,1.0,35.847433809793756,-0.041068580542264754,-0.03286625655046704,0,0.0,-0.3,2.2,-0.40000000000000013,-0.40000000000000036,0.0,0.4,0.08099489795918369,0.3465136054421768,0.5368552982403287,0,0.5368552982403287,False,True,V4-A_prior
2026-07-23,西武,日本ハム,2,11,メットライフドーム,,https://handenomori.com/jpb/20260723/,2026,-9,0.0,7,1.0,13.972091689222452,-0.12653856864383178,-1.3761626287942077,0,0.19999999999999996,0.29999999999999993,0.0,1.7999999999999998,0.8999999999999999,0.8999999999999999,0.09999999999999998,0.027142857142857135,-0.14904761904761904,0.4910224942639797,0,0.5089775057360203,False,True,V4-A_prior
2026-07-24,オリックス,ロッテ,3,2,京セラドーム大阪,,https://handenomori.com/jpb/20260724/,2026,1,1.0,7,1.0,15.449918256270166,0.1127819548872181,0.5714285714285714,0,0.2,0.09999999999999998,-4.6000000000000005,-1.8,-0.2999999999999998,-1.5,0.19999999999999996,0.03630050505050508,0.10669191919191923,0.5266272167451456,0,0.5266272167451456,False,False,V4-A_prior
2026-07-24,ヤクルト,広島,5,3,神宮野球場,,https://handenomori.com/jpb/20260724/,2026,2,1.0,7,1.0,-35.546365082638204,-0.027608825283243876,-0.5837805605247466,0,-0.2,-0.2,-2.8,-2.8,-0.6999999999999997,-2.0999999999999996,0.0,0.04706404706404704,0.033966033966033926,0.5569915478364842,0,0.5569915478364842,False,False,V4-A_prior
2026-07-24,中日,DeNA,3,2,ナゴヤドーム,,https://handenomori.com/jpb/20260724/,2026,1,1.0,7,1.0,9.290509981058221,-0.08380681818181818,-0.7580492424242424,0,0.0,-0.09999999999999998,-2.4,-2.8000000000000003,-1.5999999999999996,-1.1999999999999997,-0.2,-0.026491365777080056,0.04925431711145997,0.5225927312910797,0,0.5225927312910797,False,False,V4-A_prior
2026-07-24,西武,ソフトバンク,3,7,メットライフドーム,,https://handenomori.com/jpb/20260724/,2026,-4,0.0,7,1.0,-77.78466380577493,-0.1654135338345865,-1.5338345864661653,0,-0.20000000000000007,-0.20000000000000007,-5.8,-2.9,-1.5999999999999996,-1.2999999999999998,0.0,-0.0574509803921569,-1.2398039215686274,0.49450477582201857,0,0.5054952241779814,False,True,V4-A_prior
2026-07-24,阪神,巨人,2,4,甲子園球場,,https://handenomori.com/jpb/20260724/,2026,-2,0.0,7,1.0,5.901000250404877,0.12580664259072882,1.0862589544727963,0,0.0,0.0,-1.6,-1.0,-1.2999999999999998,0.2999999999999998,0.19999999999999996,0.029999999999999916,0.5,0.5632263803218645,0,0.5632263803218645,False,True,V4-A_prior
2026-07-25,オリックス,ロッテ,5,3,京セラドーム大阪,,https://handenomori.com/jpb/20260725/,2026,2,1.0,7,1.0,32.566027962258204,0.1127819548872181,0.5714285714285714,0,0.39999999999999997,0.09999999999999998,-3.6,-2.5999999999999996,-0.5999999999999996,-2.0,0.19999999999999996,0.03630050505050508,0.10669191919191923,0.5245263525819618,0,0.5245263525819618,False,False,V4-A_prior
2026-07-25,ヤクルト,広島,2,1,神宮野球場,,https://handenomori.com/jpb/20260725/,2026,1,1.0,7,1.0,-15.51491380619882,-0.027608825283243876,-0.5837805605247466,0,0.2,-0.10000000000000003,-0.20000000000000018,-2.8000000000000003,-0.3999999999999999,-2.4,0.0,0.04706404706404704,0.033966033966033926,0.5545570741005574,0,0.5545570741005574,False,False,V4-A_prior
2026-07-25,中日,DeNA,0,5,ナゴヤドーム,,https://handenomori.com/jpb/20260725/,2026,-5,0.0,7,1.0,26.754664862478876,-0.08380681818181818,-0.7580492424242424,0,0.19999999999999996,0.0,-1.2000000000000002,-2.3000000000000003,-1.1999999999999997,-1.1,-0.09999999999999998,-0.026491365777080056,0.04925431711145997,0.520447505038925,0,0.520447505038925,False,True,V4-A_prior
2026-07-25,日本ハム,楽天,4,3,エスコンF,,https://handenomori.com/jpb/20260725/,2026,1,1.0,7,1.0,96.20219357165001,0.12306397306397304,1.6139730639730638,0,0.19999999999999996,0.0,5.2,1.9,0.9999999999999996,0.9000000000000004,0.0,0.1551020408163265,1.2863945578231293,0.5538213966967391,0,0.5538213966967391,False,False,V4-A_prior
2026-07-25,西武,ソフトバンク,8,6,メットライフドーム,,https://handenomori.com/jpb/20260725/,2026,2,1.0,7,1.0,-95.3341549749457,-0.1654135338345865,-1.5338345864661653,0,-0.20000000000000007,-0.20000000000000007,-6.6,-2.8,-1.9000000000000004,-0.8999999999999999,-0.09999999999999998,-0.0574509803921569,-1.2398039215686274,0.4966643167789163,0,0.5033356832210837,False,False,V4-A_prior
2026-07-25,阪神,巨人,1,5,甲子園球場,,https://handenomori.com/jpb/20260725/,2026,-4,0.0,7,1.0,-16.442634081248116,0.12580664259072882,1.0862589544727963,0,-0.20000000000000007,-0.09999999999999998,-3.0,-1.6,-1.4,-0.20000000000000018,0.19999999999999996,0.029999999999999916,0.5,0.565930204025094,0,0.565930204025094,False,True,V4-A_prior
2026-07-26,オリックス,ロッテ,2,3,京セラドーム大阪,,https://handenomori.com/jpb/20260726/,2026,-1,0.0,7,1.0,48.72491523620215,0.1127819548872181,0.5714285714285714,0,0.39999999999999997,0.2,-4.0,-2.5,-0.2999999999999998,-2.1999999999999997,0.30000000000000004,0.03630050505050508,0.10669191919191923,0.5225421815151114,0,0.5225421815151114,False,True,V4-A_prior
2026-07-26,ヤクルト,広島,3,4,神宮野球場,,https://handenomori.com/jpb/20260726/,2026,-1,0.0,7,1.0,3.3646089518501867,-0.027608825283243876,-0.5837805605247466,0,0.39999999999999997,0.0,0.6,-2.3,-0.30000000000000027,-2.0,0.0,0.04706404706404704,0.033966033966033926,0.5522601962008536,0,0.5522601962008536,False,True,V4-A_prior
2026-07-26,中日,DeNA,5,1,ナゴヤドーム,,https://handenomori.com/jpb/20260726/,2026,4,1.0,7,1.0,3.2367499674746796,-0.08380681818181818,-0.7580492424242424,0,0.19999999999999996,-0.09999999999999998,-1.4,-3.0999999999999996,-1.5999999999999996,-1.5,-0.09999999999999998,-0.026491365777080056,0.04925431711145997,0.5233361602683683,0,0.5233361602683683,False,False,V4-A_prior
2026-07-26,日本ハム,楽天,6,2,エスコンF,,https://handenomori.com/jpb/20260726/,2026,4,1.0,7,1.0,108.98923909309292,0.12306397306397304,1.6139730639730638,0,0.39999999999999997,0.0,4.4,0.7999999999999999,0.5,0.3000000000000007,0.0,0.1551020408163265,1.2863945578231293,0.5522654817443057,0,0.5522654817443057,False,False,V4-A_prior
2026-07-26,西武,ソフトバンク,0,3,メットライフドーム,,https://handenomori.com/jpb/20260726/,2026,-3,0.0,7,1.0,-71.8955378457772,-0.1654135338345865,-1.5338345864661653,0,0.0,-0.09999999999999998,-6.2,-3.3,-2.5,-0.7999999999999998,0.0,-0.0574509803921569,-1.2398039215686274,0.4937801352929982,0,0.5062198647070018,False,True,V4-A_prior
2026-07-26,阪神,巨人,1,0,甲子園球場,,https://handenomori.com/jpb/20260726/,2026,1,1.0,7,1.0,-37.50986723011715,0.12580664259072882,1.0862589544727963,0,-0.4,-0.30000000000000004,-4.0,-2.8,-1.8999999999999995,-0.8999999999999999,0.19999999999999996,0.029999999999999916,0.5,0.5684759828336793,0,0.5684759828336793,False,False,V4-A_prior
2026-07-31,ヤクルト,阪神,3,4,神宮野球場,,https://handenomori.com/jpb/20260731/,2026,-1,0.0,7,1.0,-104.1202351808463,-0.2111945309161936,-1.9702130256973693,0,0.0,-0.3,0.19999999999999996,-2.1,0.7000000000000002,-2.8,-0.09999999999999998,-0.10535353535353531,-1.2563636363636363,0.5192755078587091,0,0.5192755078587091,False,True,V4-A_prior
2026-07-31,巨人,DeNA,6,0,東京ドーム,,https://handenomori.com/jpb/20260731/,2026,6,1.0,7,1.0,97.16518611931133,-0.01938439849624063,-0.2731437969924812,0,0.39999999999999997,0.19999999999999996,1.6,-0.8999999999999999,-1.1000000000000005,0.20000000000000018,0.4,0.08081632653061227,0.1404081632653061,0.5355170006511061,0,0.5355170006511061,False,False,V4-A_prior
2026-07-31,広島,中日,3,1,マツダスタジアム,,https://handenomori.com/jpb/20260731/,2026,2,1.0,7,1.0,-26.53004543116799,0.006643356643356635,0.18473193473193472,0,-0.19999999999999996,-0.09999999999999998,-1.4,-0.6,-0.3999999999999999,-0.19999999999999973,0.0,-0.015109890109890112,-0.6991758241758241,0.5916614489063701,1,0.5916614489063701,False,True,V4-A_prior
2026-07-31,日本ハム,ロッテ,6,1,エスコンF,,https://handenomori.com/jpb/20260731/,2026,5,1.0,7,1.0,101.12196231730718,0.1641325536062378,1.646839320523531,0,0.19999999999999996,0.3,1.0,1.9000000000000001,1.1,0.7999999999999998,0.09999999999999998,0.07410714285714282,0.9398809523809524,0.5656367570523961,0,0.5656367570523961,False,False,V4-A_prior
2026-07-31,西武,オリックス,4,5,メットライフドーム,,https://handenomori.com/jpb/20260731/,2026,-1,0.0,7,1.0,49.82833702220705,-0.07518796992481208,-0.3007518796992481,0,0.0,0.09999999999999998,1.1999999999999997,2.3,0.8999999999999999,1.3999999999999995,-0.09999999999999998,0.06494949494949487,0.6841414141414142,0.5386057767978935,0,0.5386057767978935,False,True,V4-A_prior
2026-08-01,ヤクルト,阪神,3,7,神宮野球場,,https://handenomori.com/jpb/20260801/,2026,-4,0.0,8,1.0,-120.19302967152521,-0.2111945309161936,-1.9702130256973693,0,0.0,-0.3,1.4,-1.9,0.8000000000000003,-2.7,-0.09999999999999998,-0.10535353535353531,-1.2563636363636363,0.5206051693391098,0,0.5206051693391098,False,True,V4-A_prior
2026-08-01,巨人,DeNA,7,8,東京ドーム,,https://handenomori.com/jpb/20260801/,2026,-1,0.0,8,1.0,109.90405577608499,-0.01938439849624063,-0.2731437969924812,0,0.39999999999999997,0.19999999999999996,2.5999999999999996,-0.09999999999999987,-0.40000000000000036,0.30000000000000027,0.4,0.08081632653061227,0.1404081632653061,0.5333135912383129,0,0.5333135912383129,False,True,V4-A_prior
2026-08-01,広島,中日,1,7,マツダスタジアム,,https://handenomori.com/jpb/20260801/,2026,-6,0.0,8,1.0,-7.017518643021731,0.006643356643356635,0.18473193473193472,0,0.19999999999999996,-0.09999999999999998,2.0,-0.6,-0.7000000000000002,0.10000000000000009,0.09999999999999998,-0.015109890109890112,-0.6991758241758241,0.5887131132208782,1,0.5887131132208782,False,False,V4-A_prior
2026-08-01,日本ハム,ロッテ,3,5,エスコンF,,https://handenomori.com/jpb/20260801/,2026,-2,0.0,8,1.0,113.66390677951517,0.1641325536062378,1.646839320523531,0,0.6000000000000001,0.39999999999999997,5.2,2.6999999999999997,1.6999999999999997,1.0,0.09999999999999998,0.07410714285714282,0.9398809523809524,0.5634835996150858,0,0.5634835996150858,False,True,V4-A_prior
2026-08-01,楽天,ソフトバンク,0,5,楽天モバイル,,https://handenomori.com/jpb/20260801/,2026,-5,0.0,8,1.0,-183.62709259129065,-0.16193893825472777,-1.7716450216450217,0,-0.6000000000000001,-0.30000000000000004,-7.800000000000001,-4.2,-2.5000000000000004,-1.7000000000000002,-0.09999999999999998,-0.23969587835134054,-2.3771508603441376,0.51181843094867,0,0.51181843094867,False,True,V4-A_prior
2026-08-01,西武,オリックス,4,1,メットライフドーム,,https://handenomori.com/jpb/20260801/,2026,3,1.0,8,1.0,25.039996848307055,-0.07518796992481208,-0.3007518796992481,0,-0.39999999999999997,-0.09999999999999998,-3.4,1.3,0.9000000000000004,0.39999999999999947,-0.09999999999999998,0.06494949494949487,0.6841414141414142,0.5409948889077787,0,0.5409948889077787,False,False,V4-A_prior
2026-08-02,巨人,DeNA,1,2,東京ドーム,,https://handenomori.com/jpb/20260802/,2026,-1,0.0,8,1.0,82.0149157604219,-0.01938439849624063,-0.2731437969924812,0,0.19999999999999996,0.09999999999999998,3.0,0.19999999999999996,0.3000000000000007,-0.10000000000000009,0.4,0.08081632653061227,0.1404081632653061,0.5367288922215554,0,0.5367288922215554,False,True,V4-A_prior
2026-08-02,広島,中日,4,3,マツダスタジアム,,https://handenomori.com/jpb/20260802/,2026,1,1.0,8,1.0,-28.62484583923083,0.006643356643356635,0.18473193473193472,0,-0.19999999999999996,-0.19999999999999996,-2.0,-1.9,-1.4000000000000004,-0.5,0.0,-0.015109890109890112,-0.6991758241758241,0.5912860397391074,1,0.5912860397391074,False,True,V4-A_prior
2026-08-02,日本ハム,ロッテ,3,0,エスコンF,,https://handenomori.com/jpb/20260802/,2026,3,1.0,8,1.0,85.59279263997337,0.1641325536062378,1.646839320523531,0,0.4,0.3,4.4,2.3,1.2000000000000002,1.0999999999999996,0.09999999999999998,0.07410714285714282,0.9398809523809524,0.5668794241001912,0,0.5668794241001912,False,False,V4-A_prior
2026-08-02,楽天,ソフトバンク,6,10,楽天モバイル,,https://handenomori.com/jpb/20260802/,2026,-4,0.0,8,1.0,-195.55775259644474,-0.16193893825472777,-1.7716450216450217,0,-0.6000000000000001,-0.4,-5.6,-5.0,-2.6999999999999997,-2.3,-0.09999999999999998,-0.23969587835134054,-2.3771508603441376,0.5132857407920024,0,0.5132857407920024,False,True,V4-A_prior
2026-08-02,西武,オリックス,5,1,メットライフドーム,,https://handenomori.com/jpb/20260802/,2026,4,1.0,8,1.0,41.61781466427965,-0.07518796992481208,-0.3007518796992481,0,-0.19999999999999996,0.0,-0.6,1.3,0.8999999999999999,0.40000000000000036,0.0,0.06494949494949487,0.6841414141414142,0.5389678018486204,0,0.5389678018486204,False,False,V4-A_prior
2026-08-03,オリックス,楽天,9,6,東京ドーム,,https://handenomori.com/jpb/20260803/,2026,3,1.0,8,1.0,51.94178721885987,0.07171337434495334,0.5385623148781044,0,0.2,0.2,1.6,-0.10000000000000009,-1.0,0.9000000000000004,-0.2,0.11729540300968877,0.453205524634096,0.5102830116084356,0,0.5102830116084356,False,False,V4-A_prior
2026-08-04,DeNA,阪神,1,0,横浜スタジアム,,https://handenomori.com/jpb/20260804/,2026,1,1.0,8,1.0,-74.6108553683523,-0.1064222440944882,-0.813115157480315,-1,0.0,-0.09999999999999998,-0.6,0.9,0.7999999999999998,0.10000000000000009,0.0,-0.11081632653061219,-0.6404081632653061,0.5129170133934179,0,0.5129170133934179,False,False,V4-A_prior
2026-08-04,ソフトバンク,日本ハム,1,0,京セラドーム大阪,,https://handenomori.com/jpb/20260804/,2026,1,1.0,8,1.0,75.23222890979446,0.03887496519075473,0.15767195767195763,0,0.0,0.10000000000000009,0.5999999999999996,1.0999999999999996,2.0,-0.8999999999999999,0.30000000000000004,0.08459383753501404,1.0907563025210083,0.5375034909185616,0,0.5375034909185616,False,False,V4-A_prior
2026-08-04,ロッテ,西武,5,3,ZOZOマリンスタジアム,,https://handenomori.com/jpb/20260804/,2026,2,1.0,8,1.0,-76.44685811491127,-0.03759398496240601,-0.2706766917293233,0,-0.19999999999999996,-0.3,-2.4,-0.2,-0.9999999999999996,0.8000000000000003,-0.2,-0.10124999999999995,-0.7908333333333334,0.6150197755875392,1,0.6150197755875392,True,True,V4-A_prior
2026-08-04,中日,ヤクルト,4,3,ナゴヤドーム,,https://handenomori.com/jpb/20260804/,2026,1,1.0,8,1.0,52.22815448117126,0.02096546863988724,0.39904862579281186,-1,0.0,0.2,1.0,2.5,0.8999999999999999,1.6,0.09999999999999998,-0.03195415695415693,0.6652097902097902,0.5702575107942375,0,0.5702575107942375,False,False,V4-A_prior
2026-08-04,広島,巨人,4,3,マツダスタジアム,,https://handenomori.com/jpb/20260804/,2026,1,1.0,8,1.0,-73.06031832329268,-0.05777906304222091,-0.3001735106998265,0,0.19999999999999996,-0.19999999999999996,-2.0,-2.7,-1.4000000000000004,-1.2999999999999998,-0.2,-0.12241758241758244,-0.7903296703296703,0.571738538446595,0,0.571738538446595,False,False,V4-A_prior
2026-08-05,DeNA,阪神,11,7,横浜スタジアム,,https://handenomori.com/jpb/20260805/,2026,4,1.0,8,1.0,-52.34049949786481,-0.1064222440944882,-0.813115157480315,0,0.0,-0.09999999999999998,-1.5999999999999999,0.6000000000000001,0.5,0.10000000000000009,0.0,-0.11081632653061219,-0.6404081632653061,0.5123746695013542,0,0.5123746695013542,False,False,V4-A_prior
2026-08-05,オリックス,楽天,3,1,京セラドーム大阪,,https://handenomori.com/jpb/20260805/,2026,2,1.0,8,1.0,67.03892887669622,0.07171337434495334,0.5385623148781044,0,0.4,0.3,2.5999999999999996,0.6000000000000001,0.20000000000000018,0.40000000000000036,-0.2,0.11729540300968877,0.453205524634096,0.5070645460033573,0,0.5070645460033573,False,False,V4-A_prior
2026-08-05,ソフトバンク,日本ハム,7,5,PayPayドーム,,https://handenomori.com/jpb/20260805/,2026,2,1.0,8,1.0,89.09143183066476,0.03887496519075473,0.15767195767195763,0,0.20000000000000007,0.20000000000000007,0.40000000000000013,1.7000000000000002,2.5,-0.7999999999999998,0.30000000000000004,0.08459383753501404,1.0907563025210083,0.5510267986231624,0,0.5510267986231624,False,False,V4-A_prior
2026-08-05,ロッテ,西武,8,0,ZOZOマリンスタジアム,,https://handenomori.com/jpb/20260805/,2026,8,1.0,8,1.0,-54.07223888302633,-0.03759398496240601,-0.2706766917293233,0,0.19999999999999996,-0.09999999999999998,-0.8,0.8,-0.19999999999999973,0.9999999999999996,-0.09999999999999998,-0.10124999999999995,-0.7908333333333334,0.6124086922133559,1,0.6124086922133559,True,True,V4-A_prior
2026-08-05,中日,ヤクルト,4,1,ナゴヤドーム,,https://handenomori.com/jpb/20260805/,2026,3,1.0,8,1.0,67.30980529212138,0.02096546863988724,0.39904862579281186,0,0.39999999999999997,0.3,2.8,2.4,0.8999999999999999,1.5,0.09999999999999998,-0.03195415695415693,0.6652097902097902,0.570592706896956,0,0.570592706896956,False,False,V4-A_prior
2026-08-05,広島,巨人,0,4,マツダスタジアム,,https://handenomori.com/jpb/20260805/,2026,-4,0.0,8,1.0,-50.87811243242618,-0.05777906304222091,-0.3001735106998265,0,0.6000000000000001,0.0,-0.6000000000000001,-1.8,-0.8999999999999995,-0.8999999999999999,-0.09999999999999998,-0.12241758241758244,-0.7903296703296703,0.5690628307967553,0,0.5690628307967553,False,True,V4-A_prior
2026-08-06,DeNA,阪神,5,10,横浜スタジアム,,https://handenomori.com/jpb/20260806/,2026,-5,0.0,8,1.0,-31.343128121529617,-0.1064222440944882,-0.813115157480315,0,0.20000000000000007,0.0,0.0,0.9,0.6000000000000001,0.2999999999999998,0.0,-0.11081632653061219,-0.6404081632653061,0.5097919218437927,0,0.5097919218437927,False,True,V4-A_prior
2026-08-06,オリックス,楽天,1,3,京セラドーム大阪,,https://handenomori.com/jpb/20260806/,2026,-2,0.0,8,1.0,81.32834782690884,0.07171337434495334,0.5385623148781044,0,0.6,0.4,3.4,1.0,0.5,0.5,-0.09999999999999998,0.11729540300968877,0.453205524634096,0.5053063021242504,0,0.5053063021242504,False,True,V4-A_prior
2026-08-06,ソフトバンク,日本ハム,2,6,PayPayドーム,,https://handenomori.com/jpb/20260806/,2026,-4,0.0,8,1.0,102.23716312051215,0.03887496519075473,0.15767195767195763,0,0.6,0.30000000000000004,2.4,2.4000000000000004,2.7,-0.30000000000000027,0.30000000000000004,0.08459383753501404,1.0907563025210083,0.5494253564758459,0,0.5494253564758459,False,True,V4-A_prior
2026-08-06,中日,ヤクルト,5,0,ナゴヤドーム,,https://handenomori.com/jpb/20260806/,2026,5,1.0,8,1.0,81.58490577263592,0.02096546863988724,0.39904862579281186,0,0.6,0.3,3.4,2.4000000000000004,0.8999999999999999,1.5,0.09999999999999998,-0.03195415695415693,0.6652097902097902,0.5688701246827064,0,0.5688701246827064,False,False,V4-A_prior
2026-08-07,DeNA,広島,2,1,横浜スタジアム,,https://handenomori.com/jpb/20260807/,2026,1,1.0,8,1.0,27.518503032725903,0.07716346153846154,0.5733173076923077,-1,0.20000000000000007,0.0,1.6,0.4,0.7999999999999998,-0.40000000000000036,0.0,0.04160125588697017,0.6499215070643641,0.5466099292056843,0,0.5466099292056843,False,False,V4-A_prior
2026-08-07,ロッテ,オリックス,2,6,ZOZOマリンスタジアム,,https://handenomori.com/jpb/20260807/,2026,-4,0.0,8,1.0,1.1014833528522558,-0.1127819548872181,-0.5714285714285714,1,0.19999999999999996,0.0,1.6,1.1,0.5,0.6000000000000001,-0.2,-0.03630050505050508,-0.10669191919191923,0.5748907999000606,0,0.5748907999000606,False,True,V4-A_prior
2026-08-07,巨人,ヤクルト,0,1,東京ドーム,,https://handenomori.com/jpb/20260807/,2026,-1,0.0,8,1.0,136.19220347799046,0.08538788832546479,0.883954071224573,1,0.4,0.2,4.199999999999999,2.9000000000000004,1.0,1.9,0.0,0.0753535353535354,0.7563636363636363,0.5876565346467906,1,0.5876565346467906,False,False,V4-A_prior
2026-08-07,日本ハム,楽天,3,2,エスコンF,,https://handenomori.com/jpb/20260807/,2026,1,1.0,8,1.0,133.4082678900761,0.12306397306397304,1.6139730639730638,0,0.2,0.39999999999999997,2.8,4.5,1.6,2.8999999999999995,0.09999999999999998,0.1551020408163265,1.2863945578231293,0.5486513737155083,0,0.5486513737155083,False,False,V4-A_prior
2026-08-07,西武,ソフトバンク,2,5,メットライフドーム,,https://handenomori.com/jpb/20260807/,2026,-3,0.0,8,1.0,-119.18378728760626,-0.1654135338345865,-1.5338345864661653,1,-0.4,-0.4,-2.4000000000000004,-5.1,-3.6000000000000005,-1.5,-0.09999999999999998,-0.0574509803921569,-1.2398039215686274,0.501151086134799,0,0.501151086134799,False,True,V4-A_prior
2026-08-07,阪神,中日,2,3,京セラドーム大阪,,https://handenomori.com/jpb/20260807/,2026,-1,0.0,8,1.0,50.184823111674405,0.19022906227630637,1.5711643999045575,0,-0.20000000000000007,0.0,-1.7999999999999998,-0.7,0.19999999999999973,-0.9000000000000004,0.09999999999999998,0.13730769230769224,0.5911538461538461,0.5528193223288916,0,0.5528193223288916,False,True,V4-A_prior
2026-08-08,ロッテ,オリックス,4,1,ZOZOマリンスタジアム,,https://handenomori.com/jpb/20260808/,2026,3,1.0,8,1.0,-20.969237942598056,-0.1127819548872181,-0.5714285714285714,0,0.0,-0.19999999999999996,0.4,-0.6,-0.3999999999999999,-0.20000000000000018,-0.2,-0.03630050505050508,-0.10669191919191923,0.5753972205011942,0,0.5753972205011942,False,False,V4-A_prior
2026-08-08,巨人,ヤクルト,8,2,東京ドーム,,https://handenomori.com/jpb/20260808/,2026,6,1.0,8,1.0,107.06458107987919,0.08538788832546479,0.883954071224573,0,0.0,0.0,2.4,1.4,0.20000000000000018,1.2000000000000002,0.0,0.0753535353535354,0.7563636363636363,0.588999836795563,1,0.588999836795563,False,True,V4-A_prior
2026-08-08,日本ハム,楽天,0,6,エスコンF,,https://handenomori.com/jpb/20260808/,2026,-6,0.0,8,1.0,144.40798589023075,0.12306397306397304,1.6139730639730638,0,0.39999999999999997,0.49999999999999994,2.6,4.7,1.8000000000000003,2.9000000000000004,0.19999999999999996,0.1551020408163265,1.2863945578231293,0.5473101693436632,0,0.5473101693436632,False,True,V4-A_prior
2026-08-08,西武,ソフトバンク,2,1,メットライフドーム,,https://handenomori.com/jpb/20260808/,2026,1,1.0,8,1.0,-134.43043910292,-0.1654135338345865,-1.5338345864661653,0,-0.4,-0.5,-2.4,-3.8,-2.1,-1.7000000000000002,-0.09999999999999998,-0.0574509803921569,-1.2398039215686274,0.5008294125158518,0,0.5008294125158518,False,False,V4-A_prior
2026-08-08,阪神,中日,1,7,京セラドーム大阪,,https://handenomori.com/jpb/20260808/,2026,-6,0.0,8,1.0,25.37714298003334,0.19022906227630637,1.5711643999045575,0,-0.4,-0.19999999999999996,-1.2000000000000002,-1.3,0.3999999999999999,-1.6999999999999997,0.09999999999999998,0.13730769230769224,0.5911538461538461,0.5558362049964173,0,0.5558362049964173,False,True,V4-A_prior
2026-08-09,DeNA,広島,3,0,横浜スタジアム,,https://handenomori.com/jpb/20260809/,2026,3,1.0,8,1.0,43.95799502124578,0.07716346153846154,0.5733173076923077,0,0.4,0.09999999999999998,2.2,0.10000000000000003,1.0,-0.8999999999999999,0.0,0.04160125588697017,0.6499215070643641,0.5467832829195575,0,0.5467832829195575,False,False,V4-A_prior
2026-08-09,ロッテ,オリックス,7,2,ZOZOマリンスタジアム,,https://handenomori.com/jpb/20260809/,2026,5,1.0,8,1.0,-1.776474751932028,-0.1127819548872181,-0.5714285714285714,0,0.0,0.0,0.3999999999999999,0.2,-0.10000000000000009,0.2999999999999998,-0.09999999999999998,-0.03630050505050508,-0.10669191919191923,0.5730873597977691,0,0.5730873597977691,False,False,V4-A_prior
2026-08-09,巨人,ヤクルト,7,3,東京ドーム,,https://handenomori.com/jpb/20260809/,2026,4,1.0,8,1.0,119.3139049257993,0.08538788832546479,0.883954071224573,0,0.2,0.2,4.199999999999999,3.4,1.5,1.9,0.0,0.0753535353535354,0.7563636363636363,0.5875393671031862,1,0.5875393671031862,False,True,V4-A_prior
2026-08-09,日本ハム,楽天,1,0,エスコンF,,https://handenomori.com/jpb/20260809/,2026,1,1.0,8,1.0,114.90999645814304,0.12306397306397304,1.6139730639730638,0,0.0,0.3,-1.2000000000000002,1.8,0.30000000000000027,1.5000000000000004,0.19999999999999996,0.1551020408163265,1.2863945578231293,0.550905279927853,0,0.550905279927853,False,False,V4-A_prior
2026-08-09,西武,ソフトバンク,0,5,メットライフドーム,,https://handenomori.com/jpb/20260809/,2026,-5,0.0,8,1.0,-108.85806667198312,-0.1654135338345865,-1.5338345864661653,0,-0.19999999999999996,-0.29999999999999993,-1.8,-2.6,-1.6,-1.0,-0.09999999999999998,-0.0574509803921569,-1.2398039215686274,0.49768238828803174,0,0.5023176117119683,False,True,V4-A_prior
2026-08-09,阪神,中日,1,0,京セラドーム大阪,,https://handenomori.com/jpb/20260809/,2026,1,1.0,8,1.0,1.936124462847829,0.19022906227630637,1.5711643999045575,0,-0.8,-0.29999999999999993,-4.6,-2.5,-0.3999999999999999,-2.1,0.09999999999999998,0.13730769230769224,0.5911538461538461,0.5586831126403532,0,0.5586831126403532,False,False,V4-A_prior
2026-08-11,ソフトバンク,ロッテ,16,2,PayPayドーム,,https://handenomori.com/jpb/20260811/,2026,14,1.0,8,1.0,147.29435350801873,0.20300751879699253,1.8045112781954886,0,-0.20000000000000007,0.09999999999999998,-1.7999999999999998,0.9000000000000001,0.7000000000000002,0.20000000000000018,0.19999999999999996,0.15870098039215685,2.030637254901961,0.5754202589893554,0,0.5754202589893554,False,False,V4-A_prior
2026-08-11,中日,DeNA,5,2,ナゴヤドーム,,https://handenomori.com/jpb/20260811/,2026,3,1.0,8,1.0,0.5667885083082638,-0.08380681818181818,-0.7580492424242424,0,0.0,0.0,1.9999999999999998,2.1,0.10000000000000009,2.0,0.0,-0.026491365777080056,0.04925431711145997,0.5230192153354545,0,0.5230192153354545,False,False,V4-A_prior
2026-08-11,巨人,阪神,1,9,東京ドーム,,https://handenomori.com/jpb/20260811/,2026,-8,0.0,8,1.0,3.466127065542878,-0.12580664259072882,-1.0862589544727963,0,0.19999999999999996,0.0,3.4,2.3,0.6999999999999997,1.5999999999999996,-0.2,-0.029999999999999916,-0.5,0.544857835738139,0,0.544857835738139,False,True,V4-A_prior
2026-08-11,日本ハム,西武,0,1,エスコンF,,https://handenomori.com/jpb/20260811/,2026,-1,0.0,8,1.0,43.88799629354912,0.12653856864383178,1.3761626287942077,0,0.39999999999999997,0.19999999999999996,3.0,1.9,0.5,1.4,0.0,-0.027142857142857135,0.14904761904761904,0.6241899086987782,1,0.6241899086987782,True,False,V4-A_prior
2026-08-11,楽天,ロッテ,1,9,楽天モバイル,,https://handenomori.com/jpb/20260811/,2026,-8,0.0,8,1.0,-55.07901319474354,0.041068580542264754,0.03286625655046704,2,-0.19999999999999996,-0.39999999999999997,1.2000000000000002,-0.8,-0.8000000000000003,0.0,-0.3,-0.08099489795918369,-0.3465136054421768,0.5400775704219697,0,0.5400775704219697,False,True,V4-A_prior
2026-08-12,ソフトバンク,ロッテ,10,4,PayPayドーム,,https://handenomori.com/jpb/20260812/,2026,6,1.0,8,1.0,148.24547026582718,0.20300751879699253,1.8045112781954886,0,0.0,0.20000000000000007,3.8,3.0,1.2000000000000002,1.7999999999999998,0.30000000000000004,0.15870098039215685,2.030637254901961,0.5753058697874512,0,0.5753058697874512,False,False,V4-A_prior
2026-08-12,ヤクルト,広島,12,0,神宮野球場,,https://handenomori.com/jpb/20260812/,2026,12,1.0,8,1.0,-47.63204518226871,-0.027608825283243876,-0.5837805605247466,0,-0.2,-0.2,-2.2,-1.0999999999999999,0.0,-1.1000000000000005,-0.09999999999999998,0.04706404706404704,0.033966033966033926,0.5578215697703822,0,0.5578215697703822,False,False,V4-A_prior
2026-08-12,中日,DeNA,3,6,ナゴヤドーム,,https://handenomori.com/jpb/20260812/,2026,-3,0.0,8,1.0,18.52652160323828,-0.08380681818181818,-0.7580492424242424,0,0.20000000000000007,0.09999999999999998,2.8,2.8,0.3999999999999999,2.4000000000000004,0.09999999999999998,-0.026491365777080056,0.04925431711145997,0.5208132665700502,0,0.5208132665700502,False,True,V4-A_prior
2026-08-12,巨人,阪神,1,5,東京ドーム,,https://handenomori.com/jpb/20260812/,2026,-4,0.0,8,1.0,-18.73915799774022,-0.12580664259072882,-1.0862589544727963,0,0.0,-0.19999999999999996,-0.3999999999999999,-0.10000000000000009,-0.5,0.3999999999999999,-0.2,-0.029999999999999916,-0.5,0.5475671592159672,0,0.5475671592159672,False,True,V4-A_prior
2026-08-12,日本ハム,西武,2,5,エスコンF,,https://handenomori.com/jpb/20260812/,2026,-3,0.0,8,1.0,19.423301972262152,0.12653856864383178,1.3761626287942077,0,0.19999999999999996,0.09999999999999998,2.5999999999999996,1.5,0.6000000000000001,0.8999999999999999,-0.09999999999999998,-0.027142857142857135,0.14904761904761904,0.627010642724664,1,0.627010642724664,True,False,V4-A_prior
2026-08-12,楽天,オリックス,7,2,楽天モバイル,,https://handenomori.com/jpb/20260812/,2026,5,1.0,8,1.0,-53.371821162787455,-0.07171337434495334,-0.5385623148781044,-2,0.0,-0.2,0.4,-1.2,-0.3999999999999999,-0.8000000000000003,0.09999999999999998,-0.11729540300968877,-0.453205524634096,0.5510986782335155,0,0.5510986782335155,False,False,V4-A_prior
2026-08-13,ソフトバンク,ロッテ,3,4,PayPayドーム,,https://handenomori.com/jpb/20260813/,2026,-1,0.0,8,1.0,158.57729729323478,0.20300751879699253,1.8045112781954886,0,0.20000000000000007,0.20000000000000007,6.2,3.4,1.6000000000000005,1.7999999999999998,0.30000000000000004,0.15870098039215685,2.030637254901961,0.5740627611829336,0,0.5740627611829336,False,True,V4-A_prior
2026-08-13,中日,DeNA,1,5,ナゴヤドーム,,https://handenomori.com/jpb/20260813/,2026,-4,0.0,8,1.0,-4.530564194352564,-0.08380681818181818,-0.7580492424242424,0,0.0,0.0,1.4,2.0,0.09999999999999964,1.9,0.0,-0.026491365777080056,0.04925431711145997,0.5236451505049439,0,0.5236451505049439,False,True,V4-A_prior
2026-08-13,巨人,阪神,2,3,東京ドーム,,https://handenomori.com/jpb/20260813/,2026,-1,0.0,8,1.0,-39.674524443014434,-0.12580664259072882,-1.0862589544727963,0,-0.19999999999999996,-0.19999999999999996,-1.7999999999999998,-0.7000000000000001,-0.7999999999999998,0.10000000000000009,-0.2,-0.029999999999999916,-0.5,0.5501189604936421,0,0.5501189604936421,False,True,V4-A_prior
2026-08-13,日本ハム,西武,8,2,エスコンF,,https://handenomori.com/jpb/20260813/,2026,6,1.0,8,1.0,-3.6841805195583675,0.12653856864383178,1.3761626287942077,0,-0.19999999999999996,-0.09999999999999998,-1.0,0.09999999999999998,-0.30000000000000027,0.3999999999999999,-0.09999999999999998,-0.027142857142857135,0.14904761904761904,0.6296669834458228,1,0.6296669834458228,True,True,V4-A_prior
2026-08-14,オリックス,日本ハム,6,2,京セラドーム大阪,,https://handenomori.com/jpb/20260814/,2026,4,1.0,8,1.0,-78.67311551507373,-0.0513505987190197,-1.0754107490949596,1,-0.2,-0.09999999999999998,-1.6,-1.4,0.30000000000000027,-1.6999999999999997,-0.3,-0.03780663780663773,-0.8331890331890333,0.507828910429249,0,0.507828910429249,False,False,V4-A_prior
2026-08-14,ソフトバンク,楽天,2,5,PayPayドーム,,https://handenomori.com/jpb/20260814/,2026,-3,0.0,8,1.0,201.74887576801666,0.16193893825472777,1.7716450216450217,-1,0.19999999999999996,0.39999999999999997,4.3999999999999995,4.0,2.8,1.1999999999999997,0.09999999999999998,0.23969587835134054,2.3771508603441376,0.5542934462162026,0,0.5542934462162026,False,True,V4-A_prior
2026-08-14,ヤクルト,DeNA,7,2,神宮野球場,,https://handenomori.com/jpb/20260814/,2026,5,1.0,8,1.0,-110.18151387204443,-0.10477228682170542,-1.1570978682170543,1,-0.4,-0.6000000000000001,-2.0,-2.2,-1.4,-0.7999999999999998,-0.2,0.0054627911770768756,-0.6159554730983302,0.5230493657937543,0,0.5230493657937543,False,False,V4-A_prior
2026-08-14,中日,巨人,0,1,ナゴヤドーム,,https://handenomori.com/jpb/20260814/,2026,-1,0.0,8,1.0,-5.271636964739628,-0.06442241968557755,-0.48490544543176123,0,0.0,0.3,0.8,1.3,0.10000000000000009,1.2000000000000002,0.0,-0.10730769230769233,-0.09115384615384614,0.5450883666745658,0,0.5450883666745658,False,True,V4-A_prior
2026-08-14,広島,阪神,6,1,マツダスタジアム,,https://handenomori.com/jpb/20260814/,2026,5,1.0,8,1.0,-121.67335465257565,-0.18358570563294974,-1.3864324651726228,1,-0.6000000000000001,-0.19999999999999996,-5.4,-3.3000000000000003,-2.7,-0.6000000000000001,0.0,-0.15241758241758235,-1.2903296703296703,0.5572255146368271,0,0.5572255146368271,False,False,V4-A_prior
2026-08-14,西武,ロッテ,7,0,メットライフドーム,,https://handenomori.com/jpb/20260814/,2026,7,1.0,8,1.0,23.181425477063385,0.03759398496240601,0.2706766917293233,0,0.0,-0.09999999999999998,0.0,-1.2,-2.1,0.8999999999999999,0.0,0.10124999999999995,0.7908333333333334,0.5211871287508631,0,0.5211871287508631,False,False,V4-A_prior
