date,home,away,home_score,away_score,venue,game_type,source_url,season,margin,target,month,home_adv,elo_diff,prev_win_diff,prev_rd_diff,rest_diff,win5_diff,win10_diff,rd5_diff,rd10_diff,off10_diff,def10_diff,h2h_diff,final_win_diff,final_rd_diff,prob_home,prediction,confidence,selected,hit,variant
2026-03-28,DeNA,ヤクルト,2,5,横浜スタジアム,,https://handenomori.com/jpb/20260328/,2026,-3,0.0,3,1.0,56.95624172442058,0.10477228682170542,1.1570978682170543,0,0.0,0.0,0.0,0.0,0.0,0.0,0.09999999999999998,-0.0054627911770768756,0.6159554730983302,0.44213825254959926,0,0.5578617474504007,False,True,V4-B_future_leaky
2026-03-28,オリックス,楽天,6,0,京セラドーム大阪,,https://handenomori.com/jpb/20260328/,2026,6,1.0,3,1.0,63.624530179167095,0.07171337434495334,0.5385623148781044,0,0.0,0.0,0.0,0.0,0.0,0.0,0.09999999999999998,0.11729540300968877,0.453205524634096,0.5385018201958178,0,0.5385018201958178,False,False,V4-B_future_leaky
2026-03-28,ソフトバンク,日本ハム,6,4,PayPayドーム,,https://handenomori.com/jpb/20260328/,2026,2,1.0,3,1.0,64.62354020829821,0.03887496519075473,0.15767195767195763,0,0.0,0.0,0.0,0.0,0.0,0.0,0.0,0.08459383753501404,1.0907563025210083,0.5381557963394566,0,0.5381557963394566,False,False,V4-B_future_leaky
2026-03-28,ロッテ,西武,11,0,ZOZOマリンスタジアム,,https://handenomori.com/jpb/20260328/,2026,11,1.0,3,1.0,23.869672887703018,-0.03759398496240601,-0.2706766917293233,0,0.0,0.0,0.0,0.0,0.0,0.0,0.0,-0.10124999999999995,-0.7908333333333334,0.4351892155941746,0,0.5648107844058254,False,False,V4-B_future_leaky
2026-03-28,巨人,阪神,0,2,東京ドーム,,https://handenomori.com/jpb/20260328/,2026,-2,0.0,3,1.0,-66.5104668941367,-0.12580664259072882,-1.0862589544727963,0,0.0,0.0,0.0,0.0,0.0,0.0,-0.2,-0.029999999999999916,-0.5,0.5459567159991353,1,0.5459567159991353,False,False,V4-B_future_leaky
2026-03-28,広島,中日,2,1,マツダスタジアム,,https://handenomori.com/jpb/20260328/,2026,1,1.0,3,1.0,-38.59612568273292,0.006643356643356635,0.18473193473193472,0,0.0,0.0,0.0,0.0,0.0,0.0,0.09999999999999998,-0.015109890109890112,-0.6991758241758241,0.5953122473733379,1,0.5953122473733379,False,True,V4-B_future_leaky
2026-03-29,DeNA,ヤクルト,3,5,横浜スタジアム,,https://handenomori.com/jpb/20260329/,2026,-2,0.0,3,1.0,31.783050159594495,0.10477228682170542,1.1570978682170543,0,-1.0,-1.0,-6.0,-6.0,-3.0,-3.0,0.0,-0.0054627911770768756,0.6159554730983302,0.4072987616318033,0,0.5927012383681967,False,True,V4-B_future_leaky
2026-03-29,オリックス,楽天,5,4,京セラドーム大阪,,https://handenomori.com/jpb/20260329/,2026,1,1.0,3,1.0,78.094975868966,0.07171337434495334,0.5385623148781044,0,1.0,1.0,12.0,12.0,6.0,6.0,0.19999999999999996,0.11729540300968877,0.453205524634096,0.5793040739967786,1,0.5793040739967786,False,True,V4-B_future_leaky
2026-03-29,ソフトバンク,日本ハム,8,4,PayPayドーム,,https://handenomori.com/jpb/20260329/,2026,4,1.0,3,1.0,79.04091647322844,0.03887496519075473,0.15767195767195763,0,1.0,1.0,4.0,4.0,2.0,2.0,0.0,0.08459383753501404,1.0907563025210083,0.5758619812306931,1,0.5758619812306931,False,True,V4-B_future_leaky
2026-03-29,ロッテ,西武,0,4,ZOZOマリンスタジアム,,https://handenomori.com/jpb/20260329/,2026,-4,0.0,3,1.0,40.51292497417444,-0.03759398496240601,-0.2706766917293233,0,1.0,1.0,22.0,22.0,11.0,11.0,0.0,-0.10124999999999995,-0.7908333333333334,0.5290015122545555,0,0.5290015122545555,False,True,V4-B_future_leaky
2026-03-29,巨人,阪神,6,12,東京ドーム,,https://handenomori.com/jpb/20260329/,2026,-6,0.0,3,1.0,-84.7015356668312,-0.12580664259072882,-1.0862589544727963,0,-1.0,-1.0,-4.0,-4.0,-2.0,-2.0,-0.2,-0.029999999999999916,-0.5,0.5282857019918231,0,0.5282857019918231,False,True,V4-B_future_leaky
2026-03-29,広島,中日,1,0,マツダスタジアム,,https://handenomori.com/jpb/20260329/,2026,1,1.0,3,1.0,-18.38912344016103,0.006643356643356635,0.18473193473193472,0,1.0,1.0,2.0,2.0,1.0,1.0,0.19999999999999996,-0.015109890109890112,-0.6991758241758241,0.6201586003030628,1,0.6201586003030628,False,True,V4-B_future_leaky
2026-03-31,ヤクルト,広島,8,3,神宮野球場,,https://handenomori.com/jpb/20260331/,2026,5,1.0,3,1.0,82.80613792281065,-0.027608825283243876,-0.5837805605247466,0,0.0,0.0,1.5,1.5,3.5,-2.0,0.30000000000000004,0.04706404706404704,0.033966033966033926,0.5211795228674851,0,0.5211795228674851,False,False,V4-B_future_leaky
2026-03-31,中日,巨人,2,5,ナゴヤドーム,,https://handenomori.com/jpb/20260331/,2026,-3,0.0,3,1.0,-61.08898443098269,-0.06442241968557755,-0.48490544543176123,0,0.0,0.0,3.0,3.0,-2.5,5.5,0.0,-0.10730769230769233,-0.09115384615384614,0.4973617994010848,0,0.5026382005989152,False,True,V4-B_future_leaky
2026-03-31,日本ハム,ロッテ,9,0,エスコンF,,https://handenomori.com/jpb/20260331/,2026,9,1.0,3,1.0,60.13211410491431,0.1641325536062378,1.646839320523531,0,-0.5,-0.5,-6.5,-6.5,-1.5,-5.0,0.09999999999999998,0.07410714285714282,0.9398809523809524,0.4985821829045387,0,0.5014178170954613,False,False,V4-B_future_leaky
2026-03-31,楽天,ソフトバンク,2,4,楽天モバイル,,https://handenomori.com/jpb/20260331/,2026,-2,0.0,3,1.0,-167.37462330397352,-0.16193893825472777,-1.7716450216450217,0,-1.0,-1.0,-6.5,-6.5,-5.0,-1.5,-0.3,-0.23969587835134054,-2.3771508603441376,0.3775811993423279,0,0.6224188006576721,False,True,V4-B_future_leaky
2026-03-31,西武,オリックス,5,3,メットライフドーム,,https://handenomori.com/jpb/20260331/,2026,2,1.0,3,1.0,-93.4982378533698,-0.07518796992481208,-0.3007518796992481,0,-0.5,-0.5,-7.0,-7.0,-3.5,-3.5,-0.09999999999999998,0.06494949494949487,0.6841414141414142,0.6273198815413179,1,0.6273198815413179,False,True,V4-B_future_leaky
2026-03-31,阪神,DeNA,4,1,京セラドーム大阪,,https://handenomori.com/jpb/20260331/,2026,3,1.0,3,1.0,71.50191853417778,0.1064222440944882,0.813115157480315,0,1.0,1.0,6.5,6.5,4.5,2.0,0.09999999999999998,0.11081632653061219,0.6404081632653061,0.525909008508984,0,0.525909008508984,False,False,V4-B_future_leaky
2026-04-01,中日,巨人,5,6,ナゴヤドーム,,https://handenomori.com/jpb/20260401/,2026,-1,0.0,4,1.0,-79.58999806537167,-0.06442241968557755,-0.48490544543176123,0,-0.3333333333333333,-0.3333333333333333,0.0,0.0,-2.6666666666666665,2.6666666666666665,-0.09999999999999998,-0.10730769230769233,-0.09115384615384614,0.5001213079771724,0,0.5001213079771724,False,True,V4-B_future_leaky
2026-04-01,日本ハム,ロッテ,2,4,エスコンF,,https://handenomori.com/jpb/20260401/,2026,-2,0.0,4,1.0,74.78874313028291,0.1641325536062378,1.646839320523531,0,0.0,0.0,1.6666666666666665,1.6666666666666665,2.0000000000000004,-0.3333333333333339,0.09999999999999998,0.07410714285714282,0.9398809523809524,0.5304442518126302,0,0.5304442518126302,False,True,V4-B_future_leaky
2026-04-01,楽天,ソフトバンク,1,6,楽天モバイル,,https://handenomori.com/jpb/20260401/,2026,-5,0.0,4,1.0,-180.10302820342645,-0.16193893825472777,-1.7716450216450217,0,-1.0,-1.0,-5.666666666666666,-5.666666666666666,-4.0,-1.6666666666666665,-0.3,-0.23969587835134054,-2.3771508603441376,0.38569748431894574,0,0.6143025156810542,False,True,V4-B_future_leaky
2026-04-01,西武,オリックス,0,4,メットライフドーム,,https://handenomori.com/jpb/20260401/,2026,-4,0.0,4,1.0,-70.16227287596507,-0.07518796992481208,-0.3007518796992481,0,0.0,0.0,-3.3333333333333335,-3.3333333333333335,-1.666666666666667,-1.666666666666667,-0.09999999999999998,0.06494949494949487,0.6841414141414142,0.6409020929364819,1,0.6409020929364819,True,False,V4-B_future_leaky
2026-04-01,阪神,DeNA,1,4,京セラドーム大阪,,https://handenomori.com/jpb/20260401/,2026,-3,0.0,4,1.0,85.55624742209307,0.1064222440944882,0.813115157480315,0,1.0,1.0,6.333333333333333,6.333333333333333,4.0,2.3333333333333335,0.09999999999999998,0.11081632653061219,0.6404081632653061,0.5288800160096614,0,0.5288800160096614,False,True,V4-B_future_leaky
2026-04-02,ヤクルト,広島,2,1,神宮野球場,,https://handenomori.com/jpb/20260402/,2026,1,1.0,4,1.0,96.27314105124196,-0.027608825283243876,-0.5837805605247466,0,0.33333333333333337,0.33333333333333337,4.333333333333334,4.333333333333334,4.0,0.3333333333333335,0.30000000000000004,0.04706404706404704,0.033966033966033926,0.5235082974930128,0,0.5235082974930128,False,False,V4-B_future_leaky
2026-04-02,中日,巨人,2,1,ナゴヤドーム,,https://handenomori.com/jpb/20260402/,2026,1,1.0,4,1.0,-97.03719203847868,-0.06442241968557755,-0.48490544543176123,0,-0.5,-0.5,-0.5,-0.5,-2.25,1.75,-0.2,-0.10730769230769233,-0.09115384615384614,0.5328601080193035,0,0.5328601080193035,False,False,V4-B_future_leaky
2026-04-02,日本ハム,ロッテ,7,1,エスコンF,,https://handenomori.com/jpb/20260402/,2026,6,1.0,4,1.0,48.671077481648354,0.1641325536062378,1.646839320523531,0,-0.25,-0.25,0.25,0.25,1.0,-0.75,0.09999999999999998,0.07410714285714282,0.9398809523809524,0.5377481908933609,0,0.5377481908933609,False,False,V4-B_future_leaky
2026-04-02,楽天,ソフトバンク,5,4,楽天モバイル,,https://handenomori.com/jpb/20260402/,2026,1,1.0,4,1.0,-192.204218764615,-0.16193893825472777,-1.7716450216450217,0,-1.0,-1.0,-6.75,-6.75,-4.25,-2.5,-0.3,-0.23969587835134054,-2.3771508603441376,0.39255270264558945,0,0.6074472973544105,False,False,V4-B_future_leaky
2026-04-02,西武,オリックス,3,7,メットライフドーム,,https://handenomori.com/jpb/20260402/,2026,-4,0.0,4,1.0,-88.14505216059683,-0.07518796992481208,-0.3007518796992481,0,-0.25,-0.25,-4.5,-4.5,-2.25,-2.25,-0.09999999999999998,0.06494949494949487,0.6841414141414142,0.632798124425566,1,0.632798124425566,False,False,V4-B_future_leaky
2026-04-02,阪神,DeNA,4,3,京セラドーム大阪,,https://handenomori.com/jpb/20260402/,2026,1,1.0,4,1.0,58.88220075592267,0.1064222440944882,0.813115157480315,0,0.5,0.5,3.25,3.25,2.25,1.0,0.0,0.11081632653061219,0.6404081632653061,0.5159512682990932,0,0.5159512682990932,False,False,V4-B_future_leaky
2026-04-03,ヤクルト,中日,0,1,神宮野球場,,https://handenomori.com/jpb/20260403/,2026,-1,0.0,4,1.0,102.79405877017189,-0.02096546863988724,-0.39904862579281186,0,0.8,0.8,3.75,3.75,3.0,0.75,0.0,0.03195415695415693,-0.6652097902097902,0.5256677565808743,0,0.5256677565808743,False,True,V4-B_future_leaky
2026-04-03,ロッテ,ソフトバンク,3,2,ZOZOマリンスタジアム,,https://handenomori.com/jpb/20260403/,2026,1,1.0,4,1.0,-152.91659129041432,-0.20300751879699253,-1.8045112781954886,0,-0.4,-0.4,-3.5999999999999996,-3.5999999999999996,-2.3999999999999995,-1.2000000000000002,0.0,-0.15870098039215685,-2.030637254901961,0.4674701456211826,0,0.5325298543788174,False,False,V4-B_future_leaky
2026-04-03,巨人,DeNA,1,3,東京ドーム,,https://handenomori.com/jpb/20260403/,2026,-2,0.0,4,1.0,-23.098762095676648,-0.01938439849624063,-0.2731437969924812,0,0.2,0.2,0.19999999999999996,0.19999999999999996,1.0,-0.7999999999999998,0.09999999999999998,0.08081632653061227,0.1404081632653061,0.6000026643175184,1,0.6000026643175184,False,False,V4-B_future_leaky
2026-04-03,広島,阪神,2,4,マツダスタジアム,,https://handenomori.com/jpb/20260403/,2026,-2,0.0,4,1.0,-176.47056510024527,-0.18358570563294974,-1.3864324651726228,0,-0.30000000000000004,-0.30000000000000004,-2.8,-2.8,-2.8499999999999996,0.04999999999999982,-0.3,-0.15241758241758235,-1.2903296703296703,0.5299940893101561,0,0.5299940893101561,False,True,V4-B_future_leaky
2026-04-03,日本ハム,オリックス,12,3,エスコンF,,https://handenomori.com/jpb/20260403/,2026,9,1.0,4,1.0,-21.031748153655144,0.0513505987190197,1.0754107490949596,0,-0.4,-0.4,-1.2000000000000002,-1.2000000000000002,0.20000000000000018,-1.4,0.0,0.03780663780663773,0.8331890331890333,0.578211131958234,1,0.578211131958234,False,True,V4-B_future_leaky
2026-04-03,西武,楽天,3,6,メットライフドーム,,https://handenomori.com/jpb/20260403/,2026,-3,0.0,4,1.0,-9.323001003944228,-0.0034745955798587413,0.23781043517885625,0,0.2,0.2,0.0,0.0,0.0,0.0,0.0,0.18224489795918364,1.1373469387755102,0.6822010580417944,1,0.6822010580417944,True,False,V4-B_future_leaky
2026-04-04,ヤクルト,中日,11,6,神宮野球場,,https://handenomori.com/jpb/20260404/,2026,5,1.0,4,1.0,75.25328340416718,-0.02096546863988724,-0.39904862579281186,0,0.4,0.46666666666666673,2.6,2.6666666666666665,2.166666666666667,0.5,-0.09999999999999998,0.03195415695415693,-0.6652097902097902,0.5344135301844859,0,0.5344135301844859,False,False,V4-B_future_leaky
2026-04-04,ロッテ,ソフトバンク,2,5,ZOZOマリンスタジアム,,https://handenomori.com/jpb/20260404/,2026,-3,0.0,4,1.0,-126.37791522329803,-0.20300751879699253,-1.8045112781954886,0,-0.19999999999999996,-0.16666666666666663,-5.0,-2.6666666666666665,-1.8333333333333335,-0.8333333333333335,0.0,-0.15870098039215685,-2.030637254901961,0.43694373430773054,0,0.5630562656922695,False,True,V4-B_future_leaky
2026-04-04,巨人,DeNA,8,4,東京ドーム,,https://handenomori.com/jpb/20260404/,2026,4,1.0,4,1.0,-43.783584590807095,-0.01938439849624063,-0.2731437969924812,0,0.0,0.0,-0.8,-0.5000000000000001,0.5,-0.9999999999999996,0.0,0.08081632653061227,0.1404081632653061,0.6034245433358202,1,0.6034245433358202,False,True,V4-B_future_leaky
2026-04-04,広島,阪神,5,7,マツダスタジアム,,https://handenomori.com/jpb/20260404/,2026,-2,0.0,4,1.0,-188.74896710761845,-0.18358570563294974,-1.3864324651726228,0,-0.4,-0.43333333333333335,-3.0,-3.033333333333333,-2.7,-0.3333333333333335,-0.3,-0.15241758241758235,-1.2903296703296703,0.539745019931073,0,0.539745019931073,False,True,V4-B_future_leaky
2026-04-04,日本ハム,オリックス,6,3,エスコンF,,https://handenomori.com/jpb/20260404/,2026,3,1.0,4,1.0,-1.835392421973438,0.0513505987190197,1.0754107490949596,0,0.0,-0.16666666666666663,4.0,2.0,1.666666666666666,0.3333333333333335,0.09999999999999998,0.03780663780663773,0.8331890331890333,0.5751883856473782,1,0.5751883856473782,False,True,V4-B_future_leaky
2026-04-04,西武,楽天,1,2,メットライフドーム,,https://handenomori.com/jpb/20260404/,2026,-1,0.0,4,1.0,-30.798402717594854,-0.0034745955798587413,0.23781043517885625,0,0.0,0.0,-0.19999999999999996,-0.9999999999999998,-0.5,-0.5,0.0,0.18224489795918364,1.1373469387755102,0.6800110656237374,1,0.6800110656237374,True,False,V4-B_future_leaky
2026-04-05,ヤクルト,中日,7,5,神宮野球場,,https://handenomori.com/jpb/20260405/,2026,2,1.0,4,1.0,89.11138861023528,-0.02096546863988724,-0.39904862579281186,0,0.4,0.5476190476190477,3.8,3.7857142857142856,2.7380952380952386,1.047619047619048,-0.09999999999999998,0.03195415695415693,-0.6652097902097902,0.5391067670125664,0,0.5391067670125664,False,False,V4-B_future_leaky
2026-04-05,ロッテ,ソフトバンク,3,4,ZOZOマリンスタジアム,,https://handenomori.com/jpb/20260405/,2026,-1,0.0,4,1.0,-141.23580082272042,-0.20300751879699253,-1.8045112781954886,0,-0.19999999999999996,-0.28571428571428575,-4.6,-3.142857142857143,-2.0,-1.1428571428571432,0.0,-0.15870098039215685,-2.030637254901961,0.4644184095450287,0,0.5355815904549712,False,True,V4-B_future_leaky
2026-04-05,巨人,DeNA,3,2,東京ドーム,,https://handenomori.com/jpb/20260405/,2026,1,1.0,4,1.0,-23.278068510935555,-0.01938439849624063,-0.2731437969924812,0,0.19999999999999996,0.14285714285714285,1.6,0.7142857142857142,1.0,-0.2857142857142856,0.0,0.08081632653061227,0.1404081632653061,0.6024688117445192,1,0.6024688117445192,False,True,V4-B_future_leaky
2026-04-05,広島,阪神,2,1,マツダスタジアム,,https://handenomori.com/jpb/20260405/,2026,1,1.0,4,1.0,-200.43426101558157,-0.18358570563294974,-1.3864324651726228,0,-0.6000000000000001,-0.5238095238095237,-2.8,-3.1904761904761907,-2.5238095238095233,-0.6666666666666665,-0.3,-0.15241758241758235,-1.2903296703296703,0.5585791260514503,1,0.5585791260514503,False,True,V4-B_future_leaky
2026-04-05,日本ハム,オリックス,8,2,エスコンF,,https://handenomori.com/jpb/20260405/,2026,6,1.0,4,1.0,16.261276676785428,0.0513505987190197,1.0754107490949596,0,0.4,0.0,6.2,2.5714285714285716,1.8571428571428568,0.714285714285714,0.09999999999999998,0.03780663780663773,0.8331890331890333,0.5313752672131276,0,0.5313752672131276,False,False,V4-B_future_leaky
2026-04-07,DeNA,中日,5,3,横浜スタジアム,,https://handenomori.com/jpb/20260407/,2026,2,1.0,4,1.0,86.7602143082895,0.08380681818181818,0.7580492424242424,0,0.0,0.0,1.0,0.25,0.0,0.25,0.19999999999999996,0.026491365777080056,-0.04925431711145997,0.44931728218159045,0,0.5506827178184095,False,False,V4-B_future_leaky
2026-04-07,オリックス,ロッテ,3,1,京セラドーム大阪,,https://handenomori.com/jpb/20260407/,2026,2,1.0,4,1.0,58.9893795997898,0.1127819548872181,0.5714285714285714,0,0.0,0.125,-0.6000000000000001,0.5,1.125,-0.625,0.0,0.03630050505050508,0.10669191919191923,0.49501077143318184,0,0.5049892285668182,False,False,V4-B_future_leaky
2026-04-07,ソフトバンク,西武,6,8,PayPayドーム,,https://handenomori.com/jpb/20260407/,2026,-2,0.0,4,1.0,195.10105330679585,0.1654135338345865,1.5338345864661653,-1,0.39999999999999997,0.4642857142857143,3.4,4.303571428571429,2.5892857142857144,1.7142857142857144,0.4,0.0574509803921569,1.2398039215686274,0.4702380010643399,0,0.5297619989356601,False,True,V4-B_future_leaky
2026-04-07,広島,巨人,5,2,マツダスタジアム,,https://handenomori.com/jpb/20260407/,2026,3,1.0,4,1.0,-86.88941785874727,-0.05777906304222091,-0.3001735106998265,0,-0.39999999999999997,-0.07142857142857145,-2.4,-0.75,-1.4642857142857144,0.7142857142857144,0.0,-0.12241758241758244,-0.7903296703296703,0.527697235044367,0,0.527697235044367,False,False,V4-B_future_leaky
2026-04-07,楽天,日本ハム,3,0,楽天モバイル,,https://handenomori.com/jpb/20260407/,2026,3,1.0,4,1.0,-81.07774801407186,-0.12306397306397304,-1.6139730639730638,1,-0.20000000000000007,-0.19642857142857145,-4.800000000000001,-4.410714285714286,-3.642857142857143,-0.7678571428571432,-0.09999999999999998,-0.1551020408163265,-1.2863945578231293,0.3841288230325575,0,0.6158711769674425,False,False,V4-B_future_leaky
2026-04-07,阪神,ヤクルト,9,3,甲子園球場,,https://handenomori.com/jpb/20260407/,2026,6,1.0,4,1.0,65.2331406997082,0.2111945309161936,1.9702130256973693,0,-0.20000000000000007,-0.1071428571428571,-2.1999999999999997,-0.9285714285714284,-1.0535714285714288,0.125,0.19999999999999996,0.10535353535353531,1.2563636363636363,0.5811256159499008,1,0.5811256159499008,False,True,V4-B_future_leaky
2026-04-08,DeNA,中日,4,6,横浜スタジアム,,https://handenomori.com/jpb/20260408/,2026,-2,0.0,4,1.0,100.02465083468087,0.08380681818181818,0.7580492424242424,0,0.0,0.1111111111111111,0.9999999999999999,0.6666666666666666,0.22222222222222232,0.44444444444444464,0.30000000000000004,0.026491365777080056,-0.04925431711145997,0.4431630742155222,0,0.5568369257844779,False,True,V4-B_future_leaky
2026-04-08,オリックス,ロッテ,9,1,京セラドーム大阪,,https://handenomori.com/jpb/20260408/,2026,8,1.0,4,1.0,73.70714782524396,0.1127819548872181,0.5714285714285714,0,0.2,0.22222222222222227,-0.19999999999999973,0.8888888888888891,1.2222222222222223,-0.33333333333333304,0.09999999999999998,0.03630050505050508,0.10669191919191923,0.4889759236019788,0,0.5110240763980212,False,False,V4-B_future_leaky
2026-04-08,ソフトバンク,西武,1,2,PayPayドーム,,https://handenomori.com/jpb/20260408/,2026,-1,0.0,4,1.0,163.50342444047578,0.1654135338345865,1.5338345864661653,0,0.2,0.29166666666666663,2.0,3.3194444444444446,2.0,1.3194444444444446,0.4,0.0574509803921569,1.2398039215686274,0.485071699969295,0,0.514928300030705,False,True,V4-B_future_leaky
2026-04-08,広島,巨人,1,2,マツダスタジアム,,https://handenomori.com/jpb/20260408/,2026,-1,0.0,4,1.0,-63.924435136001875,-0.05777906304222091,-0.3001735106998265,0,0.0,0.05555555555555558,0.0,0.05555555555555558,-0.9305555555555554,0.9861111111111107,0.09999999999999998,-0.12241758241758244,-0.7903296703296703,0.4963530765378239,0,0.5036469234621761,False,True,V4-B_future_leaky
2026-04-08,楽天,日本ハム,0,1,楽天モバイル,,https://handenomori.com/jpb/20260408/,2026,-1,0.0,4,1.0,-58.44074203111404,-0.12306397306397304,-1.6139730639730638,0,0.0,-0.05555555555555558,-3.6,-3.1944444444444446,-2.9027777777777777,-0.2916666666666665,0.0,-0.1551020408163265,-1.2863945578231293,0.36425187437824624,0,0.6357481256217538,False,True,V4-B_future_leaky
2026-04-08,阪神,ヤクルト,2,3,甲子園球場,,https://handenomori.com/jpb/20260408/,2026,-1,0.0,4,1.0,79.61817553311221,0.2111945309161936,1.9702130256973693,0,0.20000000000000007,0.02777777777777779,1.8,0.625,-0.23611111111111072,0.8611111111111112,0.19999999999999996,0.10535353535353531,1.2563636363636363,0.5716331389527741,1,0.5716331389527741,False,False,V4-B_future_leaky
2026-04-09,ソフトバンク,西武,2,0,PayPayドーム,,https://handenomori.com/jpb/20260409/,2026,2,1.0,4,1.0,133.17658828334493,0.1654135338345865,1.5338345864661653,0,0.0,0.15555555555555556,1.0,2.7555555555555555,1.7111111111111108,1.0444444444444447,0.30000000000000004,0.0574509803921569,1.2398039215686274,0.4986950591434913,0,0.5013049408565087,False,False,V4-B_future_leaky
2026-04-09,楽天,日本ハム,2,4,楽天モバイル,,https://handenomori.com/jpb/20260409/,2026,-2,0.0,4,1.0,-77.09342811778151,-0.12306397306397304,-1.6139730639730638,0,0.0,-0.15555555555555556,-1.8000000000000003,-3.0777777777777775,-2.7444444444444445,-0.3333333333333335,0.0,-0.1551020408163265,-1.2863945578231293,0.38592689380201944,0,0.6140731061979805,False,True,V4-B_future_leaky
2026-04-09,阪神,ヤクルト,2,0,甲子園球場,,https://handenomori.com/jpb/20260409/,2026,2,1.0,4,1.0,53.249599771725116,0.2111945309161936,1.9702130256973693,0,0.0,-0.07777777777777783,1.4000000000000001,0.3666666666666667,-0.28888888888888964,0.6555555555555554,0.09999999999999998,0.10535353535353531,1.2563636363636363,0.6011471907278478,1,0.6011471907278478,False,True,V4-B_future_leaky
2026-04-10,中日,阪神,3,5,ナゴヤドーム,,https://handenomori.com/jpb/20260410/,2026,-2,0.0,4,1.0,-161.9411138985622,-0.19022906227630637,-1.5711643999045575,1,-0.19999999999999996,-0.39999999999999997,-2.8,-2.8,-1.4999999999999996,-1.3000000000000003,0.0,-0.13730769230769224,-0.5911538461538461,0.5008324461501374,0,0.5008324461501374,False,True,V4-B_future_leaky
2026-04-10,巨人,ヤクルト,3,2,東京ドーム,,https://handenomori.com/jpb/20260410/,2026,1,1.0,4,1.0,-20.24010511655183,0.08538788832546479,0.883954071224573,1,0.0,-0.19999999999999996,0.2,-1.4,-1.0000000000000004,-0.3999999999999999,0.09999999999999998,0.0753535353535354,0.7563636363636363,0.6312191324276163,1,0.6312191324276163,False,True,V4-B_future_leaky
2026-04-10,西武,ロッテ,3,6,県営大宮,,https://handenomori.com/jpb/20260410/,2026,-3,0.0,4,1.0,-0.011605085528799464,0.03759398496240601,0.2706766917293233,-1,0.2,0.10000000000000003,2.0,0.2999999999999998,0.0,0.2999999999999998,0.0,0.10124999999999995,0.7908333333333334,0.6196856003966106,1,0.6196856003966106,False,False,V4-B_future_leaky
2026-04-11,DeNA,広島,4,3,横浜スタジアム,,https://handenomori.com/jpb/20260411/,2026,1,1.0,4,1.0,81.45932733624636,0.07716346153846154,0.5733173076923077,0,0.0,-0.14444444444444443,-0.39999999999999997,-0.34444444444444444,0.6555555555555554,-1.0,0.0,0.04160125588697017,0.6499215070643641,0.4552445627895779,0,0.5447554372104221,False,False,V4-B_future_leaky
2026-04-11,中日,阪神,3,9,ナゴヤドーム,,https://handenomori.com/jpb/20260411/,2026,-6,0.0,4,1.0,-174.94248035392388,-0.19022906227630637,-1.5711643999045575,0,-0.39999999999999997,-0.39999999999999997,-3.4000000000000004,-2.5,-0.6000000000000001,-1.9,-0.09999999999999998,-0.13730769230769224,-0.5911538461538461,0.5295844548254275,0,0.5295844548254275,False,True,V4-B_future_leaky
2026-04-11,巨人,ヤクルト,2,3,東京ドーム,,https://handenomori.com/jpb/20260411/,2026,-1,0.0,4,1.0,-1.0892421985683995,0.08538788832546479,0.883954071224573,0,0.4,0.0,2.0,-0.7,-0.39999999999999947,-0.2999999999999998,0.09999999999999998,0.0753535353535354,0.7563636363636363,0.6025974140207038,1,0.6025974140207038,False,False,V4-B_future_leaky
2026-04-11,日本ハム,ソフトバンク,3,6,エスコンF,,https://handenomori.com/jpb/20260411/,2026,-3,0.0,4,1.0,-30.723809859362746,-0.03887496519075473,-0.15767195767195763,0,0.20000000000000007,0.09999999999999998,1.2000000000000002,1.5000000000000002,1.0999999999999996,0.3999999999999999,0.0,-0.08459383753501404,-1.0907563025210083,0.47340027308691274,0,0.5265997269130873,False,True,V4-B_future_leaky
2026-04-11,楽天,オリックス,11,4,楽天モバイル,,https://handenomori.com/jpb/20260411/,2026,7,1.0,4,1.0,-68.87656383277226,-0.07171337434495334,-0.5385623148781044,-1,0.19999999999999996,-0.19999999999999996,2.4000000000000004,-1.4,-2.0,0.6000000000000001,-0.2,-0.11729540300968877,-0.453205524634096,0.418198089111475,0,0.5818019108885251,False,False,V4-B_future_leaky
2026-04-11,西武,ロッテ,5,2,メットライフドーム,,https://handenomori.com/jpb/20260411/,2026,3,1.0,4,1.0,-22.01891790483046,0.03759398496240601,0.2706766917293233,0,0.2,0.10000000000000003,1.6,1.9000000000000001,0.7999999999999998,1.0999999999999996,-0.09999999999999998,0.10124999999999995,0.7908333333333334,0.6692889114625991,1,0.6692889114625991,True,True,V4-B_future_leaky
2026-04-12,DeNA,広島,6,5,横浜スタジアム,,https://handenomori.com/jpb/20260412/,2026,1,1.0,4,1.0,94.99567425621512,0.07716346153846154,0.5733173076923077,0,0.0,0.0,-0.8,0.09999999999999998,0.7999999999999998,-0.6999999999999997,0.09999999999999998,0.04160125588697017,0.6499215070643641,0.4551123752247845,0,0.5448876247752155,False,False,V4-B_future_leaky
2026-04-12,中日,阪神,0,3,ナゴヤドーム,,https://handenomori.com/jpb/20260412/,2026,-3,0.0,4,1.0,-187.29586116926316,-0.19022906227630637,-1.5711643999045575,0,-0.6000000000000001,-0.39999999999999997,-5.0,-3.3,-0.8000000000000003,-2.5,-0.09999999999999998,-0.13730769230769224,-0.5911538461538461,0.5484786265127167,1,0.5484786265127167,False,False,V4-B_future_leaky
2026-04-12,巨人,ヤクルト,0,2,東京ドーム,,https://handenomori.com/jpb/20260412/,2026,-2,0.0,4,1.0,-23.035127195889118,0.08538788832546479,0.883954071224573,0,0.19999999999999996,0.0,1.2,-0.09999999999999998,-0.6000000000000001,0.5,0.09999999999999998,0.0753535353535354,0.7563636363636363,0.6307795997174143,1,0.6307795997174143,False,False,V4-B_future_leaky
2026-04-12,日本ハム,ソフトバンク,7,11,エスコンF,,https://handenomori.com/jpb/20260412/,2026,-4,0.0,4,1.0,-50.969954722339935,-0.03887496519075473,-0.15767195767195763,0,0.0,0.09999999999999998,0.0,1.6999999999999997,1.2000000000000002,0.5,0.0,-0.08459383753501404,-1.0907563025210083,0.4939509157542298,0,0.5060490842457702,False,True,V4-B_future_leaky
2026-04-12,楽天,オリックス,4,0,楽天モバイル,,https://handenomori.com/jpb/20260412/,2026,4,1.0,4,1.0,-46.93262858431626,-0.07171337434495334,-0.5385623148781044,0,0.19999999999999996,0.0,2.8,1.2000000000000002,-0.6999999999999997,1.8999999999999995,-0.2,-0.11729540300968877,-0.453205524634096,0.40696418216823577,0,0.5930358178317643,False,False,V4-B_future_leaky
2026-04-12,西武,ロッテ,2,1,メットライフドーム,,https://handenomori.com/jpb/20260412/,2026,1,1.0,4,1.0,-2.7658215408744127,0.03759398496240601,0.2706766917293233,0,0.39999999999999997,0.10000000000000003,2.4000000000000004,1.7000000000000002,0.7000000000000002,1.0000000000000004,0.0,0.10124999999999995,0.7908333333333334,0.6373117529422524,1,0.6373117529422524,False,True,V4-B_future_leaky
2026-04-14,オリックス,西武,5,1,京セラドーム大阪,,https://handenomori.com/jpb/20260414/,2026,4,1.0,4,1.0,58.64452532341602,0.07518796992481208,0.3007518796992481,0,-0.19999999999999996,0.0,-1.4,-0.30000000000000004,1.0999999999999996,-1.3999999999999995,0.19999999999999996,-0.06494949494949487,-0.6841414141414142,0.4094305011025307,0,0.5905694988974692,False,False,V4-B_future_leaky
2026-04-14,ソフトバンク,楽天,2,3,PayPayドーム,,https://handenomori.com/jpb/20260414/,2026,-1,0.0,4,1.0,123.75439434229042,0.16193893825472777,1.7716450216450217,0,0.0,0.0,-1.0000000000000002,0.4,1.1,-0.6999999999999997,0.30000000000000004,0.23969587835134054,2.3771508603441376,0.5693364208295216,1,0.5693364208295216,False,False,V4-B_future_leaky
2026-04-14,ヤクルト,DeNA,5,3,松山,,https://handenomori.com/jpb/20260414/,2026,2,1.0,4,1.0,19.59383262662209,-0.10477228682170542,-1.1570978682170543,0,0.0,0.09999999999999998,0.0,0.4,-0.30000000000000027,0.6999999999999997,0.0,0.0054627911770768756,-0.6159554730983302,0.4303377080406095,0,0.5696622919593906,False,False,V4-B_future_leaky
2026-04-14,ロッテ,日本ハム,1,5,ZOZOマリンスタジアム,,https://handenomori.com/jpb/20260414/,2026,-4,0.0,4,1.0,-101.48555701805071,-0.1641325536062378,-1.646839320523531,0,-0.2,-0.3,-0.8000000000000003,-3.3,-2.6,-0.7000000000000002,-0.09999999999999998,-0.07410714285714282,-0.9398809523809524,0.5099999231043768,0,0.5099999231043768,False,True,V4-B_future_leaky
2026-04-14,中日,広島,6,2,豊橋,,https://handenomori.com/jpb/20260414/,2026,4,1.0,4,1.0,3.475553349853044,-0.006643356643356635,-0.18473193473193472,0,-0.2,0.0,-2.4000000000000004,-0.8999999999999999,0.6000000000000001,-1.4999999999999996,-0.2,0.015109890109890112,0.6991758241758241,0.6045708060998229,1,0.6045708060998229,False,True,V4-B_future_leaky
2026-04-14,阪神,巨人,3,4,甲子園球場,,https://handenomori.com/jpb/20260414/,2026,-1,0.0,4,1.0,118.81257999179775,0.12580664259072882,1.0862589544727963,0,0.4,0.30000000000000004,3.2,2.3000000000000003,1.7999999999999998,0.5,0.19999999999999996,0.029999999999999916,0.5,0.45673397713949054,0,0.5432660228605095,False,True,V4-B_future_leaky
2026-04-15,オリックス,西武,3,1,京セラドーム大阪,,https://handenomori.com/jpb/20260415/,2026,2,1.0,4,1.0,73.3807650594049,0.07518796992481208,0.3007518796992481,0,0.19999999999999996,0.09999999999999998,1.6,0.30000000000000004,1.2000000000000002,-0.9000000000000004,0.19999999999999996,-0.06494949494949487,-0.6841414141414142,0.40487745399269126,0,0.5951225460073087,False,False,V4-B_future_leaky
2026-04-15,ソフトバンク,楽天,2,3,PayPayドーム,,https://handenomori.com/jpb/20260415/,2026,-1,0.0,4,1.0,95.20278812905303,0.16193893825472777,1.7716450216450217,0,0.0,-0.19999999999999996,-0.40000000000000013,-0.5,0.5999999999999996,-1.1,0.19999999999999996,0.23969587835134054,2.3771508603441376,0.6054250097727731,1,0.6054250097727731,False,False,V4-B_future_leaky
2026-04-15,ロッテ,日本ハム,9,7,ZOZOマリンスタジアム,,https://handenomori.com/jpb/20260415/,2026,2,1.0,4,1.0,-117.7043826492154,-0.1641325536062378,-1.646839320523531,0,-0.39999999999999997,-0.49999999999999994,-2.6,-4.5,-3.1999999999999997,-1.2999999999999998,-0.2,-0.07410714285714282,-0.9398809523809524,0.49595759759814984,0,0.5040424024018502,False,False,V4-B_future_leaky
2026-04-15,中日,広島,2,5,ナゴヤドーム,,https://handenomori.com/jpb/20260415/,2026,-3,0.0,4,1.0,21.26973226492214,-0.006643356643356635,-0.18473193473193472,0,0.2,0.2,-0.19999999999999996,0.10000000000000009,0.6000000000000001,-0.5,-0.09999999999999998,0.015109890109890112,0.6991758241758241,0.573559171522615,1,0.573559171522615,False,False,V4-B_future_leaky
2026-04-16,オリックス,西武,7,1,京セラドーム大阪,,https://handenomori.com/jpb/20260416/,2026,6,1.0,4,1.0,87.33665653713888,0.07518796992481208,0.3007518796992481,0,0.19999999999999996,0.09999999999999998,1.6,-0.09999999999999998,1.2999999999999998,-1.4,0.19999999999999996,-0.06494949494949487,-0.6841414141414142,0.38382023364835516,0,0.6161797663516448,False,False,V4-B_future_leaky
2026-04-16,ソフトバンク,楽天,6,0,北九州,,https://handenomori.com/jpb/20260416/,2026,6,1.0,4,1.0,68.03993309368457,0.16193893825472777,1.7716450216450217,0,-0.20000000000000007,-0.30000000000000004,-0.8000000000000003,-1.1,0.19999999999999973,-1.2999999999999998,0.09999999999999998,0.23969587835134054,2.3771508603441376,0.6527514792178821,1,0.6527514792178821,True,True,V4-B_future_leaky
2026-04-16,ヤクルト,DeNA,2,0,神宮野球場,,https://handenomori.com/jpb/20260416/,2026,2,1.0,4,1.0,36.47677131460364,-0.10477228682170542,-1.1570978682170543,0,0.0,0.09999999999999998,0.4,0.4,-0.19999999999999973,0.6000000000000001,0.0,0.0054627911770768756,-0.6159554730983302,0.4585027170524431,0,0.5414972829475568,False,False,V4-B_future_leaky
2026-04-16,ロッテ,日本ハム,5,3,ZOZOマリンスタジアム,,https://handenomori.com/jpb/20260416/,2026,2,1.0,4,1.0,-93.03146634422319,-0.1641325536062378,-1.646839320523531,0,0.0,-0.3,0.0,-2.9000000000000004,-2.4,-0.5,-0.09999999999999998,-0.07410714285714282,-0.9398809523809524,0.49146154847242646,0,0.5085384515275735,False,False,V4-B_future_leaky
2026-04-16,阪神,巨人,3,4,甲子園球場,,https://handenomori.com/jpb/20260416/,2026,-1,0.0,4,1.0,90.49484517763881,0.12580664259072882,1.0862589544727963,0,0.20000000000000007,0.19999999999999996,2.4,2.1,1.9,0.20000000000000018,0.09999999999999998,0.029999999999999916,0.5,0.47469712022425387,0,0.5253028797757462,False,True,V4-B_future_leaky
2026-04-17,ソフトバンク,オリックス,4,13,PayPayドーム,,https://handenomori.com/jpb/20260417/,2026,-9,0.0,4,1.0,55.805848927664556,0.09022556390977443,1.2330827067669172,0,0.0,0.09999999999999998,2.0,2.0999999999999996,0.6000000000000001,1.4999999999999996,0.09999999999999998,0.12240047534165177,1.9239453357100416,0.6267397882319555,1,0.6267397882319555,False,False,V4-B_future_leaky
2026-04-17,ヤクルト,巨人,2,8,神宮野球場,,https://handenomori.com/jpb/20260417/,2026,-6,0.0,4,1.0,32.51475001173276,-0.08538788832546479,-0.883954071224573,0,0.20000000000000007,0.09999999999999998,1.2,0.5,0.8999999999999999,-0.40000000000000036,0.0,-0.0753535353535354,-0.7563636363636363,0.4300991777204892,0,0.5699008222795108,False,True,V4-B_future_leaky
2026-04-17,広島,DeNA,1,5,マツダスタジアム,,https://handenomori.com/jpb/20260417/,2026,-4,0.0,4,1.0,-88.72200157302291,-0.07716346153846154,-0.5733173076923077,1,-0.2,-0.10000000000000003,0.0,0.09999999999999998,-0.2999999999999998,0.3999999999999999,-0.09999999999999998,-0.04160125588697017,-0.6499215070643641,0.5819657660821554,1,0.5819657660821554,False,False,V4-B_future_leaky
2026-04-17,日本ハム,西武,3,5,エスコンF,,https://handenomori.com/jpb/20260417/,2026,-2,0.0,4,1.0,91.18323994524553,0.12653856864383178,1.3761626287942077,0,-0.2,0.09999999999999998,0.20000000000000018,1.3,2.0000000000000004,-0.7000000000000002,0.09999999999999998,-0.027142857142857135,0.14904761904761904,0.45186586503996,0,0.5481341349600399,False,True,V4-B_future_leaky
2026-04-17,楽天,ロッテ,1,0,楽天モバイル,,https://handenomori.com/jpb/20260417/,2026,1,1.0,4,1.0,52.6394575308816,0.041068580542264754,0.03286625655046704,0,0.4,0.39999999999999997,2.2,2.6,0.2999999999999998,2.3,0.09999999999999998,-0.08099489795918369,-0.3465136054421768,0.39022354004221615,0,0.6097764599577838,False,False,V4-B_future_leaky
2026-04-17,阪神,中日,2,1,甲子園球場,,https://handenomori.com/jpb/20260417/,2026,1,1.0,4,1.0,174.1373340283335,0.19022906227630637,1.5711643999045575,-1,0.39999999999999997,0.3,3.8,3.3,0.9000000000000004,2.3999999999999995,0.19999999999999996,0.13730769230769224,0.5911538461538461,0.5407814890105024,1,0.5407814890105024,False,True,V4-B_future_leaky
2026-04-18,ソフトバンク,オリックス,7,0,PayPayドーム,,https://handenomori.com/jpb/20260418/,2026,7,1.0,4,1.0,30.694501471985404,0.09022556390977443,1.2330827067669172,0,-0.4,-0.09999999999999998,-3.6,-0.9000000000000001,-0.5,-0.40000000000000036,0.0,0.12240047534165177,1.9239453357100416,0.6395123843405411,1,0.6395123843405411,False,True,V4-B_future_leaky
2026-04-18,ヤクルト,巨人,4,3,神宮野球場,,https://handenomori.com/jpb/20260418/,2026,1,1.0,4,1.0,8.676480284269928,-0.08538788832546479,-0.883954071224573,0,0.20000000000000007,-0.09999999999999998,-0.8,-1.4,-0.7000000000000002,-0.6999999999999997,-0.09999999999999998,-0.0753535353535354,-0.7563636363636363,0.4505652084655676,0,0.5494347915344324,False,False,V4-B_future_leaky
2026-04-18,広島,DeNA,2,7,マツダスタジアム,,https://handenomori.com/jpb/20260418/,2026,-5,0.0,4,1.0,-105.6539269037446,-0.07716346153846154,-0.5733173076923077,0,-0.39999999999999997,-0.2,-1.7999999999999998,-0.7000000000000001,-0.5,-0.19999999999999973,-0.2,-0.04160125588697017,-0.6499215070643641,0.5856491596445942,1,0.5856491596445942,False,False,V4-B_future_leaky
2026-04-18,日本ハム,西武,5,3,エスコンF,,https://handenomori.com/jpb/20260418/,2026,2,1.0,4,1.0,64.22292012876323,0.12653856864383178,1.3761626287942077,0,-0.2,-0.09999999999999998,0.6000000000000001,0.5,1.2999999999999998,-0.8000000000000003,0.0,-0.027142857142857135,0.14904761904761904,0.4650593411527436,0,0.5349406588472564,False,False,V4-B_future_leaky
2026-04-18,楽天,ロッテ,9,1,楽天モバイル,,https://handenomori.com/jpb/20260418/,2026,8,1.0,4,1.0,67.69887016564121,0.041068580542264754,0.03286625655046704,0,0.4,0.39999999999999997,0.6000000000000001,2.2,0.0,2.2,0.09999999999999998,-0.08099489795918369,-0.3465136054421768,0.36427398187970217,0,0.6357260181202978,False,False,V4-B_future_leaky
2026-04-18,阪神,中日,4,3,甲子園球場,,https://handenomori.com/jpb/20260418/,2026,1,1.0,4,1.0,183.36868221870282,0.19022906227630637,1.5711643999045575,0,0.39999999999999997,0.39999999999999997,3.4000000000000004,3.4000000000000004,0.3999999999999999,3.0,0.19999999999999996,0.13730769230769224,0.5911538461538461,0.5327633254932282,0,0.5327633254932282,False,False,V4-B_future_leaky
2026-04-19,ソフトバンク,オリックス,1,2,PayPayドーム,,https://handenomori.com/jpb/20260419/,2026,-1,0.0,4,1.0,46.95725512251374,0.09022556390977443,1.2330827067669172,0,-0.4,-0.09999999999999998,-2.4,0.10000000000000009,0.10000000000000053,0.0,0.0,0.12240047534165177,1.9239453357100416,0.6222878287348532,1,0.6222878287348532,False,False,V4-B_future_leaky
2026-04-19,ヤクルト,巨人,3,1,神宮野球場,,https://handenomori.com/jpb/20260419/,2026,2,1.0,4,1.0,26.17542107670988,-0.08538788832546479,-0.883954071224573,0,0.20000000000000007,0.0,-0.8,-1.0,-0.5,-0.5,0.0,-0.0753535353535354,-0.7563636363636363,0.4404509358121819,0,0.559549064187818,False,False,V4-B_future_leaky
2026-04-19,広島,DeNA,0,2,マツダスタジアム,,https://handenomori.com/jpb/20260419/,2026,-2,0.0,4,1.0,-121.64191315437779,-0.07716346153846154,-0.5733173076923077,0,-0.39999999999999997,-0.2,-3.4000000000000004,-1.3,-0.8999999999999999,-0.40000000000000036,-0.2,-0.04160125588697017,-0.6499215070643641,0.5872478233474977,1,0.5872478233474977,False,False,V4-B_future_leaky
2026-04-19,日本ハム,西武,3,15,エスコンF,,https://handenomori.com/jpb/20260419/,2026,-12,0.0,4,1.0,78.66156795398183,0.12653856864383178,1.3761626287942077,0,0.2,0.0,2.4,0.5,1.5,-1.0,0.0,-0.027142857142857135,0.14904761904761904,0.43613040578363443,0,0.5638695942163656,False,True,V4-B_future_leaky
2026-04-19,楽天,ロッテ,5,8,楽天モバイル,,https://handenomori.com/jpb/20260419/,2026,-3,0.0,4,1.0,81.9534159424627,0.041068580542264754,0.03286625655046704,0,0.4,0.39999999999999997,2.8,3.6,0.8999999999999999,2.7,0.09999999999999998,-0.08099489795918369,-0.3465136054421768,0.3600677406825841,0,0.6399322593174159,False,True,V4-B_future_leaky
2026-04-19,阪神,中日,7,5,甲子園球場,,https://handenomori.com/jpb/20260419/,2026,2,1.0,4,1.0,192.22809746612984,0.19022906227630637,1.5711643999045575,0,0.39999999999999997,0.49999999999999994,1.4,3.2,1.0,2.1999999999999997,0.30000000000000004,0.13730769230769224,0.5911538461538461,0.5021843304753412,0,0.5021843304753412,False,False,V4-B_future_leaky
2026-04-21,DeNA,阪神,16,9,横浜スタジアム,,https://handenomori.com/jpb/20260421/,2026,7,1.0,4,1.0,-72.75902005654189,-0.1064222440944882,-0.813115157480315,0,0.0,-0.09999999999999998,0.9999999999999999,-0.5999999999999999,-0.20000000000000018,-0.3999999999999999,0.0,-0.11081632653061219,-0.6404081632653061,0.3777701245466811,0,0.6222298754533189,False,False,V4-B_future_leaky
2026-04-21,ロッテ,オリックス,7,4,ZOZOマリンスタジアム,,https://handenomori.com/jpb/20260421/,2026,3,1.0,4,1.0,-97.26291721266944,-0.1127819548872181,-0.5714285714285714,0,-0.20000000000000007,-0.29999999999999993,-2.6,-2.9,-1.1999999999999997,-1.7000000000000002,-0.09999999999999998,-0.03630050505050508,-0.10669191919191923,0.5571731294570479,1,0.5571731294570479,False,True,V4-B_future_leaky
2026-04-21,巨人,中日,2,1,長野,,https://handenomori.com/jpb/20260421/,2026,1,1.0,4,1.0,118.78213310927981,0.06442241968557755,0.48490544543176123,0,0.39999999999999997,0.3,1.6,1.5,-0.30000000000000027,1.7999999999999998,0.19999999999999996,0.10730769230769233,0.09115384615384614,0.552378790892088,1,0.552378790892088,False,True,V4-B_future_leaky
2026-04-21,広島,ヤクルト,2,1,マツダスタジアム,,https://handenomori.com/jpb/20260421/,2026,1,1.0,4,1.0,-170.24549983168436,0.027608825283243876,0.5837805605247466,0,-0.6000000000000001,-0.39999999999999997,-2.6,-1.3,0.0,-1.3000000000000003,-0.4,-0.04706404706404704,-0.033966033966033926,0.6840288152947462,1,0.6840288152947462,True,True,V4-B_future_leaky
2026-04-21,日本ハム,楽天,3,1,エスコンF,,https://handenomori.com/jpb/20260421/,2026,2,1.0,4,1.0,-3.750611853555256,0.12306397306397304,1.6139730639730638,0,-0.39999999999999997,-0.19999999999999996,-3.4000000000000004,-2.6,0.2999999999999998,-2.9000000000000004,0.0,0.1551020408163265,1.2863945578231293,0.6328405301257626,1,0.6328405301257626,False,True,V4-B_future_leaky
2026-04-21,西武,ソフトバンク,6,4,メットライフドーム,,https://handenomori.com/jpb/20260421/,2026,2,1.0,4,1.0,-120.21676395953614,-0.1654135338345865,-1.5338345864661653,0,0.0,-0.09999999999999998,0.4,-1.0,-0.6000000000000001,-0.40000000000000036,-0.3,-0.0574509803921569,-1.2398039215686274,0.5918202465149056,1,0.5918202465149056,False,True,V4-B_future_leaky
2026-04-22,DeNA,阪神,7,6,横浜スタジアム,,https://handenomori.com/jpb/20260422/,2026,1,1.0,4,1.0,-50.59395342279822,-0.1064222440944882,-0.813115157480315,0,0.20000000000000007,0.0,4.0,0.8,0.5,0.2999999999999998,0.09999999999999998,-0.11081632653061219,-0.6404081632653061,0.3758495090500624,0,0.6241504909499376,False,False,V4-B_future_leaky
2026-04-22,ロッテ,オリックス,1,4,ZOZOマリンスタジアム,,https://handenomori.com/jpb/20260422/,2026,-3,0.0,4,1.0,-73.71665747676298,-0.1127819548872181,-0.5714285714285714,0,0.0,-0.09999999999999998,-1.4,-1.3,-0.7000000000000002,-0.6000000000000005,0.0,-0.03630050505050508,-0.10669191919191923,0.5467233746603452,1,0.5467233746603452,False,False,V4-B_future_leaky
2026-04-22,巨人,中日,5,1,前橋,,https://handenomori.com/jpb/20260422/,2026,4,1.0,4,1.0,130.46584786760127,0.06442241968557755,0.48490544543176123,0,0.6,0.39999999999999997,2.6,1.8,-0.10000000000000009,1.9,0.19999999999999996,0.10730769230769233,0.09115384615384614,0.5552471622271488,1,0.5552471622271488,False,True,V4-B_future_leaky
2026-04-22,広島,ヤクルト,0,2,マツダスタジアム,,https://handenomori.com/jpb/20260422/,2026,-2,0.0,4,1.0,-142.83092248877847,0.027608825283243876,0.5837805605247466,0,-0.19999999999999996,-0.3,-0.9999999999999999,-1.1,0.20000000000000018,-1.3000000000000003,-0.3,-0.04706404706404704,-0.033966033966033926,0.6541095507948519,1,0.6541095507948519,True,False,V4-B_future_leaky
2026-04-22,日本ハム,楽天,5,4,エスコンF,,https://handenomori.com/jpb/20260422/,2026,1,1.0,4,1.0,14.455363885175302,0.12306397306397304,1.6139730639730638,0,0.0,-0.19999999999999996,-2.0,-2.4,0.3999999999999999,-2.8,0.0,0.1551020408163265,1.2863945578231293,0.6060699557966699,1,0.6060699557966699,False,True,V4-B_future_leaky
2026-04-22,西武,ソフトバンク,3,1,メットライフドーム,,https://handenomori.com/jpb/20260422/,2026,2,1.0,4,1.0,-95.40735144934865,-0.1654135338345865,-1.5338345864661653,0,0.19999999999999996,0.0,1.4000000000000001,-0.5,-0.2999999999999998,-0.19999999999999973,-0.2,-0.0574509803921569,-1.2398039215686274,0.571340718010303,1,0.571340718010303,False,True,V4-B_future_leaky
2026-04-23,広島,ヤクルト,0,2,マツダスタジアム,,https://handenomori.com/jpb/20260423/,2026,-2,0.0,4,1.0,-156.81558851654972,0.027608825283243876,0.5837805605247466,0,-0.39999999999999997,-0.49999999999999994,-2.0,-2.0,-0.5,-1.5,-0.3,-0.04706404706404704,-0.033966033966033926,0.6518828910860183,1,0.6518828910860183,True,False,V4-B_future_leaky
2026-04-23,日本ハム,楽天,2,3,エスコンF,,https://handenomori.com/jpb/20260423/,2026,-1,0.0,4,1.0,31.627557369857186,0.12306397306397304,1.6139730639730638,0,0.19999999999999996,-0.19999999999999996,-2.4,-2.6,0.3000000000000007,-2.9,0.0,0.1551020408163265,1.2863945578231293,0.5736726692135959,1,0.5736726692135959,False,False,V4-B_future_leaky
2026-04-23,西武,ソフトバンク,3,4,メットライフドーム,,https://handenomori.com/jpb/20260423/,2026,-1,0.0,4,1.0,-71.96464549337975,-0.1654135338345865,-1.5338345864661653,0,0.6000000000000001,0.19999999999999996,4.6,0.4,-0.20000000000000018,0.6000000000000001,-0.09999999999999998,-0.0574509803921569,-1.2398039215686274,0.5514925441583853,1,0.5514925441583853,False,False,V4-B_future_leaky
2026-04-24,DeNA,巨人,2,1,横浜スタジアム,,https://handenomori.com/jpb/20260424/,2026,1,1.0,4,1.0,19.321161290718692,0.01938439849624063,0.2731437969924812,0,0.4,0.09999999999999998,2.1999999999999997,0.7,2.2,-1.5,0.0,-0.08081632653061227,-0.1404081632653061,0.3574681763485174,0,0.6425318236514825,True,False,V4-B_future_leaky
2026-04-24,オリックス,日本ハム,3,2,京セラドーム大阪,,https://handenomori.com/jpb/20260424/,2026,1,1.0,4,1.0,36.871774101467736,-0.0513505987190197,-1.0754107490949596,1,0.0,0.19999999999999996,2.2,1.7999999999999998,-0.09999999999999964,1.9000000000000004,-0.09999999999999998,-0.03780663780663773,-0.8331890331890333,0.4509969841217785,0,0.5490030158782215,False,False,V4-B_future_leaky
2026-04-24,中日,ヤクルト,6,4,ナゴヤドーム,,https://handenomori.com/jpb/20260424/,2026,2,1.0,4,1.0,-172.79732276876007,0.02096546863988724,0.39904862579281186,1,-0.8,-0.7000000000000001,-3.0,-2.5999999999999996,-0.10000000000000009,-2.5000000000000004,0.0,-0.03195415695415693,0.6652097902097902,0.6644864386046256,1,0.6644864386046256,True,True,V4-B_future_leaky
2026-04-25,DeNA,巨人,2,7,横浜スタジアム,,https://handenomori.com/jpb/20260425/,2026,-5,0.0,4,1.0,36.21941680879877,0.01938439849624063,0.2731437969924812,0,0.6,0.30000000000000004,3.0,1.2000000000000002,2.2,-1.0,0.09999999999999998,-0.08081632653061227,-0.1404081632653061,0.367907149850795,0,0.632092850149205,False,True,V4-B_future_leaky
2026-04-25,オリックス,日本ハム,4,2,京セラドーム大阪,,https://handenomori.com/jpb/20260425/,2026,2,1.0,4,1.0,52.79252405147895,-0.0513505987190197,-1.0754107490949596,0,0.19999999999999996,0.29999999999999993,1.2000000000000002,2.3,0.2999999999999998,2.0000000000000004,0.0,-0.03780663780663773,-0.8331890331890333,0.4054738610020423,0,0.5945261389979577,False,False,V4-B_future_leaky
2026-04-25,ソフトバンク,ロッテ,0,5,熊本,,https://handenomori.com/jpb/20260425/,2026,-5,0.0,4,1.0,101.51905069460304,0.20300751879699253,1.8045112781954886,-1,0.0,0.0,1.7999999999999998,1.2,0.7000000000000002,0.5,0.0,0.15870098039215685,2.030637254901961,0.5699015354572731,1,0.5699015354572731,False,False,V4-B_future_leaky
2026-04-25,中日,ヤクルト,5,2,ナゴヤドーム,,https://handenomori.com/jpb/20260425/,2026,3,1.0,4,1.0,-145.25638622269685,0.02096546863988724,0.39904862579281186,0,-0.39999999999999997,-0.49999999999999994,-1.7999999999999998,-1.9,0.09999999999999964,-2.0,0.0,-0.03195415695415693,0.6652097902097902,0.629383600756118,1,0.629383600756118,False,True,V4-B_future_leaky
2026-04-25,楽天,西武,7,9,楽天モバイル,,https://handenomori.com/jpb/20260425/,2026,-2,0.0,4,1.0,35.11258278920991,0.0034745955798587413,-0.23781043517885625,0,-0.19999999999999996,0.09999999999999998,-2.0,0.0,-0.7000000000000002,0.7000000000000002,0.09999999999999998,-0.18224489795918364,-1.1373469387755102,0.31594665029965313,0,0.6840533497003469,True,True,V4-B_future_leaky
2026-04-26,DeNA,巨人,1,4,横浜スタジアム,,https://handenomori.com/jpb/20260426/,2026,-3,0.0,4,1.0,12.176170990490618,0.01938439849624063,0.2731437969924812,0,0.20000000000000007,0.09999999999999998,-0.19999999999999996,0.0,1.5,-1.5,0.09999999999999998,-0.08081632653061227,-0.1404081632653061,0.36884385117099483,0,0.6311561488290052,False,True,V4-B_future_leaky
2026-04-26,オリックス,日本ハム,9,4,京セラドーム大阪,,https://handenomori.com/jpb/20260426/,2026,5,1.0,4,1.0,67.84366406127242,-0.0513505987190197,-1.0754107490949596,0,0.4,0.5,1.0,3.5,1.0,2.5,0.09999999999999998,-0.03780663780663773,-0.8331890331890333,0.4048220424930645,0,0.5951779575069355,False,False,V4-B_future_leaky
2026-04-26,中日,ヤクルト,3,0,ナゴヤドーム,,https://handenomori.com/jpb/20260426/,2026,3,1.0,4,1.0,-119.114329661066,0.02096546863988724,0.39904862579281186,0,0.0,-0.3,0.0,-0.5,0.2999999999999998,-0.8000000000000003,0.09999999999999998,-0.03195415695415693,0.6652097902097902,0.6127612641286722,1,0.6127612641286722,False,True,V4-B_future_leaky
2026-04-26,楽天,西武,0,3,楽天モバイル,,https://handenomori.com/jpb/20260426/,2026,-3,0.0,4,1.0,11.130486649201202,0.0034745955798587413,-0.23781043517885625,0,-0.6000000000000001,0.0,-4.8,-0.7,-1.1,0.40000000000000036,0.09999999999999998,-0.18224489795918364,-1.1373469387755102,0.34160720306183584,0,0.6583927969381642,True,True,V4-B_future_leaky
2026-04-26,阪神,広島,1,0,甲子園球場,,https://handenomori.com/jpb/20260426/,2026,1,1.0,4,1.0,187.8990904883451,0.18358570563294974,1.3864324651726228,1,0.39999999999999997,0.39999999999999997,1.2,2.2,3.0999999999999996,-0.8999999999999995,0.19999999999999996,0.15241758241758235,1.2903296703296703,0.5448223623140941,1,0.5448223623140941,False,True,V4-B_future_leaky
2026-04-28,オリックス,ソフトバンク,1,7,京セラドーム大阪,,https://handenomori.com/jpb/20260428/,2026,-6,0.0,4,1.0,26.326334656194376,-0.09022556390977443,-1.2330827067669172,-1,0.6000000000000001,0.5,3.4000000000000004,2.5999999999999996,1.8000000000000003,0.7999999999999998,0.09999999999999998,-0.12240047534165177,-1.9239453357100416,0.34980221540221124,0,0.6501977845977888,True,True,V4-B_future_leaky
2026-04-28,ヤクルト,阪神,10,5,神宮野球場,,https://handenomori.com/jpb/20260428/,2026,5,1.0,4,1.0,-61.37860059407785,-0.2111945309161936,-1.9702130256973693,0,-0.19999999999999996,-0.09999999999999998,0.0,-1.0,-2.5,1.5,-0.2,-0.10535353535353531,-1.2563636363636363,0.4450440760462507,0,0.5549559239537494,False,False,V4-B_future_leaky
2026-04-28,ロッテ,楽天,3,1,ZOZOマリンスタジアム,,https://handenomori.com/jpb/20260428/,2026,2,1.0,4,1.0,-9.736945529785544,-0.041068580542264754,-0.03286625655046704,1,0.39999999999999997,0.09999999999999998,1.4,0.39999999999999997,0.5,-0.10000000000000009,-0.09999999999999998,0.08099489795918369,0.3465136054421768,0.5746029731136733,1,0.5746029731136733,False,True,V4-B_future_leaky
2026-04-28,中日,DeNA,3,0,ナゴヤドーム,,https://handenomori.com/jpb/20260428/,2026,3,1.0,4,1.0,-106.7839835642767,-0.08380681818181818,-0.7580492424242424,0,0.0,-0.19999999999999996,0.39999999999999997,-0.8,-1.2000000000000002,0.40000000000000036,-0.2,-0.026491365777080056,0.04925431711145997,0.5545496931709153,1,0.5545496931709153,False,True,V4-B_future_leaky
2026-04-28,巨人,広島,1,11,東京ドーム,,https://handenomori.com/jpb/20260428/,2026,-10,0.0,4,1.0,158.14350914964803,0.05777906304222091,0.3001735106998265,0,0.6000000000000001,0.49999999999999994,3.5999999999999996,3.4,2.2,1.1999999999999997,0.0,0.12241758241758244,0.7903296703296703,0.5600830606973799,1,0.5600830606973799,False,False,V4-B_future_leaky
2026-04-28,西武,日本ハム,1,2,メットライフドーム,,https://handenomori.com/jpb/20260428/,2026,-1,0.0,4,1.0,2.969352957308729,-0.12653856864383178,-1.3761626287942077,0,0.6000000000000001,0.3,3.2,3.2,1.7000000000000002,1.5,0.0,0.027142857142857135,-0.14904761904761904,0.5341525989531268,0,0.5341525989531268,False,True,V4-B_future_leaky
2026-04-29,オリックス,ソフトバンク,5,4,京セラドーム大阪,,https://handenomori.com/jpb/20260429/,2026,1,1.0,4,1.0,2.8323187398855225,-0.09022556390977443,-1.2330827067669172,0,0.4,0.29999999999999993,1.4,1.1,1.1,0.0,0.09999999999999998,-0.12240047534165177,-1.9239453357100416,0.36585869008262384,0,0.6341413099173762,False,False,V4-B_future_leaky
2026-04-29,ヤクルト,阪神,0,2,神宮野球場,,https://handenomori.com/jpb/20260429/,2026,-2,0.0,4,1.0,-39.863037272791644,-0.2111945309161936,-1.9702130256973693,0,0.0,0.0,1.8,0.39999999999999997,-1.2999999999999998,1.7000000000000002,-0.2,-0.10535353535353531,-1.2563636363636363,0.4228631555511119,0,0.577136844448888,False,True,V4-B_future_leaky
2026-04-29,ロッテ,楽天,5,3,ZOZOマリンスタジアム,,https://handenomori.com/jpb/20260429/,2026,2,1.0,4,1.0,8.811353715186442,-0.041068580542264754,-0.03286625655046704,0,0.6000000000000001,0.3,3.4,1.0,0.8999999999999999,0.10000000000000009,-0.09999999999999998,0.08099489795918369,0.3465136054421768,0.56755277187941,1,0.56755277187941,False,True,V4-B_future_leaky
2026-04-29,中日,DeNA,2,4,ナゴヤドーム,,https://handenomori.com/jpb/20260429/,2026,-2,0.0,4,1.0,-82.70957715883105,-0.08380681818181818,-0.7580492424242424,0,0.4,-0.19999999999999996,3.2,-0.7999999999999999,-1.2000000000000002,0.3999999999999999,-0.09999999999999998,-0.026491365777080056,0.04925431711145997,0.5258599822273922,0,0.5258599822273922,False,True,V4-B_future_leaky
2026-04-29,巨人,広島,4,2,東京ドーム,,https://handenomori.com/jpb/20260429/,2026,2,1.0,4,1.0,128.0447533265476,0.05777906304222091,0.3001735106998265,0,0.19999999999999996,0.3,-1.0,1.2,1.3000000000000003,-0.10000000000000009,0.0,0.12241758241758244,0.7903296703296703,0.5576775960385941,1,0.5576775960385941,False,True,V4-B_future_leaky
2026-04-29,西武,日本ハム,3,0,メットライフドーム,,https://handenomori.com/jpb/20260429/,2026,3,1.0,4,1.0,-19.20767873795876,-0.12653856864383178,-1.3761626287942077,0,0.39999999999999997,0.19999999999999996,2.6,3.0,1.8000000000000003,1.1999999999999997,-0.09999999999999998,0.027142857142857135,-0.14904761904761904,0.5637522857889167,1,0.5637522857889167,False,True,V4-B_future_leaky
2026-04-30,ヤクルト,阪神,2,10,神宮野球場,,https://handenomori.com/jpb/20260430/,2026,-8,0.0,4,1.0,-59.58311662444976,-0.2111945309161936,-1.9702130256973693,0,-0.2,0.0,1.0,0.9,-1.4000000000000004,2.3,-0.2,-0.10535353535353531,-1.2563636363636363,0.44873559542895997,0,0.55126440457104,False,True,V4-B_future_leaky
2026-04-30,中日,DeNA,2,6,ナゴヤドーム,,https://handenomori.com/jpb/20260430/,2026,-4,0.0,4,1.0,-99.98032636643575,-0.08380681818181818,-0.7580492424242424,0,0.4,-0.29999999999999993,3.4000000000000004,-1.1,-1.5999999999999996,0.5,-0.09999999999999998,-0.026491365777080056,0.04925431711145997,0.5239916272545131,0,0.5239916272545131,False,True,V4-B_future_leaky
2026-04-30,巨人,広島,2,3,東京ドーム,,https://handenomori.com/jpb/20260430/,2026,-1,0.0,4,1.0,139.2923971726443,0.05777906304222091,0.3001735106998265,0,0.39999999999999997,0.3,-0.8,1.1,1.3000000000000003,-0.19999999999999973,0.09999999999999998,0.12241758241758244,0.7903296703296703,0.5503955814729198,1,0.5503955814729198,False,False,V4-B_future_leaky
2026-05-01,ソフトバンク,楽天,4,1,PayPayドーム,,https://handenomori.com/jpb/20260501/,2026,3,1.0,5,1.0,85.15580351403855,0.16193893825472777,1.7716450216450217,0,0.2,0.10000000000000003,1.4000000000000001,0.5,0.3999999999999999,0.10000000000000009,0.09999999999999998,0.23969587835134054,2.3771508603441376,0.6932530693903589,1,0.6932530693903589,True,True,V4-B_future_leaky
2026-05-01,ヤクルト,DeNA,16,5,神宮野球場,,https://handenomori.com/jpb/20260501/,2026,11,1.0,5,1.0,-25.56450059119311,-0.10477228682170542,-1.1570978682170543,0,-0.2,-0.29999999999999993,-1.2000000000000002,-1.9000000000000001,-2.1,0.20000000000000018,0.09999999999999998,0.0054627911770768756,-0.6159554730983302,0.5362614825764136,0,0.5362614825764136,False,False,V4-B_future_leaky
2026-05-01,ロッテ,西武,0,10,ZOZOマリンスタジアム,,https://handenomori.com/jpb/20260501/,2026,-10,0.0,5,1.0,-1.683906349738436,-0.03759398496240601,-0.2706766917293233,0,0.20000000000000007,0.0,0.6000000000000001,-1.5000000000000002,-0.6999999999999993,-0.8000000000000003,0.0,-0.10124999999999995,-0.7908333333333334,0.4995926630868141,0,0.5004073369131858,False,True,V4-B_future_leaky
2026-05-01,広島,中日,7,3,マツダスタジアム,,https://handenomori.com/jpb/20260501/,2026,4,1.0,5,1.0,-12.027467685851434,0.006643356643356635,0.18473193473193472,0,-0.19999999999999996,-0.10000000000000003,0.6,-0.3,-1.0,0.6999999999999997,0.19999999999999996,-0.015109890109890112,-0.6991758241758241,0.6140645317650576,1,0.6140645317650576,False,True,V4-B_future_leaky
2026-05-01,日本ハム,オリックス,5,1,エスコンF,,https://handenomori.com/jpb/20260501/,2026,4,1.0,5,1.0,-77.71619477441641,0.0513505987190197,1.0754107490949596,0,-0.6000000000000001,-0.29999999999999993,-2.6,-2.4,-1.7000000000000002,-0.6999999999999997,-0.09999999999999998,0.03780663780663773,0.8331890331890333,0.6667590271273837,1,0.6667590271273837,True,True,V4-B_future_leaky
2026-05-01,阪神,巨人,3,5,甲子園球場,,https://handenomori.com/jpb/20260501/,2026,-2,0.0,5,1.0,70.89203285530971,0.12580664259072882,1.0862589544727963,0,0.0,0.09999999999999998,1.2,0.1,1.9000000000000004,-1.7999999999999998,0.09999999999999998,0.029999999999999916,0.5,0.5367975135132561,0,0.5367975135132561,False,True,V4-B_future_leaky
2026-05-02,ソフトバンク,楽天,5,0,PayPayドーム,,https://handenomori.com/jpb/20260502/,2026,5,1.0,5,1.0,98.50224918386152,0.16193893825472777,1.7716450216450217,0,0.6,0.2,3.2,0.6000000000000001,0.20000000000000018,0.3999999999999999,0.19999999999999996,0.23969587835134054,2.3771508603441376,0.6806905039544591,1,0.6806905039544591,True,True,V4-B_future_leaky
2026-05-02,ヤクルト,DeNA,6,5,神宮野球場,,https://handenomori.com/jpb/20260502/,2026,1,1.0,5,1.0,-6.107518107152146,-0.10477228682170542,-1.1570978682170543,0,0.0,-0.19999999999999996,2.8000000000000003,0.6,-0.6000000000000001,1.2000000000000002,0.09999999999999998,0.0054627911770768756,-0.6159554730983302,0.5434484813871348,1,0.5434484813871348,False,True,V4-B_future_leaky
2026-05-02,ロッテ,西武,4,5,ZOZOマリンスタジアム,,https://handenomori.com/jpb/20260502/,2026,-1,0.0,5,1.0,-23.595878154840875,-0.03759398496240601,-0.2706766917293233,0,-0.20000000000000007,-0.09999999999999998,-4.2,-3.5,-2.0999999999999996,-1.4,0.0,-0.10124999999999995,-0.7908333333333334,0.5110794010758865,0,0.5110794010758865,False,True,V4-B_future_leaky
2026-05-02,広島,中日,0,4,マツダスタジアム,,https://handenomori.com/jpb/20260502/,2026,-4,0.0,5,1.0,6.652050825060314,0.006643356643356635,0.18473193473193472,0,0.19999999999999996,0.0,3.2,0.8,-0.3999999999999999,1.2000000000000002,0.19999999999999996,-0.015109890109890112,-0.6991758241758241,0.5980230185861931,1,0.5980230185861931,False,False,V4-B_future_leaky
2026-05-02,日本ハム,オリックス,9,10,エスコンF,,https://handenomori.com/jpb/20260502/,2026,-1,0.0,5,1.0,-55.2695682614351,0.0513505987190197,1.0754107490949596,0,-0.19999999999999996,-0.19999999999999996,-0.6,-0.9000000000000001,-0.5,-0.40000000000000036,0.0,0.03780663780663773,0.8331890331890333,0.6412731022158967,1,0.6412731022158967,True,False,V4-B_future_leaky
2026-05-02,阪神,巨人,7,5,甲子園球場,,https://handenomori.com/jpb/20260502/,2026,2,1.0,5,1.0,44.978383518960754,0.12580664259072882,1.0862589544727963,0,0.0,0.0,1.6,-0.3,1.7000000000000002,-2.0000000000000004,0.0,0.029999999999999916,0.5,0.5568281983874448,1,0.5568281983874448,False,True,V4-B_future_leaky
2026-05-03,ソフトバンク,楽天,0,7,PayPayドーム,,https://handenomori.com/jpb/20260503/,2026,-7,0.0,5,1.0,111.17438995889984,0.16193893825472777,1.7716450216450217,0,0.6,0.4,4.6,3.3000000000000003,1.2000000000000002,2.1,0.19999999999999996,0.23969587835134054,2.3771508603441376,0.6734157223151377,1,0.6734157223151377,True,False,V4-B_future_leaky
2026-05-03,ヤクルト,DeNA,2,12,神宮野球場,,https://handenomori.com/jpb/20260503/,2026,-10,0.0,5,1.0,12.23312026113058,-0.10477228682170542,-1.1570978682170543,0,0.19999999999999996,0.0,3.2,1.1,-0.39999999999999947,1.5,0.19999999999999996,0.0054627911770768756,-0.6159554730983302,0.5266640664599171,0,0.5266640664599171,False,True,V4-B_future_leaky
2026-05-03,ロッテ,西武,10,0,ZOZOマリンスタジアム,,https://handenomori.com/jpb/20260503/,2026,10,1.0,5,1.0,-44.252116519694255,-0.03759398496240601,-0.2706766917293233,0,-0.20000000000000007,-0.30000000000000004,-3.6,-4.1,-2.4,-1.7000000000000002,-0.09999999999999998,-0.10124999999999995,-0.7908333333333334,0.5077128730775413,0,0.5077128730775413,False,False,V4-B_future_leaky
2026-05-03,日本ハム,オリックス,3,0,エスコンF,,https://handenomori.com/jpb/20260503/,2026,3,1.0,5,1.0,-74.10408010938704,0.0513505987190197,1.0754107490949596,0,-0.19999999999999996,-0.29999999999999993,-0.20000000000000007,-0.6,-0.8999999999999999,0.30000000000000027,0.0,0.03780663780663773,0.8331890331890333,0.6434236826880771,1,0.6434236826880771,True,True,V4-B_future_leaky
2026-05-03,阪神,巨人,3,0,甲子園球場,,https://handenomori.com/jpb/20260503/,2026,3,1.0,5,1.0,60.45409136398098,0.12580664259072882,1.0862589544727963,0,0.19999999999999996,0.0,2.8,-0.19999999999999998,1.8000000000000003,-2.0,0.0,0.029999999999999916,0.5,0.5237980759758444,0,0.5237980759758444,False,False,V4-B_future_leaky
2026-05-04,DeNA,広島,11,8,横浜スタジアム,,https://handenomori.com/jpb/20260504/,2026,3,1.0,5,1.0,122.61596553184745,0.07716346153846154,0.5733173076923077,-1,0.0,0.09999999999999998,-1.0,-0.8,1.9000000000000004,-2.7,0.30000000000000004,0.04160125588697017,0.6499215070643641,0.46288516487947323,0,0.5371148351205268,False,False,V4-B_future_leaky
2026-05-04,オリックス,ロッテ,3,0,京セラドーム大阪,,https://handenomori.com/jpb/20260504/,2026,3,1.0,5,1.0,77.60726940027484,0.1127819548872181,0.5714285714285714,0,-0.19999999999999996,0.0,-2.8000000000000003,-0.6,-0.3000000000000007,-0.3000000000000007,0.0,0.03630050505050508,0.10669191919191923,0.5326040177510246,0,0.5326040177510246,False,False,V4-B_future_leaky
2026-05-04,中日,阪神,7,3,ナゴヤドーム,,https://handenomori.com/jpb/20260504/,2026,4,1.0,5,1.0,-169.13599336244192,-0.19022906227630637,-1.5711643999045575,1,-0.4,-0.09999999999999998,-3.2,-0.3,-2.3,2.0,-0.3,-0.13730769230769224,-0.5911538461538461,0.6010289558530327,1,0.6010289558530327,False,True,V4-B_future_leaky
2026-05-04,巨人,ヤクルト,1,5,東京ドーム,,https://handenomori.com/jpb/20260504/,2026,-4,0.0,5,1.0,-2.3700631852530023,0.08538788832546479,0.883954071224573,0,0.0,0.09999999999999998,1.2000000000000002,0.8,-1.0000000000000004,1.7999999999999998,-0.09999999999999998,0.0753535353535354,0.7563636363636363,0.6854045813277373,1,0.6854045813277373,True,False,V4-B_future_leaky
2026-05-04,楽天,日本ハム,3,1,楽天モバイル,,https://handenomori.com/jpb/20260504/,2026,2,1.0,5,1.0,-40.063419418672765,-0.12306397306397304,-1.6139730639730638,0,-0.39999999999999997,-0.2,-1.8,-0.7999999999999999,-0.6999999999999997,-0.10000000000000009,0.09999999999999998,-0.1551020408163265,-1.2863945578231293,0.39358533914651556,0,0.6064146608534844,False,False,V4-B_future_leaky
2026-05-04,西武,ソフトバンク,10,2,メットライフドーム,,https://handenomori.com/jpb/20260504/,2026,8,1.0,5,1.0,-45.18526786673465,-0.1654135338345865,-1.5338345864661653,0,0.0,0.29999999999999993,-0.6,1.4000000000000001,1.2999999999999998,0.09999999999999964,-0.09999999999999998,-0.0574509803921569,-1.2398039215686274,0.6121817465800523,1,0.6121817465800523,False,True,V4-B_future_leaky
2026-05-05,オリックス,ロッテ,6,1,京セラドーム大阪,,https://handenomori.com/jpb/20260505/,2026,5,1.0,5,1.0,91.34290419294007,0.1127819548872181,0.5714285714285714,0,0.19999999999999996,0.09999999999999998,0.0,-0.5,-0.2999999999999998,-0.20000000000000018,0.09999999999999998,0.03630050505050508,0.10669191919191923,0.5044000688893093,0,0.5044000688893093,False,False,V4-B_future_leaky
2026-05-05,中日,阪神,7,3,ナゴヤドーム,,https://handenomori.com/jpb/20260505/,2026,4,1.0,5,1.0,-141.7765714005111,-0.19022906227630637,-1.5711643999045575,0,-0.19999999999999996,0.09999999999999998,-1.7999999999999998,0.8,-1.3000000000000003,2.1,-0.3,-0.13730769230769224,-0.5911538461538461,0.5676171412282482,1,0.5676171412282482,False,True,V4-B_future_leaky
2026-05-05,巨人,ヤクルト,3,2,東京ドーム,,https://handenomori.com/jpb/20260505/,2026,1,1.0,5,1.0,-24.24289026733277,0.08538788832546479,0.883954071224573,0,-0.39999999999999997,0.0,-1.2000000000000002,-0.20000000000000007,-1.7000000000000002,1.5000000000000004,-0.2,0.0753535353535354,0.7563636363636363,0.707600521499922,1,0.707600521499922,True,True,V4-B_future_leaky
2026-05-05,楽天,日本ハム,3,2,楽天モバイル,,https://handenomori.com/jpb/20260505/,2026,1,1.0,5,1.0,-19.77196620071618,-0.12306397306397304,-1.6139730639730638,0,0.0,0.0,-0.4,-0.10000000000000009,-0.10000000000000009,0.0,0.09999999999999998,-0.1551020408163265,-1.2863945578231293,0.361174344786677,0,0.638825655213323,False,False,V4-B_future_leaky
2026-05-05,西武,ソフトバンク,4,6,メットライフドーム,,https://handenomori.com/jpb/20260505/,2026,-2,0.0,5,1.0,-24.59912461903832,-0.1654135338345865,-1.5338345864661653,0,0.4,0.29999999999999993,4.0,2.7,1.6,1.0999999999999996,0.0,-0.0574509803921569,-1.2398039215686274,0.5800546607805843,1,0.5800546607805843,False,False,V4-B_future_leaky
2026-05-06,DeNA,広島,0,10,横浜スタジアム,,https://handenomori.com/jpb/20260506/,2026,-10,0.0,5,1.0,134.11798638263554,0.07716346153846154,0.5733173076923077,0,0.19999999999999996,0.09999999999999998,1.8,-0.5,1.5,-1.9999999999999996,0.30000000000000004,0.04160125588697017,0.6499215070643641,0.44894095446334614,0,0.5510590455366539,False,True,V4-B_future_leaky
2026-05-06,オリックス,ロッテ,3,0,京セラドーム大阪,,https://handenomori.com/jpb/20260506/,2026,3,1.0,5,1.0,104.374507826524,0.1127819548872181,0.5714285714285714,0,0.39999999999999997,0.19999999999999996,2.2,0.5,0.6000000000000001,-0.10000000000000009,0.19999999999999996,0.03630050505050508,0.10669191919191923,0.49777275173588054,0,0.5022272482641195,False,False,V4-B_future_leaky
2026-05-06,中日,阪神,0,2,ナゴヤドーム,,https://handenomori.com/jpb/20260506/,2026,-2,0.0,5,1.0,-115.81649066198793,-0.19022906227630637,-1.5711643999045575,0,0.19999999999999996,0.19999999999999996,1.8,1.3,-0.09999999999999964,1.4,-0.2,-0.13730769230769224,-0.5911538461538461,0.5291283973289235,0,0.5291283973289235,False,True,V4-B_future_leaky
2026-05-06,巨人,ヤクルト,0,5,東京ドーム,,https://handenomori.com/jpb/20260506/,2026,-5,0.0,5,1.0,-4.861921489358792,0.08538788832546479,0.883954071224573,0,-0.19999999999999996,0.09999999999999998,-2.2,-0.09999999999999998,-1.2999999999999998,1.1999999999999997,-0.09999999999999998,0.0753535353535354,0.7563636363636363,0.6902050957804353,1,0.6902050957804353,True,False,V4-B_future_leaky
2026-05-06,楽天,日本ハム,2,12,楽天モバイル,,https://handenomori.com/jpb/20260506/,2026,-10,0.0,5,1.0,-0.6480013934415183,-0.12306397306397304,-1.6139730639730638,0,0.19999999999999996,0.10000000000000003,-0.19999999999999996,0.09999999999999998,-0.20000000000000018,0.30000000000000027,0.09999999999999998,-0.1551020408163265,-1.2863945578231293,0.3456132326833992,0,0.6543867673166008,True,True,V4-B_future_leaky
2026-05-06,西武,ソフトバンク,10,2,メットライフドーム,,https://handenomori.com/jpb/20260506/,2026,8,1.0,5,1.0,-45.197668345575494,-0.1654135338345865,-1.5338345864661653,0,0.0,0.09999999999999998,2.4,1.9,1.5,0.3999999999999999,0.0,-0.0574509803921569,-1.2398039215686274,0.5881827172500642,1,0.5881827172500642,False,True,V4-B_future_leaky
2026-05-08,オリックス,日本ハム,4,3,京セラドーム大阪,,https://handenomori.com/jpb/20260508/,2026,1,1.0,5,1.0,80.15899002058882,-0.0513505987190197,-1.0754107490949596,0,0.4,0.29999999999999993,0.0,0.29999999999999993,0.20000000000000018,0.10000000000000009,-0.09999999999999998,-0.03780663780663773,-0.8331890331890333,0.4470466717746799,0,0.5529533282253201,False,False,V4-B_future_leaky
2026-05-08,ソフトバンク,ロッテ,6,5,PayPayドーム,,https://handenomori.com/jpb/20260508/,2026,1,1.0,5,1.0,78.19196387854936,0.20300751879699253,1.8045112781954886,0,0.2,0.09999999999999998,-2.8000000000000003,-0.6,0.5,-1.0999999999999996,0.0,0.15870098039215685,2.030637254901961,0.6521192771075233,1,0.6521192771075233,True,True,V4-B_future_leaky
2026-05-08,中日,巨人,9,2,ナゴヤドーム,,https://handenomori.com/jpb/20260508/,2026,7,1.0,5,1.0,-62.98650350920184,-0.06442241968557755,-0.48490544543176123,0,0.39999999999999997,0.19999999999999996,3.8,2.6,1.1,1.5,-0.3,-0.10730769230769233,-0.09115384615384614,0.5482990596578626,1,0.5482990596578626,False,True,V4-B_future_leaky
2026-05-08,広島,ヤクルト,1,4,マツダスタジアム,,https://handenomori.com/jpb/20260508/,2026,-3,0.0,5,1.0,-115.49255379491387,0.027608825283243876,0.5837805605247466,0,0.0,-0.09999999999999998,1.8,0.9000000000000001,-0.7000000000000002,1.5999999999999996,-0.3,-0.04706404706404704,-0.033966033966033926,0.6914123683957731,1,0.6914123683957731,True,False,V4-B_future_leaky
2026-05-08,西武,楽天,4,2,メットライフドーム,,https://handenomori.com/jpb/20260508/,2026,2,1.0,5,1.0,39.603362779928375,-0.0034745955798587413,0.23781043517885625,0,0.0,0.39999999999999997,2.0,3.9000000000000004,2.8,1.1000000000000005,-0.09999999999999998,0.18224489795918364,1.1373469387755102,0.7304380652090094,1,0.7304380652090094,True,True,V4-B_future_leaky
2026-05-08,阪神,DeNA,1,10,甲子園球場,,https://handenomori.com/jpb/20260508/,2026,-9,0.0,5,1.0,52.0748737516833,0.1064222440944882,0.813115157480315,0,0.19999999999999996,0.19999999999999996,1.6,1.7,-0.6999999999999997,2.4,-0.09999999999999998,0.11081632653061219,0.6404081632653061,0.6121609550714272,1,0.6121609550714272,False,False,V4-B_future_leaky
2026-05-09,オリックス,日本ハム,0,3,京セラドーム大阪,,https://handenomori.com/jpb/20260509/,2026,-3,0.0,5,1.0,93.7624530229225,-0.0513505987190197,-1.0754107490949596,0,0.4,0.29999999999999993,0.0,0.09999999999999998,0.10000000000000053,0.0,0.0,-0.03780663780663773,-0.8331890331890333,0.4333336843144782,0,0.5666663156855218,False,True,V4-B_future_leaky
2026-05-09,ソフトバンク,ロッテ,4,5,PayPayドーム,,https://handenomori.com/jpb/20260509/,2026,-1,0.0,5,1.0,91.89725898592224,0.20300751879699253,1.8045112781954886,0,0.2,0.09999999999999998,-3.6,-0.7999999999999999,0.30000000000000027,-1.0999999999999996,0.0,0.15870098039215685,2.030637254901961,0.6442346289631404,1,0.6442346289631404,True,False,V4-B_future_leaky
2026-05-09,中日,巨人,4,2,ナゴヤドーム,,https://handenomori.com/jpb/20260509/,2026,2,1.0,5,1.0,-41.37894627493165,-0.06442241968557755,-0.48490544543176123,0,0.6000000000000001,0.3,7.0,4.0,1.7000000000000002,2.3,-0.2,-0.10730769230769233,-0.09115384615384614,0.5412869927294851,1,0.5412869927294851,False,True,V4-B_future_leaky
2026-05-09,広島,ヤクルト,0,4,マツダスタジアム,,https://handenomori.com/jpb/20260509/,2026,-4,0.0,5,1.0,-130.94018765952205,0.027608825283243876,0.5837805605247466,0,-0.19999999999999996,-0.19999999999999996,0.6000000000000001,0.19999999999999996,-1.0,1.2000000000000002,-0.4,-0.04706404706404704,-0.033966033966033926,0.6916464570632301,1,0.6916464570632301,True,False,V4-B_future_leaky
2026-05-09,西武,楽天,6,2,メットライフドーム,,https://handenomori.com/jpb/20260509/,2026,4,1.0,5,1.0,55.37365563055573,-0.0034745955798587413,0.23781043517885625,0,0.0,0.39999999999999997,1.6,3.9000000000000004,2.8,1.1,0.0,0.18224489795918364,1.1373469387755102,0.7149081138406216,1,0.7149081138406216,True,True,V4-B_future_leaky
2026-05-09,阪神,DeNA,1,3,甲子園球場,,https://handenomori.com/jpb/20260509/,2026,-2,0.0,5,1.0,27.164815402093154,0.1064222440944882,0.813115157480315,0,-0.19999999999999996,0.0,-4.6,-0.7,-1.5000000000000004,0.8000000000000007,-0.09999999999999998,0.11081632653061219,0.6404081632653061,0.5999862991337106,1,0.5999862991337106,False,False,V4-B_future_leaky
2026-05-10,オリックス,日本ハム,0,2,京セラドーム大阪,,https://handenomori.com/jpb/20260510/,2026,-2,0.0,5,1.0,66.67198254242817,-0.0513505987190197,-1.0754107490949596,0,0.4,0.09999999999999998,0.0,-1.5,-0.7000000000000002,-0.7999999999999998,0.0,-0.03780663780663773,-0.8331890331890333,0.4248512709997312,0,0.5751487290002688,False,True,V4-B_future_leaky
2026-05-10,ソフトバンク,ロッテ,8,3,PayPayドーム,,https://handenomori.com/jpb/20260510/,2026,5,1.0,5,1.0,64.90084090132223,0.20300751879699253,1.8045112781954886,0,0.2,0.09999999999999998,-0.5999999999999996,0.0,0.7000000000000002,-0.7000000000000002,-0.09999999999999998,0.15870098039215685,2.030637254901961,0.6706463391699935,1,0.6706463391699935,True,True,V4-B_future_leaky
2026-05-10,中日,巨人,4,9,ナゴヤドーム,,https://handenomori.com/jpb/20260510/,2026,-5,0.0,5,1.0,-21.01178586465562,-0.06442241968557755,-0.48490544543176123,0,0.6000000000000001,0.3,6.4,3.0999999999999996,1.6999999999999997,1.4,-0.09999999999999998,-0.10730769230769233,-0.09115384615384614,0.5195308104174581,0,0.5195308104174581,False,True,V4-B_future_leaky
2026-05-10,広島,ヤクルト,4,0,マツダスタジアム,,https://handenomori.com/jpb/20260510/,2026,4,1.0,5,1.0,-145.55364743396103,0.027608825283243876,0.5837805605247466,0,-0.6000000000000001,-0.19999999999999996,-3.8,0.10000000000000009,-0.39999999999999947,0.5,-0.4,-0.04706404706404704,-0.033966033966033926,0.7237553838886672,1,0.7237553838886672,True,True,V4-B_future_leaky
2026-05-10,西武,楽天,6,1,メットライフドーム,,https://handenomori.com/jpb/20260510/,2026,5,1.0,5,1.0,70.28556963711071,-0.0034745955798587413,0.23781043517885625,0,0.4,0.39999999999999997,6.6,4.1,2.9,1.2000000000000002,0.0,0.18224489795918364,1.1373469387755102,0.6962609308998519,1,0.6962609308998519,True,True,V4-B_future_leaky
2026-05-10,阪神,DeNA,3,0,甲子園球場,,https://handenomori.com/jpb/20260510/,2026,3,1.0,5,1.0,3.6240255868710847,0.1064222440944882,0.813115157480315,0,-0.6000000000000001,-0.09999999999999998,-6.199999999999999,-0.9,-2.0999999999999996,1.1999999999999997,-0.09999999999999998,0.11081632653061219,0.6404081632653061,0.623638877673127,1,0.623638877673127,False,True,V4-B_future_leaky
2026-05-12,DeNA,中日,3,1,横浜スタジアム,,https://handenomori.com/jpb/20260512/,2026,2,1.0,5,1.0,83.91916610725411,0.08380681818181818,0.7580492424242424,0,0.0,0.09999999999999998,-1.0,0.09999999999999998,1.3999999999999995,-1.2999999999999998,0.09999999999999998,0.026491365777080056,-0.04925431711145997,0.47893642033180195,0,0.521063579668198,False,False,V4-B_future_leaky
2026-05-12,ソフトバンク,西武,0,3,PayPayドーム,,https://handenomori.com/jpb/20260512/,2026,-3,0.0,5,1.0,2.7663643825128474,0.1654135338345865,1.5338345864661653,0,-0.20000000000000007,-0.30000000000000004,-3.6,-3.8,-1.7000000000000002,-2.1,-0.09999999999999998,0.0574509803921569,1.2398039215686274,0.6328706902105291,1,0.6328706902105291,False,False,V4-B_future_leaky
2026-05-12,ヤクルト,阪神,0,10,神宮野球場,,https://handenomori.com/jpb/20260512/,2026,-10,0.0,5,1.0,-24.383145767411406,-0.2111945309161936,-1.9702130256973693,0,0.19999999999999996,0.09999999999999998,3.4,0.8,0.9999999999999996,-0.19999999999999973,-0.2,-0.10535353535353531,-1.2563636363636363,0.4646151228269067,0,0.5353848771730934,False,True,V4-B_future_leaky
2026-05-12,ロッテ,日本ハム,2,3,ZOZOマリンスタジアム,,https://handenomori.com/jpb/20260512/,2026,-1,0.0,5,1.0,-56.74169152579452,-0.1641325536062378,-1.646839320523531,0,-0.39999999999999997,-0.2,-5.2,-2.9,-0.7000000000000002,-2.1999999999999997,0.0,-0.07410714285714282,-0.9398809523809524,0.5161721640735237,0,0.5161721640735237,False,True,V4-B_future_leaky
2026-05-12,巨人,広島,5,3,岐阜,,https://handenomori.com/jpb/20260512/,2026,2,1.0,5,1.0,80.26689200219585,0.05777906304222091,0.3001735106998265,0,0.0,-0.2,-2.4000000000000004,-2.9000000000000004,-1.6999999999999997,-1.2000000000000002,0.0,0.12241758241758244,0.7903296703296703,0.6141974810556325,1,0.6141974810556325,False,True,V4-B_future_leaky
2026-05-12,楽天,オリックス,0,2,弘前,,https://handenomori.com/jpb/20260512/,2026,-2,0.0,5,1.0,-105.58915817510842,-0.07171337434495334,-0.5385623148781044,0,-0.39999999999999997,-0.3,-4.8,-2.3000000000000003,-0.8000000000000003,-1.5,-0.2,-0.11729540300968877,-0.453205524634096,0.4139959248068536,0,0.5860040751931463,False,True,V4-B_future_leaky
2026-05-13,DeNA,中日,5,0,横浜スタジアム,,https://handenomori.com/jpb/20260513/,2026,5,1.0,5,1.0,97.32899459748705,0.08380681818181818,0.7580492424242424,0,0.19999999999999996,0.09999999999999998,0.0,0.09999999999999998,1.4000000000000004,-1.2999999999999998,0.19999999999999996,0.026491365777080056,-0.04925431711145997,0.47076763056569165,0,0.5292323694343084,False,False,V4-B_future_leaky
2026-05-13,ソフトバンク,西武,1,2,PayPayドーム,,https://handenomori.com/jpb/20260513/,2026,-1,0.0,5,1.0,-19.399120069272385,0.1654135338345865,1.5338345864661653,0,-0.6,-0.30000000000000004,-5.6000000000000005,-4.0,-2.0999999999999996,-1.9,-0.2,0.0574509803921569,1.2398039215686274,0.6644631087397387,1,0.6644631087397387,True,False,V4-B_future_leaky
2026-05-13,ヤクルト,阪神,4,2,神宮野球場,,https://handenomori.com/jpb/20260513/,2026,2,1.0,5,1.0,-44.99411086814962,-0.2111945309161936,-1.9702130256973693,0,0.0,0.09999999999999998,-1.2000000000000002,0.4,0.8000000000000003,-0.39999999999999947,-0.2,-0.10535353535353531,-1.2563636363636363,0.47310947222104105,0,0.526890527778959,False,False,V4-B_future_leaky
2026-05-13,ロッテ,日本ハム,2,6,ZOZOマリンスタジアム,,https://handenomori.com/jpb/20260513/,2026,-4,0.0,5,1.0,-75.49177027643373,-0.1641325536062378,-1.646839320523531,0,-0.6000000000000001,-0.39999999999999997,-4.8,-3.6,-1.2999999999999998,-2.3,0.0,-0.07410714285714282,-0.9398809523809524,0.5284941744490473,0,0.5284941744490473,False,True,V4-B_future_leaky
2026-05-13,巨人,広島,4,2,福井,,https://handenomori.com/jpb/20260513/,2026,2,1.0,5,1.0,93.86477957396005,0.05777906304222091,0.3001735106998265,0,0.0,0.0,-2.4,-1.4000000000000001,-0.5999999999999996,-0.7999999999999998,0.0,0.12241758241758244,0.7903296703296703,0.6530286674419006,1,0.6530286674419006,True,True,V4-B_future_leaky
2026-05-14,ロッテ,日本ハム,5,3,ZOZOマリンスタジアム,,https://handenomori.com/jpb/20260514/,2026,2,1.0,5,1.0,-93.17137283563216,-0.1641325536062378,-1.646839320523531,0,-0.6000000000000001,-0.39999999999999997,-3.8,-3.0,-1.2000000000000002,-1.8000000000000003,-0.09999999999999998,-0.07410714285714282,-0.9398809523809524,0.559441178937185,1,0.559441178937185,False,True,V4-B_future_leaky
2026-05-14,楽天,オリックス,3,0,楽天モバイル,,https://handenomori.com/jpb/20260514/,2026,3,1.0,5,1.0,-121.58072291455437,-0.07171337434495334,-0.5385623148781044,0,-0.6,-0.3,-4.8,-2.4,-0.7999999999999998,-1.6,-0.3,-0.11729540300968877,-0.453205524634096,0.5112007409153305,0,0.5112007409153305,False,False,V4-B_future_leaky
2026-05-15,ロッテ,オリックス,6,3,ZOZOマリンスタジアム,,https://handenomori.com/jpb/20260515/,2026,3,1.0,5,1.0,-99.83262910335952,-0.1127819548872181,-0.5714285714285714,0,0.0,-0.3,-0.3999999999999999,-1.3,0.5,-1.8000000000000003,-0.2,-0.03630050505050508,-0.10669191919191923,0.6109956884732017,1,0.6109956884732017,False,True,V4-B_future_leaky
2026-05-15,中日,ヤクルト,5,8,ナゴヤドーム,,https://handenomori.com/jpb/20260515/,2026,-3,0.0,5,1.0,-93.99813066882393,0.02096546863988724,0.39904862579281186,0,-0.19999999999999996,-0.09999999999999998,0.4,0.8999999999999999,0.6999999999999997,0.19999999999999973,0.09999999999999998,-0.03195415695415693,0.6652097902097902,0.6661331436585568,1,0.6661331436585568,True,False,V4-B_future_leaky
2026-05-15,巨人,DeNA,2,0,東京ドーム,,https://handenomori.com/jpb/20260515/,2026,2,1.0,5,1.0,-41.92171136201864,-0.01938439849624063,-0.2731437969924812,0,-0.20000000000000007,-0.19999999999999996,-3.0,-1.9,-2.3000000000000003,0.39999999999999947,0.0,0.08081632653061227,0.1404081632653061,0.615919002139106,1,0.615919002139106,False,True,V4-B_future_leaky
2026-05-15,日本ハム,西武,0,3,エスコンF,,https://handenomori.com/jpb/20260515/,2026,-3,0.0,5,1.0,-34.77090986425628,0.12653856864383178,1.3761626287942077,-1,-0.19999999999999996,-0.20000000000000007,-1.4,-0.30000000000000004,-1.2000000000000002,0.8999999999999999,0.09999999999999998,-0.027142857142857135,0.14904761904761904,0.5968262998340317,1,0.5968262998340317,False,False,V4-B_future_leaky
2026-05-15,楽天,ソフトバンク,6,3,楽天モバイル,,https://handenomori.com/jpb/20260515/,2026,3,1.0,5,1.0,-61.19281307002461,-0.16193893825472777,-1.7716450216450217,-1,-0.2,0.0,-2.2,0.0,-1.1,1.1000000000000005,-0.09999999999999998,-0.23969587835134054,-2.3771508603441376,0.3576058503320033,0,0.6423941496679967,True,False,V4-B_future_leaky
2026-05-15,阪神,広島,0,2,甲子園球場,,https://handenomori.com/jpb/20260515/,2026,-2,0.0,5,1.0,157.04828484959194,0.18358570563294974,1.3864324651726228,0,0.2,0.09999999999999998,1.4,-0.2,-0.2999999999999998,0.10000000000000009,0.30000000000000004,0.15241758241758235,1.2903296703296703,0.5947828413501794,1,0.5947828413501794,False,False,V4-B_future_leaky
2026-05-16,中日,ヤクルト,8,0,ナゴヤドーム,,https://handenomori.com/jpb/20260516/,2026,8,1.0,5,1.0,-110.63419687930923,0.02096546863988724,0.39904862579281186,0,-0.39999999999999997,-0.09999999999999998,-1.6,0.8,0.6999999999999997,0.09999999999999964,0.09999999999999998,-0.03195415695415693,0.6652097902097902,0.6804911216347623,1,0.6804911216347623,True,True,V4-B_future_leaky
2026-05-16,巨人,DeNA,4,3,東京ドーム,,https://handenomori.com/jpb/20260516/,2026,1,1.0,5,1.0,-21.52331833268613,-0.01938439849624063,-0.2731437969924812,0,0.20000000000000007,-0.09999999999999998,1.0,-2.4,-2.1000000000000005,-0.30000000000000027,0.09999999999999998,0.08081632653061227,0.1404081632653061,0.630067901014797,1,0.630067901014797,False,True,V4-B_future_leaky
2026-05-16,日本ハム,西武,5,4,エスコンF,,https://handenomori.com/jpb/20260516/,2026,1,1.0,5,1.0,-54.78409735063315,0.12653856864383178,1.3761626287942077,0,-0.4,-0.30000000000000004,-2.8000000000000003,-1.1,-1.2999999999999998,0.20000000000000018,0.0,-0.027142857142857135,0.14904761904761904,0.6194563526844268,1,0.6194563526844268,False,True,V4-B_future_leaky
2026-05-16,楽天,ソフトバンク,4,3,楽天モバイル,,https://handenomori.com/jpb/20260516/,2026,1,1.0,5,1.0,-39.68788355519132,-0.16193893825472777,-1.7716450216450217,0,0.2,0.2,-0.4,1.5999999999999999,-0.30000000000000027,1.9,0.0,-0.23969587835134054,-2.3771508603441376,0.3237692511169012,0,0.6762307488830988,True,False,V4-B_future_leaky
2026-05-16,阪神,広島,3,1,甲子園球場,,https://handenomori.com/jpb/20260516/,2026,2,1.0,5,1.0,126.99657554349574,0.18358570563294974,1.3864324651726228,0,0.0,0.0,1.7999999999999998,-0.7,-0.9000000000000004,0.20000000000000018,0.30000000000000004,0.15241758241758235,1.2903296703296703,0.6241981394314061,1,0.6241981394314061,False,True,V4-B_future_leaky
2026-05-17,ロッテ,オリックス,3,2,ZOZOマリンスタジアム,,https://handenomori.com/jpb/20260517/,2026,1,1.0,5,1.0,-76.14328584665873,-0.1127819548872181,-0.5714285714285714,0,0.2,-0.2,0.8,-1.6,0.7999999999999998,-2.4,-0.09999999999999998,-0.03630050505050508,-0.10669191919191923,0.5815041790749852,1,0.5815041790749852,False,True,V4-B_future_leaky
2026-05-17,中日,ヤクルト,1,5,ナゴヤドーム,,https://handenomori.com/jpb/20260517/,2026,-4,0.0,5,1.0,-86.34783988706363,0.02096546863988724,0.39904862579281186,0,-0.2,-0.09999999999999998,2.0,1.0,1.2999999999999998,-0.30000000000000027,0.19999999999999996,-0.03195415695415693,0.6652097902097902,0.6658257067131081,1,0.6658257067131081,True,False,V4-B_future_leaky
2026-05-17,巨人,DeNA,1,0,東京ドーム,,https://handenomori.com/jpb/20260517/,2026,1,1.0,5,1.0,-2.298709648176782,-0.01938439849624063,-0.2731437969924812,0,0.6,0.0,2.1999999999999997,-2.0,-1.5,-0.5,0.19999999999999996,0.08081632653061227,0.1404081632653061,0.6038666393105515,1,0.6038666393105515,False,True,V4-B_future_leaky
2026-05-17,日本ハム,西武,3,6,エスコンF,,https://handenomori.com/jpb/20260517/,2026,-3,0.0,5,1.0,-33.64646249867474,0.12653856864383178,1.3761626287942077,0,-0.20000000000000007,-0.20000000000000007,-2.0,-1.7000000000000002,-1.3000000000000003,-0.3999999999999999,0.0,-0.027142857142857135,0.14904761904761904,0.6041818659750189,1,0.6041818659750189,False,False,V4-B_future_leaky
2026-05-17,楽天,ソフトバンク,1,5,楽天モバイル,,https://handenomori.com/jpb/20260517/,2026,-4,0.0,5,1.0,-19.41804366052088,-0.16193893825472777,-1.7716450216450217,0,0.39999999999999997,0.2,0.6,0.3999999999999999,-0.8999999999999999,1.3000000000000003,0.09999999999999998,-0.23969587835134054,-2.3771508603441376,0.30788357060032345,0,0.6921164293996765,True,True,V4-B_future_leaky
2026-05-17,阪神,広島,0,1,甲子園球場,,https://handenomori.com/jpb/20260517/,2026,-1,0.0,5,1.0,138.29306641115159,0.18358570563294974,1.3864324651726228,0,0.19999999999999996,0.10000000000000003,2.2,-0.19999999999999996,-0.30000000000000027,0.10000000000000009,0.30000000000000004,0.15241758241758235,1.2903296703296703,0.5996272212839681,1,0.5996272212839681,False,False,V4-B_future_leaky
2026-05-19,オリックス,ソフトバンク,2,1,京セラドーム大阪,,https://handenomori.com/jpb/20260519/,2026,1,1.0,5,1.0,22.920426344645193,-0.09022556390977443,-1.2330827067669172,0,0.0,0.09999999999999998,-0.5999999999999999,0.7,-1.5,2.1999999999999997,0.19999999999999996,-0.12240047534165177,-1.9239453357100416,0.3898497978675032,0,0.6101502021324968,False,False,V4-B_future_leaky
2026-05-19,ヤクルト,巨人,0,2,いわき,,https://handenomori.com/jpb/20260519/,2026,-2,0.0,5,1.0,1.6947234319175095,-0.08538788832546479,-0.883954071224573,0,-0.4,-0.09999999999999998,-3.4000000000000004,-0.2,0.0,-0.19999999999999973,0.19999999999999996,-0.0753535353535354,-0.7563636363636363,0.4911958961086999,0,0.5088041038913,False,True,V4-B_future_leaky
2026-05-19,広島,DeNA,3,1,マツダスタジアム,,https://handenomori.com/jpb/20260519/,2026,2,1.0,5,1.0,-95.82865795699786,-0.07716346153846154,-0.5733173076923077,0,0.0,-0.09999999999999998,-1.2,-0.30000000000000004,-0.2999999999999998,0.0,-0.3,-0.04160125588697017,-0.6499215070643641,0.6168548021632214,1,0.6168548021632214,False,True,V4-B_future_leaky
2026-05-19,日本ハム,楽天,6,2,エスコンF,,https://handenomori.com/jpb/20260519/,2026,4,1.0,5,1.0,46.80254456179182,0.12306397306397304,1.6139730639730638,0,-0.19999999999999996,0.19999999999999996,-0.8,3.0999999999999996,1.6,1.5,0.0,0.1551020408163265,1.2863945578231293,0.6526132623210511,1,0.6526132623210511,True,True,V4-B_future_leaky
2026-05-19,西武,ロッテ,3,2,前橋,,https://handenomori.com/jpb/20260519/,2026,1,1.0,5,1.0,91.07798100997297,0.03759398496240601,0.2706766917293233,0,0.20000000000000007,0.4,1.6,3.8,1.5999999999999996,2.2,0.09999999999999998,0.10124999999999995,0.7908333333333334,0.5980352331453179,1,0.5980352331453179,False,True,V4-B_future_leaky
2026-05-19,阪神,中日,4,2,倉敷,,https://handenomori.com/jpb/20260519/,2026,2,1.0,5,1.0,99.13554358673605,0.19022906227630637,1.5711643999045575,0,0.2,0.0,2.5999999999999996,-0.3,-1.4,1.1,0.19999999999999996,0.13730769230769224,0.5911538461538461,0.5498420454713474,1,0.5498420454713474,False,True,V4-B_future_leaky
2026-05-20,オリックス,ソフトバンク,8,3,京セラドーム大阪,,https://handenomori.com/jpb/20260520/,2026,5,1.0,5,1.0,39.61680642391843,-0.09022556390977443,-1.2330827067669172,0,0.2,0.2,-0.4,0.8,-1.0999999999999996,1.8999999999999995,0.19999999999999996,-0.12240047534165177,-1.9239453357100416,0.3739689629021138,0,0.6260310370978862,False,False,V4-B_future_leaky
2026-05-20,広島,DeNA,3,4,マツダスタジアム,,https://handenomori.com/jpb/20260520/,2026,-1,0.0,5,1.0,-72.36242318252266,-0.07716346153846154,-0.5733173076923077,0,0.39999999999999997,0.09999999999999998,0.4,0.7,0.20000000000000018,0.5,-0.2,-0.04160125588697017,-0.6499215070643641,0.5889051390060377,1,0.5889051390060377,False,False,V4-B_future_leaky
2026-05-20,日本ハム,楽天,5,3,エスコンF,,https://handenomori.com/jpb/20260520/,2026,2,1.0,5,1.0,62.178737900783744,0.12306397306397304,1.6139730639730638,0,-0.19999999999999996,0.3,-0.39999999999999997,3.0,1.1,1.9000000000000004,0.09999999999999998,0.1551020408163265,1.2863945578231293,0.657120104010852,1,0.657120104010852,True,True,V4-B_future_leaky
2026-05-20,西武,ロッテ,1,3,県営大宮,,https://handenomori.com/jpb/20260520/,2026,-2,0.0,5,1.0,104.12298708649269,0.03759398496240601,0.2706766917293233,0,0.20000000000000007,0.5,1.2,3.7,1.4000000000000004,2.3,0.19999999999999996,0.10124999999999995,0.7908333333333334,0.6212307662705602,1,0.6212307662705602,False,False,V4-B_future_leaky
2026-05-20,阪神,中日,8,7,甲子園球場,,https://handenomori.com/jpb/20260520/,2026,1,1.0,5,1.0,111.77614401025153,0.19022906227630637,1.5711643999045575,0,0.2,0.2,1.0,0.8999999999999999,-0.7999999999999998,1.7000000000000002,0.30000000000000004,0.13730769230769224,0.5911538461538461,0.6165176347955265,1,0.6165176347955265,False,True,V4-B_future_leaky
2026-05-21,ヤクルト,巨人,3,1,神宮野球場,,https://handenomori.com/jpb/20260521/,2026,2,1.0,5,1.0,-20.40977542886162,-0.08538788832546479,-0.883954071224573,0,-0.4,-0.09999999999999998,-1.8,-0.4,-0.10000000000000009,-0.2999999999999998,0.09999999999999998,-0.0753535353535354,-0.7563636363636363,0.5444277041751077,1,0.5444277041751077,False,True,V4-B_future_leaky
2026-05-21,広島,DeNA,3,1,マツダスタジアム,,https://handenomori.com/jpb/20260521/,2026,2,1.0,5,1.0,-90.21992173936701,-0.07716346153846154,-0.5733173076923077,0,0.39999999999999997,-0.09999999999999998,1.4,-1.5,-0.8999999999999999,-0.6000000000000001,-0.3,-0.04160125588697017,-0.6499215070643641,0.6017546639394213,1,0.6017546639394213,False,True,V4-B_future_leaky
2026-05-22,ソフトバンク,日本ハム,10,0,PayPayドーム,,https://handenomori.com/jpb/20260522/,2026,10,1.0,5,1.0,-37.68289502028847,0.03887496519075473,0.15767195767195763,0,-0.39999999999999997,-0.39999999999999997,-1.4,-1.4,-0.20000000000000018,-1.1999999999999997,0.0,0.08459383753501404,1.0907563025210083,0.6516634303920431,1,0.6516634303920431,True,True,V4-B_future_leaky
2026-05-22,中日,広島,6,2,ナゴヤドーム,,https://handenomori.com/jpb/20260522/,2026,4,1.0,5,1.0,-16.776385933349957,-0.006643356643356635,-0.18473193473193472,1,-0.39999999999999997,-0.2,-0.8,-0.5,1.8999999999999995,-2.3999999999999995,-0.2,0.015109890109890112,0.6991758241758241,0.6588776111855638,1,0.6588776111855638,True,True,V4-B_future_leaky
2026-05-22,巨人,阪神,4,7,東京ドーム,,https://handenomori.com/jpb/20260522/,2026,-3,0.0,5,1.0,-8.275297216237504,-0.12580664259072882,-1.0862589544727963,-1,0.20000000000000007,0.19999999999999996,0.4,0.2,0.0,0.20000000000000018,-0.09999999999999998,-0.029999999999999916,-0.5,0.5293676783735829,0,0.5293676783735829,False,True,V4-B_future_leaky
2026-05-22,楽天,ロッテ,1,2,楽天モバイル,,https://handenomori.com/jpb/20260522/,2026,-1,0.0,5,1.0,-31.691386795937888,0.041068580542264754,0.03286625655046704,0,-0.4,-0.2,-2.5999999999999996,-1.3,-1.2000000000000002,-0.10000000000000009,0.0,-0.08099489795918369,-0.3465136054421768,0.4890230373580093,0,0.5109769626419907,False,True,V4-B_future_leaky
2026-05-22,西武,オリックス,1,5,メットライフドーム,,https://handenomori.com/jpb/20260522/,2026,-4,0.0,5,1.0,13.778467734061223,-0.07518796992481208,-0.3007518796992481,0,0.19999999999999996,0.30000000000000004,1.0,1.9,1.4,0.5,-0.2,0.06494949494949487,0.6841414141414142,0.679850281087178,1,0.679850281087178,True,False,V4-B_future_leaky
2026-05-23,DeNA,ヤクルト,0,6,横浜スタジアム,,https://handenomori.com/jpb/20260523/,2026,-6,0.0,5,1.0,-30.427648573856686,0.10477228682170542,1.1570978682170543,0,-0.39999999999999997,-0.19999999999999996,-0.8,0.5,-0.7999999999999998,1.2999999999999998,-0.2,-0.0054627911770768756,0.6159554730983302,0.5807026425471419,1,0.5807026425471419,False,False,V4-B_future_leaky
2026-05-23,ソフトバンク,日本ハム,11,1,PayPayドーム,,https://handenomori.com/jpb/20260523/,2026,10,1.0,5,1.0,-17.528458237927225,0.03887496519075473,0.15767195767195763,0,-0.19999999999999996,-0.3,2.5999999999999996,0.8,0.5,0.30000000000000027,0.09999999999999998,0.08459383753501404,1.0907563025210083,0.6536912707125857,1,0.6536912707125857,True,True,V4-B_future_leaky
2026-05-23,中日,広島,3,5,ナゴヤドーム,,https://handenomori.com/jpb/20260523/,2026,-2,0.0,5,1.0,2.17553948855857,-0.006643356643356635,-0.18473193473193472,0,-0.19999999999999996,-0.2,1.0,-0.8,1.4,-2.1999999999999997,-0.2,0.015109890109890112,0.6991758241758241,0.6291966471467116,1,0.6291966471467116,False,False,V4-B_future_leaky
2026-05-23,巨人,阪神,0,3,東京ドーム,,https://handenomori.com/jpb/20260523/,2026,-3,0.0,5,1.0,-29.81066787348618,-0.12580664259072882,-1.0862589544727963,0,-0.20000000000000007,0.09999999999999998,-1.5999999999999999,-0.5999999999999999,-0.3999999999999999,-0.20000000000000018,-0.09999999999999998,-0.029999999999999916,-0.5,0.5738718165156192,1,0.5738718165156192,False,False,V4-B_future_leaky
2026-05-23,楽天,ロッテ,6,7,楽天モバイル,,https://handenomori.com/jpb/20260523/,2026,-1,0.0,5,1.0,-51.881840124834525,0.041068580542264754,0.03286625655046704,0,-0.6000000000000001,-0.3,-3.2,-1.4,-1.0,-0.3999999999999999,0.0,-0.08099489795918369,-0.3465136054421768,0.50547292942785,0,0.50547292942785,False,True,V4-B_future_leaky
2026-05-23,西武,オリックス,4,1,メットライフドーム,,https://handenomori.com/jpb/20260523/,2026,3,1.0,5,1.0,-9.01114199654944,-0.07518796992481208,-0.3007518796992481,0,-0.19999999999999996,0.19999999999999996,-1.7999999999999998,1.2,0.8999999999999999,0.2999999999999998,-0.2,0.06494949494949487,0.6841414141414142,0.6986109604695281,1,0.6986109604695281,True,True,V4-B_future_leaky
2026-05-24,DeNA,ヤクルト,1,0,横浜スタジアム,,https://handenomori.com/jpb/20260524/,2026,1,1.0,5,1.0,-50.69083908561538,0.10477228682170542,1.1570978682170543,0,-0.39999999999999997,-0.3,-2.4,-0.6000000000000001,-1.3,0.6999999999999997,-0.3,-0.0054627911770768756,0.6159554730983302,0.5558093071847473,1,0.5558093071847473,False,True,V4-B_future_leaky
2026-05-24,ソフトバンク,日本ハム,7,6,PayPayドーム,,https://handenomori.com/jpb/20260524/,2026,1,1.0,5,1.0,1.4666458880033133,0.03887496519075473,0.15767195767195763,0,0.19999999999999996,-0.09999999999999998,7.0,3.1,1.2999999999999998,1.7999999999999998,0.19999999999999996,0.08459383753501404,1.0907563025210083,0.6305755199053027,1,0.6305755199053027,False,True,V4-B_future_leaky
2026-05-24,中日,広島,3,5,ナゴヤドーム,,https://handenomori.com/jpb/20260524/,2026,-2,0.0,5,1.0,-19.95632690780667,-0.006643356643356635,-0.18473193473193472,0,-0.39999999999999997,-0.3,-1.2,-1.0,1.2000000000000002,-2.2,-0.2,0.015109890109890112,0.6991758241758241,0.6427370738636202,1,0.6427370738636202,True,False,V4-B_future_leaky
2026-05-24,巨人,阪神,3,6,東京ドーム,,https://handenomori.com/jpb/20260524/,2026,-3,0.0,5,1.0,-50.10936763172958,-0.12580664259072882,-1.0862589544727963,0,-0.4,0.0,-2.6,-1.2,-0.7999999999999998,-0.3999999999999999,-0.09999999999999998,-0.029999999999999916,-0.5,0.6071266159457015,1,0.6071266159457015,False,False,V4-B_future_leaky
2026-05-24,楽天,ロッテ,8,5,楽天モバイル,,https://handenomori.com/jpb/20260524/,2026,3,1.0,5,1.0,-70.91080736318963,0.041068580542264754,0.03286625655046704,0,-0.8,-0.3,-3.2,-1.0999999999999999,-0.7999999999999998,-0.2999999999999998,-0.09999999999999998,-0.08099489795918369,-0.3465136054421768,0.5418292622333097,1,0.5418292622333097,False,True,V4-B_future_leaky
2026-05-24,西武,オリックス,4,3,メットライフドーム,,https://handenomori.com/jpb/20260524/,2026,1,1.0,5,1.0,9.495603124726358,-0.07518796992481208,-0.3007518796992481,0,0.0,0.29999999999999993,-1.0,1.5,1.0,0.5,-0.2,0.06494949494949487,0.6841414141414142,0.6850826623892565,1,0.6850826623892565,True,True,V4-B_future_leaky
2026-05-26,DeNA,オリックス,1,7,横浜スタジアム,,https://handenomori.com/jpb/20260526/,2026,-6,0.0,5,1.0,-76.20160809430195,-0.01820958646616544,0.35585056390977443,0,-0.19999999999999996,0.0,-2.8,-0.4,-0.8,0.40000000000000036,-0.16666666666666669,-0.04586683158111732,0.393733250876108,0.5337248378675287,0,0.5337248378675287,False,True,V4-B_future_leaky
2026-05-26,ヤクルト,西武,1,2,神宮野球場,,https://handenomori.com/jpb/20260526/,2026,-1,0.0,5,1.0,-73.36153529926673,-0.047793903363058776,-0.5004954246080318,0,0.0,-0.19999999999999996,2.0,-1.6,-0.5,-1.1,0.16666666666666663,-0.10535353535353531,-0.9063636363636364,0.5250145238125828,0,0.5250145238125828,False,True,V4-B_future_leaky
2026-05-26,中日,楽天,1,0,ナゴヤドーム,,https://handenomori.com/jpb/20260526/,2026,1,1.0,5,1.0,-75.96356449682094,-0.030303030303030276,0.13636363636363635,0,0.0,-0.2,0.4,-0.5,0.20000000000000018,-0.7000000000000002,-0.09999999999999998,0.044937205651491396,0.896193092621664,0.6170813355067981,1,0.6170813355067981,False,True,V4-B_future_leaky
2026-05-26,巨人,ソフトバンク,3,8,東京ドーム,,https://handenomori.com/jpb/20260526/,2026,-5,0.0,5,1.0,-55.05443060272273,-0.1278195488721805,-1.150375939849624,0,-0.39999999999999997,0.19999999999999996,-4.8,-1.2000000000000002,-1.8000000000000003,0.5999999999999996,0.09999999999999998,-0.08745098039215682,-1.3898039215686273,0.5237617905225146,0,0.5237617905225146,False,True,V4-B_future_leaky
2026-05-26,広島,ロッテ,1,3,マツダスタジアム,,https://handenomori.com/jpb/20260526/,2026,-2,0.0,5,1.0,-83.99274014980824,0.017408906882591113,0.3539618276460381,0,0.0,0.0,0.2,0.1,-1.0,1.1,-0.09999999999999998,-0.0511675824175824,-0.1494963369963369,0.6221678988116524,1,0.6221678988116524,False,False,V4-B_future_leaky
2026-05-26,阪神,日本ハム,0,4,甲子園球場,,https://handenomori.com/jpb/20260526/,2026,-4,0.0,5,1.0,33.56085155669052,0.03686205890930305,0.09355497229512988,0,0.6,0.29999999999999993,5.4,3.7,0.7999999999999998,2.9,0.0,0.027142857142857135,0.20095238095238094,0.5135355769864484,0,0.5135355769864484,False,True,V4-B_future_leaky
2026-05-27,DeNA,オリックス,2,5,横浜スタジアム,,https://handenomori.com/jpb/20260527/,2026,-3,0.0,5,1.0,-93.84090873460877,-0.01820958646616544,0.35585056390977443,0,-0.19999999999999996,-0.2,-4.6,-2.0,-1.6999999999999997,-0.2999999999999998,-0.2142857142857143,-0.04586683158111732,0.393733250876108,0.508257017566961,0,0.508257017566961,False,True,V4-B_future_leaky
2026-05-27,中日,楽天,7,2,ナゴヤドーム,,https://handenomori.com/jpb/20260527/,2026,5,1.0,5,1.0,-53.61637820665214,-0.030303030303030276,0.13636363636363635,0,0.2,-0.10000000000000003,0.4,-0.3,0.20000000000000018,-0.5,0.0,0.044937205651491396,0.896193092621664,0.5673738380207577,1,0.5673738380207577,False,True,V4-B_future_leaky
2026-05-27,巨人,ソフトバンク,5,1,東京ドーム,,https://handenomori.com/jpb/20260527/,2026,4,1.0,5,1.0,-73.90128515763354,-0.1278195488721805,-1.150375939849624,0,-0.8,0.0,-7.4,-2.7,-2.8000000000000003,0.09999999999999964,0.0,-0.08745098039215682,-1.3898039215686273,0.5329235432625307,0,0.5329235432625307,False,False,V4-B_future_leaky
2026-05-27,広島,ロッテ,4,5,マツダスタジアム,,https://handenomori.com/jpb/20260527/,2026,-1,0.0,5,1.0,-101.19103691480473,0.017408906882591113,0.3539618276460381,0,-0.20000000000000007,-0.09999999999999998,-0.6,-0.2,-1.1999999999999997,1.0,-0.16666666666666669,-0.0511675824175824,-0.1494963369963369,0.6298583095676714,1,0.6298583095676714,False,False,V4-B_future_leaky
2026-05-27,阪神,日本ハム,2,5,甲子園球場,,https://handenomori.com/jpb/20260527/,2026,-3,0.0,5,1.0,9.664614946900656,0.03686205890930305,0.09355497229512988,0,0.4,0.19999999999999996,4.2,2.3,0.0,2.3,-0.07142857142857145,0.027142857142857135,0.20095238095238094,0.5645921726905945,1,0.5645921726905945,False,False,V4-B_future_leaky
2026-05-28,DeNA,オリックス,3,1,横浜スタジアム,,https://handenomori.com/jpb/20260528/,2026,2,1.0,5,1.0,-110.48576999837474,-0.01820958646616544,0.35585056390977443,0,-0.39999999999999997,-0.3,-5.0,-2.9000000000000004,-2.3,-0.6000000000000001,-0.25,-0.04586683158111732,0.393733250876108,0.5153842982895926,0,0.5153842982895926,False,False,V4-B_future_leaky
2026-05-28,ヤクルト,西武,0,8,神宮野球場,,https://handenomori.com/jpb/20260528/,2026,-8,0.0,5,1.0,-91.16219801732655,-0.047793903363058776,-0.5004954246080318,0,-0.19999999999999996,-0.19999999999999996,1.0,-1.1,-0.2999999999999998,-0.8000000000000003,0.0714285714285714,-0.10535353535353531,-0.9063636363636364,0.5542194482247088,1,0.5542194482247088,False,False,V4-B_future_leaky
2026-05-28,中日,楽天,2,1,ナゴヤドーム,,https://handenomori.com/jpb/20260528/,2026,1,1.0,5,1.0,-32.54575774105774,-0.030303030303030276,0.13636363636363635,0,0.39999999999999997,0.10000000000000003,2.2,1.5,1.0,0.5000000000000004,0.0714285714285714,0.044937205651491396,0.896193092621664,0.5902219137390669,1,0.5902219137390669,False,True,V4-B_future_leaky
2026-05-28,巨人,ソフトバンク,4,8,東京ドーム,,https://handenomori.com/jpb/20260528/,2026,-4,0.0,5,1.0,-51.6712583703943,-0.1278195488721805,-1.150375939849624,0,-0.6000000000000001,0.0,-6.4,-2.2,-2.7,0.5,0.0714285714285714,-0.08745098039215682,-1.3898039215686273,0.5077250884668657,0,0.5077250884668657,False,True,V4-B_future_leaky
2026-05-28,広島,ロッテ,3,6,マツダスタジアム,,https://handenomori.com/jpb/20260528/,2026,-3,0.0,5,1.0,-117.42621311440075,0.017408906882591113,0.3539618276460381,0,-0.4,-0.30000000000000004,-1.0,-1.0,-1.2999999999999998,0.30000000000000027,-0.2142857142857143,-0.0511675824175824,-0.1494963369963369,0.6239199721005774,1,0.6239199721005774,False,False,V4-B_future_leaky
2026-05-28,阪神,日本ハム,2,4,甲子園球場,,https://handenomori.com/jpb/20260528/,2026,-2,0.0,5,1.0,-12.892416277968096,0.03686205890930305,0.09355497229512988,0,0.19999999999999996,0.09999999999999998,3.1999999999999997,1.7000000000000002,-0.20000000000000018,1.9,-0.125,0.027142857142857135,0.20095238095238094,0.5793484791340553,1,0.5793484791340553,False,False,V4-B_future_leaky
2026-05-29,オリックス,中日,1,5,京セラドーム大阪,,https://handenomori.com/jpb/20260529/,2026,-4,0.0,5,1.0,145.75282052364923,0.10201640464798362,0.402198678514468,0,-0.19999999999999996,0.0,0.0,0.09999999999999998,-0.2999999999999998,0.40000000000000036,0.0,0.07235819735819737,-0.442987567987568,0.5470203007231123,1,0.5470203007231123,False,False,V4-B_future_leaky
2026-05-29,ソフトバンク,広島,2,0,PayPayドーム,,https://handenomori.com/jpb/20260529/,2026,2,1.0,5,1.0,143.51062231793435,0.1855986119144014,1.4505494505494505,0,0.4,0.09999999999999998,3.6,2.5,2.7,-0.19999999999999973,0.33333333333333337,0.20986856280973926,2.1801335918982976,0.6904048334854684,1,0.6904048334854684,True,True,V4-B_future_leaky
2026-05-29,ロッテ,阪神,0,1,ZOZOマリンスタジアム,,https://handenomori.com/jpb/20260529/,2026,-1,0.0,5,1.0,16.7631244620502,-0.20099461251554085,-1.7403942928186609,0,0.4,0.20000000000000007,1.4,0.6,0.7000000000000002,-0.10000000000000009,0.0,-0.10124999999999995,-1.1408333333333334,0.4384905464397272,0,0.5615094535602728,False,True,V4-B_future_leaky
2026-05-29,日本ハム,巨人,2,4,エスコンF,,https://handenomori.com/jpb/20260529/,2026,-2,0.0,5,1.0,77.3703272140956,0.08894458368142577,0.9927039821776664,0,0.39999999999999997,0.19999999999999996,1.8000000000000003,0.3999999999999999,1.1999999999999997,-0.8000000000000003,-0.09999999999999998,0.0028571428571427804,0.29904761904761906,0.547290981655215,1,0.547290981655215,False,False,V4-B_future_leaky
2026-05-29,楽天,ヤクルト,2,7,楽天モバイル,,https://handenomori.com/jpb/20260529/,2026,-5,0.0,5,1.0,-64.35162891429695,0.05126849894291752,0.2626849894291755,0,-0.2,-0.3,-0.6,-1.2,0.09999999999999964,-1.2999999999999998,0.30000000000000004,-0.07689136260564833,-0.23098330241187381,0.525709914666151,0,0.525709914666151,False,True,V4-B_future_leaky
2026-05-29,西武,DeNA,13,4,メットライフドーム,,https://handenomori.com/jpb/20260529/,2026,9,1.0,5,1.0,125.45051660167451,-0.05697838345864664,-0.6566024436090225,0,0.4,0.39999999999999997,4.2,3.0,2.0,1.0,-0.16666666666666669,0.11081632653061219,0.29040816326530616,0.5998041361552662,1,0.5998041361552662,False,True,V4-B_future_leaky
2026-05-30,オリックス,中日,3,1,京セラドーム大阪,,https://handenomori.com/jpb/20260530/,2026,2,1.0,5,1.0,116.19498583971745,0.10201640464798362,0.402198678514468,0,-0.4,0.0,-1.4,0.4,-0.20000000000000018,0.5999999999999996,-0.07142857142857145,0.07235819735819737,-0.442987567987568,0.5833736490072006,1,0.5833736490072006,False,True,V4-B_future_leaky
2026-05-30,ソフトバンク,広島,4,2,PayPayドーム,,https://handenomori.com/jpb/20260530/,2026,2,1.0,5,1.0,154.05268828514022,0.1855986119144014,1.4505494505494505,0,0.6000000000000001,0.29999999999999993,2.8,3.1,2.6999999999999997,0.3999999999999999,0.3571428571428571,0.20986856280973926,2.1801335918982976,0.6700729463523692,1,0.6700729463523692,True,True,V4-B_future_leaky
2026-05-30,ロッテ,阪神,3,4,ZOZOマリンスタジアム,,https://handenomori.com/jpb/20260530/,2026,-1,0.0,5,1.0,-6.194747624872889,-0.20099461251554085,-1.7403942928186609,0,0.19999999999999996,0.09999999999999998,1.4,0.3,0.30000000000000027,0.0,-0.07142857142857145,-0.10124999999999995,-1.1408333333333334,0.46712004708118915,0,0.5328799529188109,False,True,V4-B_future_leaky
2026-05-30,日本ハム,巨人,3,5,エスコンF,,https://handenomori.com/jpb/20260530/,2026,-2,0.0,5,1.0,51.118266010428215,0.08894458368142577,0.9927039821776664,0,0.19999999999999996,0.09999999999999998,2.4,0.0,0.8999999999999999,-0.9000000000000004,-0.16666666666666669,0.0028571428571427804,0.29904761904761906,0.5640381709902942,1,0.5640381709902942,False,False,V4-B_future_leaky
2026-05-30,楽天,ヤクルト,7,8,楽天モバイル,,https://handenomori.com/jpb/20260530/,2026,-1,0.0,5,1.0,-82.6660214889755,0.05126849894291752,0.2626849894291755,0,-0.2,-0.4,-2.0,-2.1,-0.3999999999999999,-1.7000000000000002,0.16666666666666663,-0.07689136260564833,-0.23098330241187381,0.5302248357188893,0,0.5302248357188893,False,True,V4-B_future_leaky
2026-05-30,西武,DeNA,6,0,メットライフドーム,,https://handenomori.com/jpb/20260530/,2026,6,1.0,5,1.0,136.8192909829188,-0.05697838345864664,-0.6566024436090225,0,0.6,0.39999999999999997,7.4,4.4,2.8999999999999995,1.5,-0.07142857142857145,0.11081632653061219,0.29040816326530616,0.597411948934544,1,0.597411948934544,False,True,V4-B_future_leaky
2026-05-31,オリックス,中日,7,5,京セラドーム大阪,,https://handenomori.com/jpb/20260531/,2026,2,1.0,5,1.0,128.0022591561128,0.10201640464798362,0.402198678514468,0,-0.20000000000000007,0.09999999999999998,-0.8,0.5000000000000001,-0.10000000000000009,0.6000000000000001,0.0,0.07235819735819737,-0.442987567987568,0.5665153313400365,1,0.5665153313400365,False,True,V4-B_future_leaky
2026-05-31,ソフトバンク,広島,3,1,PayPayドーム,,https://handenomori.com/jpb/20260531/,2026,2,1.0,5,1.0,164.13041998702943,0.1855986119144014,1.4505494505494505,0,0.8,0.39999999999999997,3.8,3.3,2.7,0.6000000000000001,0.375,0.20986856280973926,2.1801335918982976,0.6766678806047076,1,0.6766678806047076,True,True,V4-B_future_leaky
2026-05-31,ロッテ,阪神,4,2,ZOZOマリンスタジアム,,https://handenomori.com/jpb/20260531/,2026,2,1.0,5,1.0,-27.849122383510803,-0.20099461251554085,-1.7403942928186609,0,0.19999999999999996,-0.09999999999999998,2.2,-0.09999999999999998,-0.10000000000000009,0.0,-0.125,-0.10124999999999995,-1.1408333333333334,0.46865419962120874,0,0.5313458003787912,False,False,V4-B_future_leaky
2026-05-31,日本ハム,巨人,3,0,エスコンF,,https://handenomori.com/jpb/20260531/,2026,3,1.0,5,1.0,26.25999033397602,0.08894458368142577,0.9927039821776664,0,0.0,0.09999999999999998,1.2,0.0,0.5,-0.5,-0.2142857142857143,0.0028571428571427804,0.29904761904761906,0.6119616930960049,1,0.6119616930960049,False,True,V4-B_future_leaky
2026-05-31,楽天,ヤクルト,1,2,楽天モバイル,,https://handenomori.com/jpb/20260531/,2026,-1,0.0,5,1.0,-99.93923131419774,0.05126849894291752,0.2626849894291755,0,-0.4,-0.4,-1.8,-1.6,0.20000000000000018,-1.7999999999999998,0.0714285714285714,-0.07689136260564833,-0.23098330241187381,0.5858859236932815,1,0.5858859236932815,False,False,V4-B_future_leaky
2026-05-31,西武,DeNA,0,6,メットライフドーム,,https://handenomori.com/jpb/20260531/,2026,-6,0.0,5,1.0,147.66311271758946,-0.05697838345864664,-0.6566024436090225,0,0.8,0.5,9.4,5.6,3.0999999999999996,2.5,0.0,0.11081632653061219,0.29040816326530616,0.607884123120837,1,0.607884123120837,False,False,V4-B_future_leaky
2026-06-02,DeNA,楽天,3,7,横浜スタジアム,,https://handenomori.com/jpb/20260602/,2026,-4,0.0,6,1.0,76.51932138259644,0.0535037878787879,0.8944128787878788,0,0.4,0.30000000000000004,0.6000000000000001,-0.7000000000000002,-0.8999999999999999,0.1999999999999993,0.0714285714285714,0.07142857142857145,0.846938775510204,0.465210741259431,0,0.5347892587405689,False,True,V4-B_future_leaky
2026-06-02,ヤクルト,ロッテ,0,5,神宮野球場,,https://handenomori.com/jpb/20260602/,2026,-5,0.0,6,1.0,-2.067352063262433,-0.010199918400652763,-0.22981873287870846,0,0.0,-0.09999999999999998,-1.2000000000000002,0.0,-0.5999999999999996,0.6000000000000001,-0.25,-0.004103535353535359,-0.11553030303030298,0.541439821608922,1,0.541439821608922,False,False,V4-B_future_leaky
2026-06-02,中日,ソフトバンク,0,3,ナゴヤドーム,,https://handenomori.com/jpb/20260602/,2026,-3,0.0,6,1.0,-140.18906523586566,-0.19224196855775805,-1.6352813852813852,0,-0.20000000000000007,-0.30000000000000004,0.0,-2.1,-1.7000000000000002,-0.3999999999999999,-0.33333333333333337,-0.19475867269984914,-1.4809577677224737,0.4914680171919339,0,0.5085319828080661,False,True,V4-B_future_leaky
2026-06-02,巨人,オリックス,3,2,東京ドーム,,https://handenomori.com/jpb/20260602/,2026,1,1.0,6,1.0,-67.60806798015824,-0.03759398496240607,0.08270676691729323,0,0.0,-0.3,0.0,-2.7,-1.1999999999999997,-1.5000000000000004,-0.5,0.03494949494949495,0.5341414141414141,0.6282419051309208,1,0.6282419051309208,False,True,V4-B_future_leaky
2026-06-03,DeNA,楽天,0,2,横浜スタジアム,,https://handenomori.com/jpb/20260603/,2026,-2,0.0,6,1.0,50.31149466972374,0.0535037878787879,0.8944128787878788,0,0.2,0.09999999999999998,-1.4000000000000001,-1.8000000000000003,-1.4,-0.39999999999999947,0.0,0.07142857142857145,0.846938775510204,0.47964862368764666,0,0.5203513763123533,False,True,V4-B_future_leaky
2026-06-03,ヤクルト,ロッテ,1,0,神宮野球場,,https://handenomori.com/jpb/20260603/,2026,1,1.0,6,1.0,-23.95745038616019,-0.010199918400652763,-0.22981873287870846,0,0.0,-0.19999999999999996,-2.8,-1.2,-1.2999999999999998,0.10000000000000009,-0.3,-0.004103535353535359,-0.11553030303030298,0.5184581262016069,0,0.5184581262016069,False,False,V4-B_future_leaky
2026-06-03,巨人,オリックス,5,4,東京ドーム,,https://handenomori.com/jpb/20260603/,2026,1,1.0,6,1.0,-45.73648873807588,-0.03759398496240607,0.08270676691729323,0,0.19999999999999996,-0.09999999999999998,0.19999999999999996,-1.7999999999999998,-0.3999999999999999,-1.4,-0.35714285714285715,0.03494949494949495,0.5341414141414141,0.609154238059997,1,0.609154238059997,False,True,V4-B_future_leaky
2026-06-03,広島,日本ハム,3,1,マツダスタジアム,,https://handenomori.com/jpb/20260603/,2026,2,1.0,6,1.0,-148.00156304460506,-0.14672364672364668,-1.2928774928774929,0,-0.6,-0.2,-2.8,0.10000000000000009,-0.6999999999999997,0.8000000000000003,0.0,-0.12527472527472522,-1.0893772893772893,0.5740274544505416,1,0.5740274544505416,False,True,V4-B_future_leaky
2026-06-03,阪神,西武,2,3,甲子園球場,,https://handenomori.com/jpb/20260603/,2026,-1,0.0,6,1.0,-67.96795667183483,0.16340062755313484,1.4697176010893376,0,-0.4,-0.09999999999999998,-4.6,-1.5999999999999999,-0.7000000000000002,-0.8999999999999999,0.0,0.0,0.35,0.6513811043053815,1,0.6513811043053815,True,False,V4-B_future_leaky
2026-06-04,DeNA,楽天,8,7,横浜スタジアム,,https://handenomori.com/jpb/20260604/,2026,1,1.0,6,1.0,25.496944692301895,0.0535037878787879,0.8944128787878788,0,-0.2,0.0,-2.8,-2.1,-1.6,-0.5,-0.05555555555555558,0.07142857142857145,0.846938775510204,0.5188297970298784,0,0.5188297970298784,False,False,V4-B_future_leaky
2026-06-04,ヤクルト,ロッテ,2,5,神宮野球場,,https://handenomori.com/jpb/20260604/,2026,-3,0.0,6,1.0,-4.592896686349377,-0.010199918400652763,-0.22981873287870846,0,0.4,0.0,-0.20000000000000007,-0.7000000000000001,-1.0,0.2999999999999998,-0.16666666666666669,-0.004103535353535359,-0.11553030303030298,0.5193365188562521,0,0.5193365188562521,False,True,V4-B_future_leaky
2026-06-04,中日,ソフトバンク,1,2,ナゴヤドーム,,https://handenomori.com/jpb/20260604/,2026,-1,0.0,6,1.0,-154.3123661514287,-0.19224196855775805,-1.6352813852813852,0,-0.6,-0.4,-3.0,-3.1,-2.4000000000000004,-0.6999999999999997,-0.35714285714285715,-0.19475867269984914,-1.4809577677224737,0.5230267148831883,0,0.5230267148831883,False,True,V4-B_future_leaky
2026-06-04,巨人,オリックス,2,1,東京ドーム,,https://handenomori.com/jpb/20260604/,2026,1,1.0,6,1.0,-25.118643420912576,-0.03759398496240607,0.08270676691729323,0,0.4,0.09999999999999998,1.0,-0.9,-0.19999999999999973,-0.7000000000000002,-0.25,0.03494949494949495,0.5341414141414141,0.6100329597235445,1,0.6100329597235445,False,True,V4-B_future_leaky
2026-06-04,阪神,西武,2,4,甲子園球場,,https://handenomori.com/jpb/20260604/,2026,-2,0.0,6,1.0,-86.07584398703989,0.16340062755313484,1.4697176010893376,0,-0.4,-0.19999999999999996,-4.2,-1.8,-1.3000000000000003,-0.5,-0.07142857142857145,0.0,0.35,0.6587069909249925,1,0.6587069909249925,True,False,V4-B_future_leaky
2026-06-05,DeNA,ソフトバンク,8,3,横浜スタジアム,,https://handenomori.com/jpb/20260605/,2026,5,1.0,6,1.0,-111.1708702091978,-0.10843515037593987,-0.8772321428571428,0,-0.6,-0.5,-3.0,-4.6,-2.1000000000000005,-2.5,-0.33333333333333337,-0.1682673069227691,-1.5302120848339336,0.38882309964100414,0,0.6111769003589959,False,False,V4-B_future_leaky
2026-06-05,ヤクルト,日本ハム,1,3,神宮野球場,,https://handenomori.com/jpb/20260605/,2026,-2,0.0,6,1.0,-13.672449160402493,-0.17433247200689056,-1.8766580534022395,-1,0.19999999999999996,0.09999999999999998,-0.8,1.1,-0.19999999999999973,1.3000000000000003,-0.16666666666666669,-0.07821067821067818,-1.0554112554112554,0.47287437651024233,0,0.5271256234897577,False,True,V4-B_future_leaky
2026-06-05,中日,西武,1,0,ナゴヤドーム,,https://handenomori.com/jpb/20260605/,2026,1,1.0,6,1.0,-209.3812106231078,-0.026828434723171535,-0.1014467988152199,0,-0.6000000000000001,-0.4,-3.2,-2.2,-1.7000000000000002,-0.5,-0.3,-0.13730769230769224,-0.24115384615384616,0.6351898490716654,1,0.6351898490716654,False,True,V4-B_future_leaky
2026-06-05,巨人,ロッテ,8,2,東京ドーム,,https://handenomori.com/jpb/20260605/,2026,6,1.0,6,1.0,-11.333247897034653,0.07518796992481203,0.6541353383458646,0,0.20000000000000007,0.0,-1.2000000000000002,-1.4,-0.20000000000000018,-1.1999999999999997,-0.16666666666666669,0.07125000000000004,0.6408333333333334,0.6241024966752062,1,0.6241024966752062,False,True,V4-B_future_leaky
2026-06-05,阪神,楽天,8,1,甲子園球場,,https://handenomori.com/jpb/20260605/,2026,7,1.0,6,1.0,91.74260902122614,0.1599260319732761,1.7075280362681937,0,0.0,0.10000000000000003,-1.2,0.0,-1.3000000000000003,1.2999999999999998,-0.5,0.18224489795918364,1.4873469387755103,0.6170420759778886,1,0.6170420759778886,False,True,V4-B_future_leaky
2026-06-06,DeNA,ソフトバンク,3,6,横浜スタジアム,,https://handenomori.com/jpb/20260606/,2026,-3,0.0,6,1.0,-86.85504859443517,-0.10843515037593987,-0.8772321428571428,0,-0.20000000000000007,-0.4,0.6,-2.7,-0.5999999999999996,-2.0999999999999996,-0.2142857142857143,-0.1682673069227691,-1.5302120848339336,0.38566400018953334,0,0.6143359998104667,False,True,V4-B_future_leaky
2026-06-06,ヤクルト,日本ハム,0,2,神宮野球場,,https://handenomori.com/jpb/20260606/,2026,-2,0.0,6,1.0,-34.89862191030602,-0.17433247200689056,-1.8766580534022395,0,0.0,-0.09999999999999998,-1.4000000000000001,-0.8999999999999999,-1.0,0.10000000000000009,-0.2142857142857143,-0.07821067821067818,-1.0554112554112554,0.47586732787531655,0,0.5241326721246835,False,True,V4-B_future_leaky
2026-06-06,中日,西武,2,5,ナゴヤドーム,,https://handenomori.com/jpb/20260606/,2026,-3,0.0,6,1.0,-180.10886002431403,-0.026828434723171535,-0.1014467988152199,0,-0.39999999999999997,-0.30000000000000004,-1.7999999999999998,-2.1999999999999997,-1.8000000000000003,-0.3999999999999999,-0.16666666666666669,-0.13730769230769224,-0.24115384615384616,0.6135996805824023,1,0.6135996805824023,False,False,V4-B_future_leaky
2026-06-06,広島,オリックス,7,4,マツダスタジアム,,https://handenomori.com/jpb/20260606/,2026,3,1.0,6,1.0,-128.73715904748656,-0.09537304800462698,-0.21746674378253328,1,-0.2,-0.10000000000000003,-1.5999999999999999,-1.3,-0.7999999999999998,-0.5,0.0,-0.08746808746808749,-0.25618825618825614,0.6232838147183684,1,0.6232838147183684,False,True,V4-B_future_leaky
2026-06-06,阪神,楽天,1,0,甲子園球場,,https://handenomori.com/jpb/20260606/,2026,1,1.0,6,1.0,104.75400509619885,0.1599260319732761,1.7075280362681937,0,0.0,0.2,1.2,1.4000000000000001,-0.10000000000000009,1.4999999999999996,-0.33333333333333337,0.18224489795918364,1.4873469387755103,0.6305512963747941,1,0.6305512963747941,False,True,V4-B_future_leaky
2026-06-07,DeNA,ソフトバンク,2,4,横浜スタジアム,,https://handenomori.com/jpb/20260607/,2026,-2,0.0,6,1.0,-103.89200087187555,-0.10843515037593987,-0.8772321428571428,0,-0.4,-0.4,-1.4,-2.6,-0.2999999999999998,-2.3,-0.25,-0.1682673069227691,-1.5302120848339336,0.4028425558128026,0,0.5971574441871974,False,True,V4-B_future_leaky
2026-06-07,ヤクルト,日本ハム,1,7,神宮野球場,,https://handenomori.com/jpb/20260607/,2026,-6,0.0,6,1.0,-54.904457702092486,-0.17433247200689056,-1.8766580534022395,0,-0.39999999999999997,-0.19999999999999996,-2.8000000000000003,-2.2,-1.0999999999999996,-1.1,-0.25,-0.07821067821067818,-1.0554112554112554,0.5192330006391647,0,0.5192330006391647,False,True,V4-B_future_leaky
2026-06-07,中日,西武,1,4,ナゴヤドーム,,https://handenomori.com/jpb/20260607/,2026,-3,0.0,6,1.0,-192.2097672436205,-0.026828434723171535,-0.1014467988152199,0,-0.39999999999999997,-0.30000000000000004,-1.4000000000000001,-2.3,-2.0,-0.2999999999999998,-0.2142857142857143,-0.13730769230769224,-0.24115384615384616,0.6261979124869623,1,0.6261979124869623,False,False,V4-B_future_leaky
2026-06-07,広島,オリックス,5,2,マツダスタジアム,,https://handenomori.com/jpb/20260607/,2026,3,1.0,6,1.0,-103.46843607212918,-0.09537304800462698,-0.21746674378253328,0,0.2,0.0,0.6000000000000001,-0.4,-0.3999999999999999,0.0,0.0714285714285714,-0.08746808746808749,-0.25618825618825614,0.5678488693520612,1,0.5678488693520612,False,True,V4-B_future_leaky
2026-06-09,オリックス,ヤクルト,4,3,京セラドーム大阪,,https://handenomori.com/jpb/20260609/,2026,1,1.0,6,1.0,26.156686909036353,0.12298187328787086,0.8012473043072799,0,-0.2,-0.10000000000000003,0.5999999999999999,1.0,0.7999999999999998,0.20000000000000018,0.0,0.04040404040404044,0.2222222222222222,0.630516602398204,1,0.630516602398204,False,True,V4-B_future_leaky
2026-06-09,ソフトバンク,阪神,10,4,PayPayドーム,,https://handenomori.com/jpb/20260609/,2026,6,1.0,6,1.0,53.193753590579945,0.0020129062814516763,0.06411698537682775,-1,0.4,0.4,0.20000000000000007,1.4,1.2000000000000002,0.19999999999999973,0.16666666666666663,0.0574509803921569,0.8898039215686274,0.6061226549502416,1,0.6061226549502416,False,True,V4-B_future_leaky
2026-06-09,ロッテ,中日,3,1,ZOZOマリンスタジアム,,https://handenomori.com/jpb/20260609/,2026,2,1.0,6,1.0,115.54892771603159,-0.010765550239234478,-0.1692298929141034,2,0.39999999999999997,0.19999999999999996,2.4,1.0,0.7999999999999998,0.19999999999999973,-0.16666666666666669,0.03605769230769229,-0.5496794871794872,0.5588268119941631,1,0.5588268119941631,False,True,V4-B_future_leaky
2026-06-09,日本ハム,DeNA,4,1,エスコンF,,https://handenomori.com/jpb/20260609/,2026,3,1.0,6,1.0,92.94341364160209,0.06956018518518514,0.7195601851851852,0,0.4,0.29999999999999993,2.4000000000000004,2.8,-0.30000000000000027,3.1000000000000005,-0.16666666666666669,0.08367346938775505,0.4394557823129252,0.590954344241447,1,0.590954344241447,False,True,V4-B_future_leaky
2026-06-09,楽天,巨人,2,8,楽天モバイル,,https://handenomori.com/jpb/20260609/,2026,-6,0.0,6,1.0,-123.8856417126151,-0.03411938938254727,-0.6212690817953976,-1,-0.4,-0.49999999999999994,-1.7999999999999998,-2.1,-0.8999999999999999,-1.1999999999999997,0.16666666666666663,-0.15224489795918372,-0.9873469387755102,0.48619999815943804,0,0.513800001840562,False,True,V4-B_future_leaky
2026-06-09,西武,広島,4,3,メットライフドーム,,https://handenomori.com/jpb/20260609/,2026,1,1.0,6,1.0,188.66534286208116,0.0201850780798149,-0.08328513591671483,0,0.20000000000000007,0.4,0.8,2.8000000000000003,1.4,1.4,-0.33333333333333337,0.15241758241758235,0.9403296703296703,0.6806460786393679,1,0.6806460786393679,True,True,V4-B_future_leaky
2026-06-10,オリックス,ヤクルト,8,4,京セラドーム大阪,,https://handenomori.com/jpb/20260610/,2026,4,1.0,6,1.0,42.67213945596973,0.12298187328787086,0.8012473043072799,0,0.2,-0.10000000000000003,1.4,0.10000000000000009,0.3999999999999999,-0.2999999999999998,0.0714285714285714,0.04040404040404044,0.2222222222222222,0.5931183436370216,1,0.5931183436370216,False,True,V4-B_future_leaky
2026-06-10,ソフトバンク,阪神,6,2,PayPayドーム,,https://handenomori.com/jpb/20260610/,2026,4,1.0,6,1.0,68.22321733649096,0.0020129062814516763,0.06411698537682775,0,0.4,0.5,1.5999999999999999,2.6,1.7000000000000002,0.8999999999999999,0.2142857142857143,0.0574509803921569,0.8898039215686274,0.5919030085513848,1,0.5919030085513848,False,True,V4-B_future_leaky
2026-06-10,ロッテ,中日,4,11,ZOZOマリンスタジアム,,https://handenomori.com/jpb/20260610/,2026,-7,0.0,6,1.0,127.38717411508674,-0.010765550239234478,-0.1692298929141034,0,0.39999999999999997,0.3,2.2,1.7,1.4,0.2999999999999998,-0.07142857142857145,0.03605769230769229,-0.5496794871794872,0.5380799555950379,0,0.5380799555950379,False,True,V4-B_future_leaky
2026-06-10,日本ハム,DeNA,4,2,エスコンF,,https://handenomori.com/jpb/20260610/,2026,2,1.0,6,1.0,105.89419941206097,0.06956018518518514,0.7195601851851852,0,0.4,0.39999999999999997,2.6,3.2,-0.10000000000000009,3.3000000000000003,-0.07142857142857145,0.08367346938775505,0.4394557823129252,0.5913533430958203,1,0.5913533430958203,False,True,V4-B_future_leaky
2026-06-10,楽天,巨人,0,7,楽天モバイル,,https://handenomori.com/jpb/20260610/,2026,-7,0.0,6,1.0,-138.87775572792248,-0.03411938938254727,-0.6212690817953976,0,-0.8,-0.6000000000000001,-5.6,-3.3,-1.4000000000000004,-1.9000000000000004,0.0714285714285714,-0.15224489795918372,-0.9873469387755102,0.5083300565577855,0,0.5083300565577855,False,True,V4-B_future_leaky
2026-06-10,西武,広島,5,4,メットライフドーム,,https://handenomori.com/jpb/20260610/,2026,1,1.0,6,1.0,197.3162495472793,0.0201850780798149,-0.08328513591671483,0,0.20000000000000007,0.5,0.6000000000000001,3.1,1.8000000000000003,1.2999999999999998,-0.2142857142857143,0.15241758241758235,0.9403296703296703,0.6785154591300248,1,0.6785154591300248,True,True,V4-B_future_leaky
2026-06-11,オリックス,ヤクルト,4,2,京セラドーム大阪,,https://handenomori.com/jpb/20260611/,2026,2,1.0,6,1.0,58.27399932119238,0.12298187328787086,0.8012473043072799,0,0.4,0.10000000000000003,2.6,1.6,1.4,0.20000000000000018,0.125,0.04040404040404044,0.2222222222222222,0.5743201033594726,1,0.5743201033594726,False,True,V4-B_future_leaky
2026-06-11,ソフトバンク,阪神,3,2,PayPayドーム,,https://handenomori.com/jpb/20260611/,2026,1,1.0,6,1.0,82.4500822265004,0.0020129062814516763,0.06411698537682775,0,0.4,0.5,2.8,2.7,1.5,1.2000000000000002,0.25,0.0574509803921569,0.8898039215686274,0.5723635585318056,1,0.5723635585318056,False,True,V4-B_future_leaky
2026-06-11,ロッテ,中日,3,2,ZOZOマリンスタジアム,,https://handenomori.com/jpb/20260611/,2026,1,1.0,6,1.0,98.66544733491833,-0.010765550239234478,-0.1692298929141034,0,0.0,0.2,-1.8,0.30000000000000004,0.40000000000000036,-0.09999999999999964,-0.125,0.03605769230769229,-0.5496794871794872,0.5861049691448393,1,0.5861049691448393,False,True,V4-B_future_leaky
2026-06-11,日本ハム,DeNA,3,0,エスコンF,,https://handenomori.com/jpb/20260611/,2026,3,1.0,6,1.0,118.20085228633843,0.06956018518518514,0.7195601851851852,0,0.8,0.39999999999999997,4.0,2.4,0.0,2.4,0.0,0.08367346938775505,0.4394557823129252,0.5674930592859039,1,0.5674930592859039,False,True,V4-B_future_leaky
2026-06-11,楽天,巨人,8,2,楽天モバイル,,https://handenomori.com/jpb/20260611/,2026,6,1.0,6,1.0,-153.07010062739687,-0.03411938938254727,-0.6212690817953976,0,-1.0,-0.6000000000000001,-8.600000000000001,-4.199999999999999,-1.6999999999999997,-2.5,0.0,-0.15224489795918372,-0.9873469387755102,0.5249218691312464,0,0.5249218691312464,False,False,V4-B_future_leaky
2026-06-11,西武,広島,4,1,メットライフドーム,,https://handenomori.com/jpb/20260611/,2026,3,1.0,6,1.0,205.6342958120399,0.0201850780798149,-0.08328513591671483,0,0.20000000000000007,0.5,0.19999999999999996,2.3,1.2000000000000002,1.1,-0.125,0.15241758241758235,0.9403296703296703,0.6730980648102521,1,0.6730980648102521,True,True,V4-B_future_leaky
2026-06-12,オリックス,阪神,2,1,京セラドーム大阪,,https://handenomori.com/jpb/20260612/,2026,1,1.0,6,1.0,23.36403691331043,-0.08821265762832275,-1.1689657213900895,0,0.19999999999999996,0.09999999999999998,0.8,0.8,1.1,-0.30000000000000027,-0.09999999999999998,-0.06494949494949487,-1.034141414141414,0.4649811218821197,0,0.5350188781178803,False,False,V4-B_future_leaky
2026-06-12,ソフトバンク,ヤクルト,2,4,PayPayドーム,,https://handenomori.com/jpb/20260612/,2026,-2,0.0,6,1.0,145.60146021688274,0.2132074371976453,2.0343300110741973,0,1.0,0.7,6.2,4.199999999999999,2.8000000000000003,1.4,0.0,0.1628045157456922,2.1461675579322637,0.6796806647109189,1,0.6796806647109189,True,False,V4-B_future_leaky
2026-06-12,ロッテ,DeNA,3,2,ZOZOマリンスタジアム,,https://handenomori.com/jpb/20260612/,2026,1,1.0,6,1.0,82.62086618386638,-0.09457236842105265,-0.9272791353383458,0,0.6,0.2,1.2000000000000002,0.39999999999999997,-0.3999999999999999,0.7999999999999998,-0.09999999999999998,0.009566326530612235,-0.5004251700680272,0.4823994126577008,0,0.5176005873422992,False,False,V4-B_future_leaky
2026-06-12,日本ハム,中日,3,1,エスコンF,,https://handenomori.com/jpb/20260612/,2026,2,1.0,6,1.0,158.62085203647052,0.15336700336700332,1.4776094276094276,0,0.8,0.49999999999999994,3.6,2.4,0.7000000000000002,1.7,0.16666666666666663,0.1101648351648351,0.3902014652014652,0.5961508924778799,1,0.5961508924778799,False,True,V4-B_future_leaky
2026-06-12,楽天,広島,2,1,楽天モバイル,,https://handenomori.com/jpb/20260612/,2026,1,1.0,6,1.0,-4.926816160287444,0.02365967365967364,-0.3210955710955711,0,-0.2,0.0,-3.2,-0.6,0.6000000000000001,-1.2000000000000002,-0.16666666666666669,-0.029827315541601285,-0.1970172684458399,0.5788302431079746,1,0.5788302431079746,False,True,V4-B_future_leaky
2026-06-12,西武,巨人,3,0,メットライフドーム,,https://handenomori.com/jpb/20260612/,2026,3,1.0,6,1.0,92.04456958401443,-0.03759398496240601,-0.38345864661654133,0,0.19999999999999996,0.0,-0.5999999999999996,-0.3999999999999999,-0.9000000000000004,0.5,-0.16666666666666669,0.029999999999999916,0.15000000000000002,0.5768573124874572,1,0.5768573124874572,False,True,V4-B_future_leaky
2026-06-13,オリックス,阪神,3,6,京セラドーム大阪,,https://handenomori.com/jpb/20260613/,2026,-3,0.0,6,1.0,40.035582717926445,-0.08821265762832275,-1.1689657213900895,0,0.6000000000000001,0.2,3.2,0.9,1.0,-0.10000000000000009,0.0,-0.06494949494949487,-1.034141414141414,0.4448469821399801,0,0.5551530178600199,False,True,V4-B_future_leaky
2026-06-13,ソフトバンク,ヤクルト,8,1,PayPayドーム,,https://handenomori.com/jpb/20260613/,2026,7,1.0,6,1.0,116.05035005287732,0.2132074371976453,2.0343300110741973,0,0.6000000000000001,0.6000000000000001,4.4,3.7,2.4000000000000004,1.2999999999999998,-0.07142857142857145,0.1628045157456922,2.1461675579322637,0.720754294557333,1,0.720754294557333,True,True,V4-B_future_leaky
2026-06-13,ロッテ,DeNA,6,16,ZOZOマリンスタジアム,,https://handenomori.com/jpb/20260613/,2026,-10,0.0,6,1.0,96.09739810249403,-0.09457236842105265,-0.9272791353383458,0,0.6,0.39999999999999997,0.40000000000000013,1.2999999999999998,0.30000000000000027,1.0,0.0,0.009566326530612235,-0.5004251700680272,0.4920428532384859,0,0.507957146761514,False,True,V4-B_future_leaky
2026-06-13,日本ハム,中日,4,3,エスコンF,,https://handenomori.com/jpb/20260613/,2026,1,1.0,6,1.0,168.5016382205547,0.15336700336700332,1.4776094276094276,0,0.8,0.6000000000000001,3.4000000000000004,2.8,0.7999999999999998,2.0,0.2142857142857143,0.1101648351648351,0.3902014652014652,0.582619787722831,1,0.582619787722831,False,True,V4-B_future_leaky
2026-06-13,楽天,広島,0,2,楽天モバイル,,https://handenomori.com/jpb/20260613/,2026,-2,0.0,6,1.0,13.346342688598497,0.02365967365967364,-0.3210955710955711,0,0.2,0.10000000000000003,-0.7999999999999999,-0.6,0.2999999999999998,-0.8999999999999999,-0.07142857142857145,-0.029827315541601285,-0.1970172684458399,0.5478414601331248,1,0.5478414601331248,False,False,V4-B_future_leaky
2026-06-13,西武,巨人,1,2,メットライフドーム,,https://handenomori.com/jpb/20260613/,2026,-1,0.0,6,1.0,105.04071044628745,-0.03759398496240601,-0.38345864661654133,0,0.4,0.10000000000000009,0.20000000000000018,-0.19999999999999996,-0.7999999999999998,0.5999999999999996,-0.07142857142857145,0.029999999999999916,0.15000000000000002,0.5562878408124105,1,0.5562878408124105,False,False,V4-B_future_leaky
2026-06-14,オリックス,阪神,3,2,京セラドーム大阪,,https://handenomori.com/jpb/20260614/,2026,1,1.0,6,1.0,15.78211406287528,-0.08821265762832275,-1.1689657213900895,0,0.6000000000000001,0.10000000000000003,2.8,0.19999999999999996,0.3999999999999999,-0.19999999999999973,-0.07142857142857145,-0.06494949494949487,-1.034141414141414,0.4563680508117175,0,0.5436319491882825,False,False,V4-B_future_leaky
2026-06-14,ソフトバンク,ヤクルト,0,4,PayPayドーム,,https://handenomori.com/jpb/20260614/,2026,-4,0.0,6,1.0,127.86455335288224,0.2132074371976453,2.0343300110741973,0,0.6000000000000001,0.6000000000000001,5.6,4.4,2.8000000000000003,1.5999999999999996,0.0,0.1628045157456922,2.1461675579322637,0.6942650188529886,1,0.6942650188529886,True,False,V4-B_future_leaky
2026-06-14,ロッテ,DeNA,6,4,ZOZOマリンスタジアム,,https://handenomori.com/jpb/20260614/,2026,2,1.0,6,1.0,68.88969207740274,-0.09457236842105265,-0.9272791353383458,0,0.39999999999999997,0.3,-2.8000000000000003,-1.0,-0.7000000000000002,-0.2999999999999998,-0.07142857142857145,0.009566326530612235,-0.5004251700680272,0.5128730039275167,0,0.5128730039275167,False,False,V4-B_future_leaky
2026-06-14,日本ハム,中日,5,9,エスコンF,,https://handenomori.com/jpb/20260614/,2026,-4,0.0,6,1.0,177.96536073510038,0.15336700336700332,1.4776094276094276,0,0.8,0.7,2.0,3.0,1.1,1.9000000000000001,0.25,0.1101648351648351,0.3902014652014652,0.5785343953052636,1,0.5785343953052636,False,False,V4-B_future_leaky
2026-06-14,楽天,広島,0,3,楽天モバイル,,https://handenomori.com/jpb/20260614/,2026,-3,0.0,6,1.0,-9.418871645869103,0.02365967365967364,-0.3210955710955711,0,0.2,0.0,-0.8,-1.1,0.0,-1.1,-0.125,-0.029827315541601285,-0.1970172684458399,0.5766227898371924,1,0.5766227898371924,False,False,V4-B_future_leaky
2026-06-14,西武,巨人,1,0,メットライフドーム,,https://handenomori.com/jpb/20260614/,2026,1,1.0,6,1.0,77.38926377406051,-0.03759398496240601,-0.38345864661654133,0,0.20000000000000007,0.10000000000000009,0.3999999999999999,0.3999999999999999,-0.40000000000000036,0.8,-0.125,0.029999999999999916,0.15000000000000002,0.5890057967002561,1,0.5890057967002561,False,True,V4-B_future_leaky
2026-06-17,阪神,楽天,10,3,甲子園球場,,https://handenomori.com/jpb/20260617/,2026,7,1.0,6,1.0,105.28802573791836,0.1599260319732761,1.7075280362681937,0,-0.2,0.0,0.19999999999999996,1.3,0.7999999999999998,0.5,-0.2142857142857143,0.18224489795918364,1.4873469387755103,0.6103071184937572,1,0.6103071184937572,False,True,V4-B_future_leaky
2026-06-19,DeNA,阪神,3,11,横浜スタジアム,,https://handenomori.com/jpb/20260619/,2026,-8,0.0,6,1.0,-65.53801616746728,-0.1064222440944882,-0.813115157480315,3,-0.2,-0.10000000000000003,-0.9999999999999999,-0.3,0.7999999999999998,-1.0999999999999996,0.09999999999999998,-0.11081632653061219,-0.6404081632653061,0.4446710514192997,0,0.5553289485807003,False,True,V4-B_future_leaky
2026-06-19,オリックス,西武,6,5,京セラドーム大阪,,https://handenomori.com/jpb/20260619/,2026,1,1.0,6,1.0,-92.92738503447163,0.07518796992481208,0.3007518796992481,0,0.0,-0.30000000000000004,-0.3999999999999999,-1.7,0.3999999999999999,-2.1,0.09999999999999998,-0.06494949494949487,-0.6841414141414142,0.5836499166501372,1,0.5836499166501372,False,True,V4-B_future_leaky
2026-06-19,ヤクルト,広島,9,2,神宮野球場,,https://handenomori.com/jpb/20260619/,2026,7,1.0,6,1.0,52.7313511623729,-0.027608825283243876,-0.5837805605247466,0,0.0,-0.3,-1.4,-2.6,-0.7999999999999998,-1.7999999999999998,0.30000000000000004,0.04706404706404704,0.033966033966033926,0.5478822808597209,1,0.5478822808597209,False,True,V4-B_future_leaky
2026-06-19,ロッテ,楽天,8,5,ZOZOマリンスタジアム,,https://handenomori.com/jpb/20260619/,2026,3,1.0,6,1.0,135.1678210999669,-0.041068580542264754,-0.03286625655046704,3,0.19999999999999996,0.39999999999999997,-1.6,1.7000000000000002,1.4000000000000004,0.2999999999999998,0.09999999999999998,0.08099489795918369,0.3465136054421768,0.5360753062060941,0,0.5360753062060941,False,False,V4-B_future_leaky
2026-06-19,巨人,中日,2,3,東京ドーム,,https://handenomori.com/jpb/20260619/,2026,-1,0.0,6,1.0,116.7289563530453,0.06442241968557755,0.48490544543176123,0,0.0,0.39999999999999997,-1.7999999999999998,1.4000000000000001,0.5,0.8999999999999999,0.19999999999999996,0.10730769230769233,0.09115384615384614,0.6326171261188399,1,0.6326171261188399,False,False,V4-B_future_leaky
2026-06-19,日本ハム,ソフトバンク,4,3,エスコンF,,https://handenomori.com/jpb/20260619/,2026,1,1.0,6,1.0,-12.46982153112981,-0.03887496519075473,-0.15767195767195763,0,0.20000000000000007,0.10000000000000009,-0.3999999999999999,0.19999999999999996,-0.8000000000000003,1.0,-0.3,-0.08459383753501404,-1.0907563025210083,0.5012434461703721,0,0.5012434461703721,False,False,V4-B_future_leaky
2026-06-20,オリックス,西武,0,4,京セラドーム大阪,,https://handenomori.com/jpb/20260620/,2026,-4,0.0,6,1.0,-69.62337547022389,0.07518796992481208,0.3007518796992481,0,0.20000000000000007,-0.09999999999999998,-0.6,-1.2,0.5,-1.7000000000000002,0.19999999999999996,-0.06494949494949487,-0.6841414141414142,0.5532136310013697,1,0.5532136310013697,False,False,V4-B_future_leaky
2026-06-20,ヤクルト,広島,6,8,神宮野球場,,https://handenomori.com/jpb/20260620/,2026,-2,0.0,6,1.0,67.78579710264603,-0.027608825283243876,-0.5837805605247466,0,0.19999999999999996,-0.2,2.0,-1.1,-0.20000000000000018,-0.8999999999999999,0.30000000000000004,0.04706404706404704,0.033966033966033926,0.5619886260255724,1,0.5619886260255724,False,False,V4-B_future_leaky
2026-06-20,巨人,中日,1,0,東京ドーム,,https://handenomori.com/jpb/20260620/,2026,1,1.0,6,1.0,88.51066583442616,0.06442241968557755,0.48490544543176123,0,-0.2,0.19999999999999996,-2.2,1.0,0.20000000000000018,0.7999999999999998,0.09999999999999998,0.10730769230769233,0.09115384615384614,0.6566593062833466,1,0.6566593062833466,True,True,V4-B_future_leaky
2026-06-20,日本ハム,ソフトバンク,7,10,エスコンF,,https://handenomori.com/jpb/20260620/,2026,-3,0.0,6,1.0,6.23505202988531,-0.03887496519075473,-0.15767195767195763,0,0.4,0.30000000000000004,0.39999999999999997,0.7,-0.6000000000000001,1.2999999999999998,-0.3,-0.08459383753501404,-1.0907563025210083,0.5063732967623771,0,0.5063732967623771,False,True,V4-B_future_leaky
2026-06-21,DeNA,阪神,1,2,横浜スタジアム,,https://handenomori.com/jpb/20260621/,2026,-1,0.0,6,1.0,-83.78461967889302,-0.1064222440944882,-0.813115157480315,0,-0.39999999999999997,-0.3,-4.0,-2.2,-0.6000000000000005,-1.6,0.09999999999999998,-0.11081632653061219,-0.6404081632653061,0.43461429999576984,0,0.5653857000042302,False,True,V4-B_future_leaky
2026-06-21,オリックス,西武,3,5,京セラドーム大阪,,https://handenomori.com/jpb/20260621/,2026,-2,0.0,6,1.0,-87.63686538361435,0.07518796992481208,0.3007518796992481,0,0.0,-0.20000000000000007,-2.0,-2.0,0.0,-2.0,0.19999999999999996,-0.06494949494949487,-0.6841414141414142,0.5577608587710505,1,0.5577608587710505,False,False,V4-B_future_leaky
2026-06-21,ヤクルト,広島,1,2,神宮野球場,,https://handenomori.com/jpb/20260621/,2026,-1,0.0,6,1.0,42.03575224406313,-0.027608825283243876,-0.5837805605247466,0,0.0,-0.2,1.0,-1.1,-0.20000000000000018,-0.8999999999999999,0.19999999999999996,0.04706404706404704,0.033966033966033926,0.6006169309991504,1,0.6006169309991504,False,False,V4-B_future_leaky
2026-06-21,ロッテ,楽天,7,4,ZOZOマリンスタジアム,,https://handenomori.com/jpb/20260621/,2026,3,1.0,6,1.0,146.08694754706426,-0.041068580542264754,-0.03286625655046704,0,0.6000000000000001,0.39999999999999997,2.1999999999999997,1.7,1.9,-0.20000000000000018,0.09999999999999998,0.08099489795918369,0.3465136054421768,0.4846515495611374,0,0.5153484504388626,False,False,V4-B_future_leaky
2026-06-21,巨人,中日,3,5,東京ドーム,,https://handenomori.com/jpb/20260621/,2026,-2,0.0,6,1.0,101.6859189647721,0.06442241968557755,0.48490544543176123,0,0.0,0.3,-0.8,1.2000000000000002,-0.09999999999999964,1.2999999999999998,0.09999999999999998,0.10730769230769233,0.09115384615384614,0.639935000934536,1,0.639935000934536,False,False,V4-B_future_leaky
2026-06-21,日本ハム,ソフトバンク,0,8,エスコンF,,https://handenomori.com/jpb/20260621/,2026,-8,0.0,6,1.0,-16.127545673717805,-0.03887496519075473,-0.15767195767195763,0,0.19999999999999996,0.10000000000000009,-1.2,-0.5999999999999999,-0.9000000000000004,0.2999999999999998,-0.3,-0.08459383753501404,-1.0907563025210083,0.48541317715982263,0,0.5145868228401773,False,True,V4-B_future_leaky
2026-06-23,ソフトバンク,オリックス,0,5,PayPayドーム,,https://handenomori.com/jpb/20260623/,2026,-5,0.0,6,1.0,62.79593086612613,0.09022556390977443,1.2330827067669172,0,0.19999999999999996,0.09999999999999998,4.0,2.6,1.9000000000000004,0.7000000000000002,-0.2,0.12240047534165177,1.9239453357100416,0.65758372764046,1,0.65758372764046,True,False,V4-B_future_leaky
2026-06-23,中日,DeNA,5,2,岐阜,,https://handenomori.com/jpb/20260623/,2026,3,1.0,6,1.0,16.304361265064017,-0.08380681818181818,-0.7580492424242424,0,0.39999999999999997,0.30000000000000004,1.4,1.9,0.20000000000000018,1.7000000000000002,-0.3,-0.026491365777080056,0.04925431711145997,0.5572285104227459,1,0.5572285104227459,False,True,V4-B_future_leaky
2026-06-23,広島,巨人,3,7,マツダスタジアム,,https://handenomori.com/jpb/20260623/,2026,-4,0.0,6,1.0,-70.27596402675431,-0.05777906304222091,-0.3001735106998265,0,0.4,0.0,0.6000000000000001,-1.0,-0.19999999999999973,-0.7999999999999998,-0.09999999999999998,-0.12241758241758244,-0.7903296703296703,0.5333021827425818,0,0.5333021827425818,False,True,V4-B_future_leaky
2026-06-23,日本ハム,ロッテ,4,0,エスコンF,,https://handenomori.com/jpb/20260623/,2026,4,1.0,6,1.0,18.22653058365654,0.1641325536062378,1.646839320523531,0,-0.4,0.0,-2.4,1.1,-0.6000000000000005,1.7000000000000002,0.0,0.07410714285714282,0.9398809523809524,0.6448037135132655,1,0.6448037135132655,True,True,V4-B_future_leaky
2026-06-23,楽天,西武,8,4,山形市,,https://handenomori.com/jpb/20260623/,2026,4,1.0,6,1.0,-253.7875576277945,0.0034745955798587413,-0.23781043517885625,0,-0.6,-0.6000000000000001,-4.6,-4.1,-1.2000000000000002,-2.9000000000000004,-0.09999999999999998,-0.18224489795918364,-1.1373469387755102,0.4997824790454634,0,0.5002175209545365,False,False,V4-B_future_leaky
2026-06-23,阪神,ヤクルト,3,4,甲子園球場,,https://handenomori.com/jpb/20260623/,2026,-1,0.0,6,1.0,63.0938467847418,0.2111945309161936,1.9702130256973693,0,0.4,0.2,3.4,1.7,0.5999999999999996,1.1,0.09999999999999998,0.10535353535353531,1.2563636363636363,0.6581795260633236,1,0.6581795260633236,True,False,V4-B_future_leaky
2026-06-24,ソフトバンク,オリックス,8,5,PayPayドーム,,https://handenomori.com/jpb/20260624/,2026,3,1.0,6,1.0,37.310457516291535,0.09022556390977443,1.2330827067669172,0,-0.19999999999999996,-0.09999999999999998,0.0,1.1,1.2000000000000002,-0.09999999999999964,-0.2,0.12240047534165177,1.9239453357100416,0.6749786424659481,1,0.6749786424659481,True,True,V4-B_future_leaky
2026-06-24,中日,DeNA,4,6,ナゴヤドーム,,https://handenomori.com/jpb/20260624/,2026,-2,0.0,6,1.0,33.37232511979482,-0.08380681818181818,-0.7580492424242424,0,0.6000000000000001,0.4,2.6,2.5,0.7000000000000002,1.7999999999999998,-0.2,-0.026491365777080056,0.04925431711145997,0.5248274841472848,0,0.5248274841472848,False,True,V4-B_future_leaky
2026-06-24,日本ハム,ロッテ,7,4,エスコンF,,https://handenomori.com/jpb/20260624/,2026,3,1.0,6,1.0,35.18631240192167,0.1641325536062378,1.646839320523531,0,-0.19999999999999996,0.09999999999999998,-0.8,1.6,-0.40000000000000036,2.0,0.09999999999999998,0.07410714285714282,0.9398809523809524,0.6308015469110546,1,0.6308015469110546,False,True,V4-B_future_leaky
2026-06-25,ソフトバンク,オリックス,5,2,PayPayドーム,,https://handenomori.com/jpb/20260625/,2026,3,1.0,6,1.0,53.20701159089367,0.09022556390977443,1.2330827067669172,0,0.19999999999999996,0.0,2.2,1.2,0.8999999999999999,0.30000000000000027,-0.09999999999999998,0.12240047534165177,1.9239453357100416,0.6622267561782068,1,0.6622267561782068,True,True,V4-B_future_leaky
2026-06-25,中日,DeNA,3,1,ナゴヤドーム,,https://handenomori.com/jpb/20260625/,2026,2,1.0,6,1.0,9.486530198313176,-0.08380681818181818,-0.7580492424242424,0,0.39999999999999997,0.3,3.0,2.1,0.5999999999999996,1.5,-0.2,-0.026491365777080056,0.04925431711145997,0.5556095678570001,1,0.5556095678570001,False,True,V4-B_future_leaky
2026-06-25,楽天,西武,2,0,楽天モバイル,,https://handenomori.com/jpb/20260625/,2026,2,1.0,6,1.0,-222.6303532730924,0.0034745955798587413,-0.23781043517885625,0,-0.39999999999999997,-0.39999999999999997,-2.8,-2.9,-0.3999999999999999,-2.5,0.0,-0.18224489795918364,-1.1373469387755102,0.5626938817723138,1,0.5626938817723138,False,True,V4-B_future_leaky
2026-06-26,西武,日本ハム,4,3,メットライフドーム,,https://handenomori.com/jpb/20260626/,2026,1,1.0,6,1.0,32.05113203540782,-0.12653856864383178,-1.3761626287942077,-1,-0.19999999999999996,-0.09999999999999998,0.39999999999999997,0.5,-0.8999999999999995,1.4,0.09999999999999998,0.027142857142857135,-0.14904761904761904,0.5716385865649531,1,0.5716385865649531,False,True,V4-B_future_leaky
2026-06-27,オリックス,楽天,1,5,ほっと神戸,,https://handenomori.com/jpb/20260627/,2026,-4,0.0,6,1.0,115.92901655136916,0.07171337434495334,0.5385623148781044,0,-0.2,0.09999999999999998,0.0,0.7,0.09999999999999964,0.6000000000000005,0.19999999999999996,0.11729540300968877,0.453205524634096,0.5312722942782557,0,0.5312722942782557,False,True,V4-B_future_leaky
2026-06-27,広島,阪神,3,2,マツダスタジアム,,https://handenomori.com/jpb/20260627/,2026,1,1.0,6,1.0,-77.00382100541242,-0.18358570563294974,-1.3864324651726228,0,0.0,0.0,-3.8,-1.4,-1.4,0.0,-0.2,-0.15241758241758235,-1.2903296703296703,0.4974100513719522,0,0.5025899486280478,False,False,V4-B_future_leaky
2026-06-27,西武,日本ハム,2,4,メットライフドーム,,https://handenomori.com/jpb/20260627/,2026,-2,0.0,6,1.0,48.23857393330786,-0.12653856864383178,-1.3761626287942077,0,0.19999999999999996,0.0,1.2,0.8,-0.8999999999999999,1.7000000000000002,0.09999999999999998,0.027142857142857135,-0.14904761904761904,0.5478305307312357,1,0.5478305307312357,False,False,V4-B_future_leaky
2026-06-28,DeNA,巨人,1,2,横浜スタジアム,,https://handenomori.com/jpb/20260628/,2026,-1,0.0,6,1.0,-104.81005382755984,0.01938439849624063,0.2731437969924812,-2,-0.2,-0.3,-2.6,-1.6,0.5,-2.1,-0.3,-0.08081632653061227,-0.1404081632653061,0.5159160261619603,0,0.5159160261619603,False,True,V4-B_future_leaky
2026-06-28,オリックス,楽天,5,2,ほっと神戸,,https://handenomori.com/jpb/20260628/,2026,3,1.0,6,1.0,87.74903516651125,0.07171337434495334,0.5385623148781044,0,-0.39999999999999997,-0.09999999999999998,-2.2,-1.0,-0.7000000000000002,-0.2999999999999998,0.09999999999999998,0.11729540300968877,0.453205524634096,0.5401268377995508,1,0.5401268377995508,False,True,V4-B_future_leaky
2026-06-28,ヤクルト,中日,4,3,神宮野球場,,https://handenomori.com/jpb/20260628/,2026,1,1.0,6,1.0,29.029508040365727,-0.02096546863988724,-0.39904862579281186,2,0.0,-0.09999999999999998,1.0,-0.8,0.2999999999999998,-1.0999999999999996,-0.09999999999999998,0.03195415695415693,-0.6652097902097902,0.6031735476631658,1,0.6031735476631658,False,True,V4-B_future_leaky
2026-06-28,広島,阪神,3,12,マツダスタジアム,,https://handenomori.com/jpb/20260628/,2026,-9,0.0,6,1.0,-54.597598424890975,-0.18358570563294974,-1.3864324651726228,0,0.0,0.09999999999999998,-4.199999999999999,-1.7,-1.1999999999999997,-0.5,-0.09999999999999998,-0.15241758241758235,-1.2903296703296703,0.47712542785353407,0,0.5228745721464659,False,True,V4-B_future_leaky
2026-06-28,西武,日本ハム,1,5,メットライフドーム,,https://handenomori.com/jpb/20260628/,2026,-4,0.0,6,1.0,23.536596251226683,-0.12653856864383178,-1.3761626287942077,0,-0.19999999999999996,-0.09999999999999998,-1.0,0.4,-1.1999999999999997,1.6000000000000005,0.09999999999999998,0.027142857142857135,-0.14904761904761904,0.581047592596009,1,0.581047592596009,False,False,V4-B_future_leaky
2026-06-30,DeNA,広島,4,7,ハードオフ新潟,,https://handenomori.com/jpb/20260630/,2026,-3,0.0,6,1.0,-26.341682036833845,0.07716346153846154,0.5733173076923077,0,-0.39999999999999997,-0.3,0.8,0.6,0.8000000000000003,-0.20000000000000018,0.19999999999999996,0.04160125588697017,0.6499215070643641,0.6097802978253364,1,0.6097802978253364,False,False,V4-B_future_leaky
2026-06-30,ソフトバンク,西武,6,0,東京ドーム,,https://handenomori.com/jpb/20260630/,2026,6,1.0,6,1.0,7.321165164410331,0.1654135338345865,1.5338345864661653,3,0.6000000000000001,0.19999999999999996,4.6,1.9,2.0,-0.10000000000000009,-0.2,0.0574509803921569,1.2398039215686274,0.6726663157318508,1,0.6726663157318508,True,True,V4-B_future_leaky
2026-06-30,巨人,ヤクルト,3,4,弘前,,https://handenomori.com/jpb/20260630/,2026,-1,0.0,6,1.0,48.68061105788024,0.08538788832546479,0.883954071224573,0,0.0,0.0,-0.6,0.2,-1.2999999999999998,1.5,-0.2,0.0753535353535354,0.7563636363636363,0.6221525781315999,1,0.6221525781315999,False,False,V4-B_future_leaky
2026-06-30,日本ハム,オリックス,9,2,エスコンF,,https://handenomori.com/jpb/20260630/,2026,7,1.0,6,1.0,68.1990902358732,0.0513505987190197,1.0754107490949596,0,0.4,0.19999999999999996,2.8,0.8,1.0,-0.20000000000000018,0.0,0.03780663780663773,0.8331890331890333,0.5473895535837607,1,0.5473895535837607,False,True,V4-B_future_leaky
2026-06-30,楽天,ロッテ,2,5,楽天モバイル,,https://handenomori.com/jpb/20260630/,2026,-3,0.0,6,1.0,-102.03568109290518,0.041068580542264754,0.03286625655046704,-4,0.0,-0.19999999999999996,0.6000000000000001,0.19999999999999996,-1.3000000000000003,1.5,-0.2,-0.08099489795918369,-0.3465136054421768,0.5340168179453745,0,0.5340168179453745,False,True,V4-B_future_leaky
2026-06-30,阪神,中日,3,2,甲子園球場,,https://handenomori.com/jpb/20260630/,2026,1,1.0,6,1.0,73.03311477752959,0.19022906227630637,1.5711643999045575,0,0.0,0.0,2.4000000000000004,1.7999999999999998,1.4999999999999996,0.30000000000000027,0.30000000000000004,0.13730769230769224,0.5911538461538461,0.6302013942615906,1,0.6302013942615906,False,True,V4-B_future_leaky
2026-07-01,ソフトバンク,西武,11,0,PayPayドーム,,https://handenomori.com/jpb/20260701/,2026,11,1.0,7,1.0,24.89694119097635,0.1654135338345865,1.5338345864661653,0,0.6000000000000001,0.19999999999999996,5.6,2.9000000000000004,2.4,0.5,-0.09999999999999998,0.0574509803921569,1.2398039215686274,0.6189888504589397,1,0.6189888504589397,False,True,V4-B_future_leaky
2026-07-01,巨人,ヤクルト,2,1,盛岡,,https://handenomori.com/jpb/20260701/,2026,1,1.0,7,1.0,23.95460129649223,0.08538788832546479,0.883954071224573,0,0.0,-0.19999999999999996,0.6,-1.1,-1.6999999999999997,0.6000000000000001,-0.2,0.0753535353535354,0.7563636363636363,0.6039151087614548,1,0.6039151087614548,False,True,V4-B_future_leaky
2026-07-01,日本ハム,オリックス,6,0,エスコンF,,https://handenomori.com/jpb/20260701/,2026,6,1.0,7,1.0,82.4272282947311,0.0513505987190197,1.0754107490949596,0,0.6000000000000001,0.19999999999999996,5.8,1.8,1.5999999999999996,0.20000000000000018,0.0,0.03780663780663773,0.8331890331890333,0.5177039493252645,0,0.5177039493252645,False,False,V4-B_future_leaky
2026-07-01,楽天,ロッテ,0,5,郡山,,https://handenomori.com/jpb/20260701/,2026,-5,0.0,7,1.0,-118.22398010490451,0.041068580542264754,0.03286625655046704,0,0.0,-0.3,0.4,-0.2999999999999998,-1.4999999999999996,1.2000000000000002,-0.3,-0.08099489795918369,-0.3465136054421768,0.4603664100746175,0,0.5396335899253826,False,True,V4-B_future_leaky
2026-07-02,ソフトバンク,西武,3,1,PayPayドーム,,https://handenomori.com/jpb/20260702/,2026,2,1.0,7,1.0,41.48275340990108,0.1654135338345865,1.5338345864661653,0,0.6000000000000001,0.39999999999999997,8.0,5.4,3.4000000000000004,2.0,-0.09999999999999998,0.0574509803921569,1.2398039215686274,0.6490679893598135,1,0.6490679893598135,True,True,V4-B_future_leaky
2026-07-02,日本ハム,オリックス,9,1,エスコンF,,https://handenomori.com/jpb/20260702/,2026,8,1.0,7,1.0,95.91372282982115,0.0513505987190197,1.0754107490949596,0,0.6000000000000001,0.39999999999999997,7.0,3.5,2.0000000000000004,1.5000000000000004,0.09999999999999998,0.03780663780663773,0.8331890331890333,0.5235722783718222,0,0.5235722783718222,False,False,V4-B_future_leaky
2026-07-02,阪神,中日,2,3,甲子園球場,,https://handenomori.com/jpb/20260702/,2026,-1,0.0,7,1.0,87.00719641756268,0.19022906227630637,1.5711643999045575,0,0.19999999999999996,0.09999999999999998,1.6,1.9,1.5,0.3999999999999999,0.30000000000000004,0.13730769230769224,0.5911538461538461,0.6124781457311481,1,0.6124781457311481,False,False,V4-B_future_leaky
2026-07-03,ソフトバンク,ロッテ,3,2,PayPayドーム,,https://handenomori.com/jpb/20260703/,2026,1,1.0,7,1.0,83.81688274717499,0.20300751879699253,1.8045112781954886,-1,0.4,0.0,4.2,2.5,0.7000000000000002,1.7999999999999998,0.0,0.15870098039215685,2.030637254901961,0.6498233293375354,1,0.6498233293375354,True,True,V4-B_future_leaky
2026-07-03,中日,巨人,1,0,ナゴヤドーム,,https://handenomori.com/jpb/20260703/,2026,1,1.0,7,1.0,-83.63465683608956,-0.06442241968557755,-0.48490544543176123,-1,-0.19999999999999996,0.09999999999999998,-0.8,0.8,1.5,-0.6999999999999997,0.0,-0.10730769230769233,-0.09115384615384614,0.5606857001826275,1,0.5606857001826275,False,True,V4-B_future_leaky
2026-07-03,楽天,日本ハム,8,0,楽天モバイル,,https://handenomori.com/jpb/20260703/,2026,8,1.0,7,1.0,-205.16376689569347,-0.12306397306397304,-1.6139730639730638,1,-0.6,-0.39999999999999997,-6.4,-3.9000000000000004,-2.3000000000000003,-1.5999999999999996,-0.2,-0.1551020408163265,-1.2863945578231293,0.5012529939310294,0,0.5012529939310294,False,False,V4-B_future_leaky
2026-07-03,阪神,広島,1,5,甲子園球場,,https://handenomori.com/jpb/20260703/,2026,-4,0.0,7,1.0,56.83446820023846,0.18358570563294974,1.3864324651726228,-2,-0.19999999999999996,0.0,3.0,3.4,1.9,1.5,0.09999999999999998,0.15241758241758235,1.2903296703296703,0.6668485673840909,1,0.6668485673840909,True,False,V4-B_future_leaky
2026-07-04,ソフトバンク,ロッテ,1,8,PayPayドーム,,https://handenomori.com/jpb/20260704/,2026,-7,0.0,7,1.0,97.23196036552645,0.20300751879699253,1.8045112781954886,0,0.6,0.20000000000000007,4.6,3.2,1.1000000000000005,2.1,0.09999999999999998,0.15870098039215685,2.030637254901961,0.6274599734925543,1,0.6274599734925543,False,False,V4-B_future_leaky
2026-07-04,ヤクルト,DeNA,1,12,神宮野球場,,https://handenomori.com/jpb/20260704/,2026,-11,0.0,7,1.0,86.45698328076492,-0.10477228682170542,-1.1570978682170543,-1,0.39999999999999997,0.39999999999999997,1.5999999999999999,1.4,-0.20000000000000018,1.6000000000000005,0.19999999999999996,0.0054627911770768756,-0.6159554730983302,0.47535166999522993,0,0.5246483300047701,False,True,V4-B_future_leaky
2026-07-04,中日,巨人,2,1,ナゴヤドーム,,https://handenomori.com/jpb/20260704/,2026,1,1.0,7,1.0,-60.8531649393658,-0.06442241968557755,-0.48490544543176123,0,0.0,0.09999999999999998,-0.4,0.3,0.6999999999999997,-0.3999999999999999,0.09999999999999998,-0.10730769230769233,-0.09115384615384614,0.5283999182871101,0,0.5283999182871101,False,False,V4-B_future_leaky
2026-07-04,楽天,日本ハム,4,1,楽天モバイル,,https://handenomori.com/jpb/20260704/,2026,3,1.0,7,1.0,-176.08307861017852,-0.12306397306397304,-1.6139730639730638,0,-0.4,-0.29999999999999993,-3.1999999999999997,-2.3,-0.8000000000000003,-1.5,-0.09999999999999998,-0.1551020408163265,-1.2863945578231293,0.49171607499484726,0,0.5082839250051527,False,False,V4-B_future_leaky
2026-07-05,オリックス,西武,3,1,京セラドーム大阪,,https://handenomori.com/jpb/20260705/,2026,2,1.0,7,1.0,-63.74131278100981,0.07518796992481208,0.3007518796992481,0,0.2,-0.09999999999999998,0.5999999999999996,-0.5,0.2999999999999998,-0.7999999999999998,0.09999999999999998,-0.06494949494949487,-0.6841414141414142,0.5327234096300283,0,0.5327234096300283,False,False,V4-B_future_leaky
2026-07-05,ソフトバンク,ロッテ,7,2,PayPayドーム,,https://handenomori.com/jpb/20260705/,2026,5,1.0,7,1.0,69.967493076555,0.20300751879699253,1.8045112781954886,0,0.20000000000000007,0.20000000000000007,0.3999999999999999,2.0,0.40000000000000036,1.5999999999999996,0.09999999999999998,0.15870098039215685,2.030637254901961,0.6637830380218954,1,0.6637830380218954,True,True,V4-B_future_leaky
2026-07-05,ヤクルト,DeNA,4,6,神宮野球場,,https://handenomori.com/jpb/20260705/,2026,-2,0.0,7,1.0,59.73689995312748,-0.10477228682170542,-1.1570978682170543,0,0.19999999999999996,0.2,-3.2,-1.1,-1.5,0.40000000000000036,0.19999999999999996,0.0054627911770768756,-0.6159554730983302,0.4737972655330448,0,0.5262027344669552,False,True,V4-B_future_leaky
2026-07-05,中日,巨人,0,1,ナゴヤドーム,,https://handenomori.com/jpb/20260705/,2026,-1,0.0,7,1.0,-39.3676778641302,-0.06442241968557755,-0.48490544543176123,0,0.19999999999999996,0.19999999999999996,0.4,0.5,0.6999999999999997,-0.19999999999999973,0.09999999999999998,-0.10730769230769233,-0.09115384615384614,0.5047773124682373,0,0.5047773124682373,False,True,V4-B_future_leaky
2026-07-05,楽天,日本ハム,3,6,楽天モバイル,,https://handenomori.com/jpb/20260705/,2026,-3,0.0,7,1.0,-148.38046949283375,-0.12306397306397304,-1.6139730639730638,0,-0.19999999999999996,-0.19999999999999996,-2.0,-1.8000000000000003,-0.7999999999999998,-1.0,0.0,-0.1551020408163265,-1.2863945578231293,0.477563492893912,0,0.522436507106088,False,True,V4-B_future_leaky
2026-07-05,阪神,広島,6,4,甲子園球場,,https://handenomori.com/jpb/20260705/,2026,2,1.0,7,1.0,31.66781808342921,0.18358570563294974,1.3864324651726228,0,-0.19999999999999996,-0.19999999999999996,1.8,2.2,1.0,1.2000000000000002,0.0,0.15241758241758235,1.2903296703296703,0.6918412306053966,1,0.6918412306053966,True,True,V4-B_future_leaky
2026-07-07,DeNA,中日,4,0,横浜スタジアム,,https://handenomori.com/jpb/20260707/,2026,4,1.0,7,1.0,-29.653462889416915,0.08380681818181818,0.7580492424242424,0,-0.19999999999999996,-0.3,1.2,-1.0,1.2000000000000002,-2.2,0.09999999999999998,0.026491365777080056,-0.04925431711145997,0.5585150019006024,1,0.5585150019006024,False,True,V4-B_future_leaky
2026-07-07,オリックス,ソフトバンク,3,6,京セラドーム大阪,,https://handenomori.com/jpb/20260707/,2026,-3,0.0,7,1.0,-110.20855431595328,-0.09022556390977443,-1.2330827067669172,0,-0.4,-0.5,-5.6,-5.0,-2.5,-2.5,0.09999999999999998,-0.12240047534165177,-1.9239453357100416,0.4416520924602601,0,0.55834790753974,False,True,V4-B_future_leaky
2026-07-07,ロッテ,日本ハム,10,2,ZOZOマリンスタジアム,,https://handenomori.com/jpb/20260707/,2026,8,1.0,7,1.0,-50.23986578101972,-0.1641325536062378,-1.646839320523531,0,0.0,-0.09999999999999998,0.6000000000000001,-1.1,-0.2999999999999998,-0.8000000000000003,-0.09999999999999998,-0.07410714285714282,-0.9398809523809524,0.5092442899630666,0,0.5092442899630666,False,False,V4-B_future_leaky
2026-07-07,巨人,阪神,4,3,東京ドーム,,https://handenomori.com/jpb/20260707/,2026,1,1.0,7,1.0,15.595401163853012,-0.12580664259072882,-1.0862589544727963,0,-0.19999999999999996,-0.09999999999999998,-1.5999999999999999,-1.9000000000000001,-3.0,1.1,-0.2,-0.029999999999999916,-0.5,0.5001105165614134,0,0.5001105165614134,False,False,V4-B_future_leaky
2026-07-07,広島,ヤクルト,4,3,マツダスタジアム,,https://handenomori.com/jpb/20260707/,2026,1,1.0,7,1.0,-9.116860702569284,0.027608825283243876,0.5837805605247466,0,0.19999999999999996,0.09999999999999998,1.7999999999999998,-0.5,0.20000000000000018,-0.7000000000000002,-0.09999999999999998,-0.04706404706404704,-0.033966033966033926,0.5684271723046469,1,0.5684271723046469,False,True,V4-B_future_leaky
2026-07-08,DeNA,中日,4,3,横浜スタジアム,,https://handenomori.com/jpb/20260708/,2026,1,1.0,7,1.0,-9.961210013711025,0.08380681818181818,0.7580492424242424,0,0.0,-0.09999999999999998,3.0,0.2,1.7000000000000002,-1.5,0.09999999999999998,0.026491365777080056,-0.04925431711145997,0.5431010065212045,1,0.5431010065212045,False,True,V4-B_future_leaky
2026-07-08,オリックス,ソフトバンク,3,2,京セラドーム大阪,,https://handenomori.com/jpb/20260708/,2026,1,1.0,7,1.0,-125.94557997963238,-0.09022556390977443,-1.2330827067669172,0,-0.6000000000000001,-0.5,-5.2,-4.6,-2.3,-2.3,0.0,-0.12240047534165177,-1.9239453357100416,0.4665783568688488,0,0.5334216431311511,False,False,V4-B_future_leaky
2026-07-08,ロッテ,日本ハム,2,7,ZOZOマリンスタジアム,,https://handenomori.com/jpb/20260708/,2026,-5,0.0,7,1.0,-29.363150792450824,-0.1641325536062378,-1.646839320523531,0,0.19999999999999996,0.0,4.4,0.6000000000000001,0.5999999999999996,0.0,-0.09999999999999998,-0.07410714285714282,-0.9398809523809524,0.4962312071745361,0,0.5037687928254639,False,True,V4-B_future_leaky
2026-07-08,巨人,阪神,1,4,東京ドーム,,https://handenomori.com/jpb/20260708/,2026,-3,0.0,7,1.0,32.70331082268581,-0.12580664259072882,-1.0862589544727963,0,0.19999999999999996,0.09999999999999998,0.8,-0.9,-2.1,1.2000000000000002,-0.09999999999999998,-0.029999999999999916,-0.5,0.47670960963039166,0,0.5232903903696083,False,True,V4-B_future_leaky
2026-07-08,広島,ヤクルト,4,3,マツダスタジアム,,https://handenomori.com/jpb/20260708/,2026,1,1.0,7,1.0,9.395936289268775,0.027608825283243876,0.5837805605247466,0,0.39999999999999997,0.19999999999999996,2.1999999999999997,-0.19999999999999996,0.39999999999999947,-0.5999999999999996,0.0,-0.04706404706404704,-0.033966033966033926,0.5407694222611243,1,0.5407694222611243,False,True,V4-B_future_leaky
2026-07-08,西武,楽天,2,5,那覇,,https://handenomori.com/jpb/20260708/,2026,-3,0.0,7,1.0,127.82061304098329,-0.0034745955798587413,0.23781043517885625,0,-0.4,-0.3,-5.0,-3.4,-1.9999999999999998,-1.4,0.0,0.18224489795918364,1.1373469387755102,0.4868559982254658,0,0.5131440017745341,False,True,V4-B_future_leaky
2026-07-09,DeNA,中日,3,4,横浜スタジアム,,https://handenomori.com/jpb/20260709/,2026,-1,0.0,7,1.0,8.599931516716424,0.08380681818181818,0.7580492424242424,0,0.4,0.09999999999999998,3.8,1.5,1.9999999999999996,-0.5,0.19999999999999996,0.026491365777080056,-0.04925431711145997,0.5276931286969433,0,0.5276931286969433,False,True,V4-B_future_leaky
2026-07-09,巨人,阪神,2,10,東京ドーム,,https://handenomori.com/jpb/20260709/,2026,-8,0.0,7,1.0,8.854587529531045,-0.12580664259072882,-1.0862589544727963,0,0.0,0.0,-0.39999999999999997,-0.8,-1.4,0.6000000000000001,-0.09999999999999998,-0.029999999999999916,-0.5,0.505393768319188,0,0.505393768319188,False,True,V4-B_future_leaky
2026-07-09,広島,ヤクルト,0,1,マツダスタジアム,,https://handenomori.com/jpb/20260709/,2026,-1,0.0,7,1.0,26.85412013858513,0.027608825283243876,0.5837805605247466,0,0.8,0.39999999999999997,4.6,1.4000000000000001,1.1999999999999997,0.20000000000000018,0.0,-0.04706404706404704,-0.033966033966033926,0.5512738280677437,1,0.5512738280677437,False,False,V4-B_future_leaky
2026-07-10,ソフトバンク,楽天,3,5,PayPayドーム,,https://handenomori.com/jpb/20260710/,2026,-2,0.0,7,1.0,176.876693385218,0.16193893825472777,1.7716450216450217,0,0.0,0.20000000000000007,-1.0,1.6,1.3000000000000003,0.2999999999999998,-0.09999999999999998,0.23969587835134054,2.3771508603441376,0.607215921773415,1,0.607215921773415,False,False,V4-B_future_leaky
2026-07-10,中日,広島,10,1,ナゴヤドーム,,https://handenomori.com/jpb/20260710/,2026,9,1.0,7,1.0,-9.746433836813594,-0.006643356643356635,-0.18473193473193472,0,-0.19999999999999996,-0.09999999999999998,-1.4,0.3,-1.4,1.7000000000000002,-0.2,0.015109890109890112,0.6991758241758241,0.6216636085512575,1,0.6216636085512575,False,True,V4-B_future_leaky
2026-07-10,日本ハム,西武,1,2,エスコンF,,https://handenomori.com/jpb/20260710/,2026,-1,0.0,7,1.0,48.350207522848905,0.12653856864383178,1.3761626287942077,0,0.4,0.6,2.5999999999999996,5.1,3.4000000000000004,1.7000000000000002,0.0,-0.027142857142857135,0.14904761904761904,0.5578993664644725,1,0.5578993664644725,False,False,V4-B_future_leaky
2026-07-10,阪神,ヤクルト,1,2,甲子園球場,,https://handenomori.com/jpb/20260710/,2026,-1,0.0,7,1.0,59.6094086300468,0.2111945309161936,1.9702130256973693,0,0.39999999999999997,0.09999999999999998,4.4,2.8,1.9999999999999996,0.7999999999999998,0.09999999999999998,0.10535353535353531,1.2563636363636363,0.6355168655916857,1,0.6355168655916857,False,False,V4-B_future_leaky
2026-07-11,DeNA,巨人,4,5,横浜スタジアム,,https://handenomori.com/jpb/20260711/,2026,-1,0.0,7,1.0,-66.26541152537288,0.01938439849624063,0.2731437969924812,0,0.4,0.0,5.4,1.6,2.0,-0.3999999999999999,-0.3,-0.08081632653061227,-0.1404081632653061,0.5086435722732802,0,0.5086435722732802,False,True,V4-B_future_leaky
2026-07-11,ソフトバンク,楽天,9,2,PayPayドーム,,https://handenomori.com/jpb/20260711/,2026,7,1.0,7,1.0,145.99654293969843,0.16193893825472777,1.7716450216450217,0,-0.4,0.09999999999999998,-3.0,1.3,1.1,0.19999999999999973,-0.09999999999999998,0.23969587835134054,2.3771508603441376,0.6446839804580011,1,0.6446839804580011,True,True,V4-B_future_leaky
2026-07-11,ロッテ,オリックス,3,8,ZOZOマリンスタジアム,,https://handenomori.com/jpb/20260711/,2026,-5,0.0,7,1.0,21.691315207029675,-0.1127819548872181,-0.5714285714285714,0,0.0,0.2,3.5999999999999996,3.5999999999999996,2.0,1.5999999999999996,-0.09999999999999998,-0.03630050505050508,-0.10669191919191923,0.5260728055048691,0,0.5260728055048691,False,True,V4-B_future_leaky
2026-07-11,中日,広島,8,1,ナゴヤドーム,,https://handenomori.com/jpb/20260711/,2026,7,1.0,7,1.0,8.80240872243894,-0.006643356643356635,-0.18473193473193472,0,0.0,0.0,2.8,2.0,-0.6000000000000001,2.6000000000000005,-0.09999999999999998,0.015109890109890112,0.6991758241758241,0.6214387717199632,1,0.6214387717199632,False,True,V4-B_future_leaky
2026-07-11,日本ハム,西武,8,2,エスコンF,,https://handenomori.com/jpb/20260711/,2026,6,1.0,7,1.0,23.642159336190616,0.12653856864383178,1.3761626287942077,0,0.2,0.39999999999999997,2.5999999999999996,4.3,3.3,1.0,-0.09999999999999998,-0.027142857142857135,0.14904761904761904,0.5752439983650507,1,0.5752439983650507,False,True,V4-B_future_leaky
2026-07-11,阪神,ヤクルト,2,1,甲子園球場,,https://handenomori.com/jpb/20260711/,2026,1,1.0,7,1.0,34.2939904672935,0.2111945309161936,1.9702130256973693,0,0.19999999999999996,0.0,2.6,2.6,1.7000000000000002,0.8999999999999999,0.0,0.10535353535353531,1.2563636363636363,0.6311932893869695,1,0.6311932893869695,False,True,V4-B_future_leaky
2026-07-12,DeNA,巨人,3,4,横浜スタジアム,,https://handenomori.com/jpb/20260712/,2026,-1,0.0,7,1.0,-84.47047230980456,0.01938439849624063,0.2731437969924812,0,0.0,0.0,2.6,2.1,2.4,-0.2999999999999998,-0.4,-0.08081632653061227,-0.1404081632653061,0.5476111226898303,1,0.5476111226898303,False,False,V4-B_future_leaky
2026-07-12,ソフトバンク,楽天,3,0,PayPayドーム,,https://handenomori.com/jpb/20260712/,2026,3,1.0,7,1.0,156.4278862260271,0.16193893825472777,1.7716450216450217,0,0.0,0.19999999999999996,2.8,2.6,1.4999999999999996,1.1,0.0,0.23969587835134054,2.3771508603441376,0.6507228384020874,1,0.6507228384020874,True,True,V4-B_future_leaky
2026-07-12,ロッテ,オリックス,2,7,ZOZOマリンスタジアム,,https://handenomori.com/jpb/20260712/,2026,-5,0.0,7,1.0,-1.5434419236453323,-0.1127819548872181,-0.5714285714285714,0,-0.19999999999999996,0.0,0.6,2.0,1.2999999999999998,0.7000000000000002,-0.2,-0.03630050505050508,-0.10669191919191923,0.5328422712875089,0,0.5328422712875089,False,True,V4-B_future_leaky
2026-07-12,中日,広島,1,5,ナゴヤドーム,,https://handenomori.com/jpb/20260712/,2026,-4,0.0,7,1.0,26.294214176983587,-0.006643356643356635,-0.18473193473193472,0,0.19999999999999996,0.09999999999999998,5.4,3.1,0.09999999999999964,3.0,0.0,0.015109890109890112,0.6991758241758241,0.6037144870513299,1,0.6037144870513299,False,False,V4-B_future_leaky
2026-07-12,日本ハム,西武,1,12,エスコンF,,https://handenomori.com/jpb/20260712/,2026,-11,0.0,7,1.0,40.298140625671294,0.12653856864383178,1.3761626287942077,0,0.39999999999999997,0.39999999999999997,3.4,4.9,3.4000000000000004,1.5000000000000004,0.0,-0.027142857142857135,0.14904761904761904,0.5485111918726363,1,0.5485111918726363,False,False,V4-B_future_leaky
2026-07-12,阪神,ヤクルト,3,0,甲子園球場,,https://handenomori.com/jpb/20260712/,2026,3,1.0,7,1.0,50.35716940152088,0.2111945309161936,1.9702130256973693,0,0.19999999999999996,0.19999999999999996,2.2,3.0,2.0000000000000004,1.0,0.0,0.10535353535353531,1.2563636363636363,0.6456338646286562,1,0.6456338646286562,True,True,V4-B_future_leaky
2026-07-14,ヤクルト,巨人,5,4,神宮野球場,,https://handenomori.com/jpb/20260714/,2026,1,1.0,7,1.0,-66.60641322545348,-0.08538788832546479,-0.883954071224573,0,-0.19999999999999996,-0.2,1.0,-0.7999999999999999,-0.2999999999999998,-0.5,0.09999999999999998,-0.0753535353535354,-0.7563636363636363,0.5490280549860311,1,0.5490280549860311,False,True,V4-B_future_leaky
2026-07-14,中日,阪神,2,5,ナゴヤドーム,,https://handenomori.com/jpb/20260714/,2026,-3,0.0,7,1.0,-62.716339563961355,-0.19022906227630637,-1.5711643999045575,0,-0.20000000000000007,0.0,-0.3999999999999999,-0.10000000000000009,-0.2999999999999998,0.19999999999999973,-0.2,-0.13730769230769224,-0.5911538461538461,0.4830970013910494,0,0.5169029986089506,False,True,V4-B_future_leaky
2026-07-14,広島,DeNA,4,5,マツダスタジアム,,https://handenomori.com/jpb/20260714/,2026,-1,0.0,7,1.0,35.057212443134176,-0.07716346153846154,-0.5733173076923077,0,0.0,0.09999999999999998,-2.8,-2.4,-0.8000000000000003,-1.6000000000000005,-0.09999999999999998,-0.04160125588697017,-0.6499215070643641,0.4735443248730606,0,0.5264556751269394,False,True,V4-B_future_leaky
2026-07-14,日本ハム,ソフトバンク,2,4,エスコンF,,https://handenomori.com/jpb/20260714/,2026,-2,0.0,7,1.0,-40.37087610874414,-0.03887496519075473,-0.15767195767195763,0,-0.19999999999999996,-0.19999999999999996,-3.8,-2.5,-0.7000000000000002,-1.8000000000000003,-0.4,-0.08459383753501404,-1.0907563025210083,0.47930503375537853,0,0.5206949662446214,False,True,V4-B_future_leaky
2026-07-14,楽天,オリックス,3,1,楽天モバイル,,https://handenomori.com/jpb/20260714/,2026,2,1.0,7,1.0,-93.3904483821832,-0.07171337434495334,-0.5385623148781044,0,-0.4,-0.09999999999999998,-3.6,0.3999999999999999,-0.19999999999999973,0.6000000000000001,-0.09999999999999998,-0.11729540300968877,-0.453205524634096,0.5082390023429166,0,0.5082390023429166,False,False,V4-B_future_leaky
2026-07-14,西武,ロッテ,2,1,メットライフドーム,,https://handenomori.com/jpb/20260714/,2026,1,1.0,7,1.0,40.07475001694252,0.03759398496240601,0.2706766917293233,0,0.2,-0.2,2.6,-2.3,-2.0,-0.2999999999999998,0.09999999999999998,0.10124999999999995,0.7908333333333334,0.6164418517326979,1,0.6164418517326979,False,True,V4-B_future_leaky
2026-07-15,ヤクルト,巨人,2,8,神宮野球場,,https://handenomori.com/jpb/20260715/,2026,-6,0.0,7,1.0,-44.79200420258735,-0.08538788832546479,-0.883954071224573,0,0.19999999999999996,-0.2,1.8,-0.7999999999999999,-0.2999999999999998,-0.5,0.19999999999999996,-0.0753535353535354,-0.7563636363636363,0.5025057257499167,0,0.5025057257499167,False,True,V4-B_future_leaky
2026-07-15,中日,阪神,6,5,ナゴヤドーム,,https://handenomori.com/jpb/20260715/,2026,1,1.0,7,1.0,-81.12423470466547,-0.19022906227630637,-1.5711643999045575,0,-0.20000000000000007,-0.09999999999999998,-0.7999999999999998,-0.7000000000000001,-0.6000000000000001,-0.10000000000000009,-0.2,-0.13730769230769224,-0.5911538461538461,0.5151918923022548,0,0.5151918923022548,False,False,V4-B_future_leaky
2026-07-15,広島,DeNA,6,4,マツダスタジアム,,https://handenomori.com/jpb/20260715/,2026,2,1.0,7,1.0,11.07817741740655,-0.07716346153846154,-0.5733173076923077,0,-0.2,0.0,-2.5999999999999996,-1.9,-1.0999999999999996,-0.8000000000000003,-0.09999999999999998,-0.04160125588697017,-0.6499215070643641,0.5189672485979349,0,0.5189672485979349,False,False,V4-B_future_leaky
2026-07-15,日本ハム,ソフトバンク,7,6,エスコンF,,https://handenomori.com/jpb/20260715/,2026,1,1.0,7,1.0,-60.06172825233489,-0.03887496519075473,-0.15767195767195763,0,-0.19999999999999996,-0.29999999999999993,-2.4,-2.4000000000000004,-0.39999999999999947,-2.0,-0.4,-0.08459383753501404,-1.0907563025210083,0.4905340118393056,0,0.5094659881606944,False,False,V4-B_future_leaky
2026-07-15,楽天,オリックス,3,2,楽天モバイル,,https://handenomori.com/jpb/20260715/,2026,1,1.0,7,1.0,-70.06051594799578,-0.07171337434495334,-0.5385623148781044,0,0.0,0.0,-1.7999999999999998,0.7,-0.09999999999999964,0.7999999999999998,0.0,-0.11729540300968877,-0.453205524634096,0.45142709462613967,0,0.5485729053738604,False,False,V4-B_future_leaky
2026-07-15,西武,ロッテ,7,3,メットライフドーム,,https://handenomori.com/jpb/20260715/,2026,4,1.0,7,1.0,55.819128740377664,0.03759398496240601,0.2706766917293233,0,0.39999999999999997,-0.10000000000000003,2.4000000000000004,-2.2,-1.7000000000000002,-0.5000000000000004,0.19999999999999996,0.10124999999999995,0.7908333333333334,0.6035848876805315,1,0.6035848876805315,False,True,V4-B_future_leaky
2026-07-16,ヤクルト,巨人,1,3,神宮野球場,,https://handenomori.com/jpb/20260716/,2026,-2,0.0,7,1.0,-64.22848032778279,-0.08538788832546479,-0.883954071224573,0,-0.19999999999999996,-0.2,-1.4000000000000001,-1.8000000000000003,-0.7999999999999998,-1.0000000000000004,0.09999999999999998,-0.0753535353535354,-0.7563636363636363,0.5423404237650876,1,0.5423404237650876,False,False,V4-B_future_leaky
2026-07-16,中日,阪神,1,3,ナゴヤドーム,,https://handenomori.com/jpb/20260716/,2026,-2,0.0,7,1.0,-58.48459929982528,-0.19022906227630637,-1.5711643999045575,0,0.0,-0.09999999999999998,1.0,-0.7000000000000001,-0.3999999999999999,-0.2999999999999998,-0.09999999999999998,-0.13730769230769224,-0.5911538461538461,0.4703073579126579,0,0.5296926420873421,False,True,V4-B_future_leaky
2026-07-16,日本ハム,ソフトバンク,2,6,エスコンF,,https://handenomori.com/jpb/20260716/,2026,-4,0.0,7,1.0,-38.621556190541924,-0.03887496519075473,-0.15767195767195763,0,-0.19999999999999996,-0.19999999999999996,-3.2,-2.8,-0.9000000000000004,-1.9,-0.3,-0.08459383753501404,-1.0907563025210083,0.4791082408942737,0,0.5208917591057263,False,True,V4-B_future_leaky
2026-07-16,楽天,オリックス,12,8,楽天モバイル,,https://handenomori.com/jpb/20260716/,2026,4,1.0,7,1.0,-48.049093414317895,-0.07171337434495334,-0.5385623148781044,0,0.0,0.19999999999999996,-2.6,1.5,0.2999999999999998,1.2000000000000002,0.09999999999999998,-0.11729540300968877,-0.453205524634096,0.44915510938869563,0,0.5508448906113044,False,False,V4-B_future_leaky
2026-07-16,西武,ロッテ,3,4,メットライフドーム,,https://handenomori.com/jpb/20260716/,2026,-1,0.0,7,1.0,70.70706677385238,0.03759398496240601,0.2706766917293233,0,0.8,0.10000000000000003,6.2,-0.7000000000000001,-0.8999999999999999,0.20000000000000018,0.19999999999999996,0.10124999999999995,0.7908333333333334,0.5747219794196912,1,0.5747219794196912,False,False,V4-B_future_leaky
2026-07-17,DeNA,ヤクルト,12,4,横浜スタジアム,,https://handenomori.com/jpb/20260717/,2026,8,1.0,7,1.0,-23.755618333817893,0.10477228682170542,1.1570978682170543,1,0.0,0.2,1.4000000000000001,2.4000000000000004,2.7,-0.2999999999999998,-0.09999999999999998,-0.0054627911770768756,0.6159554730983302,0.5895754130738503,1,0.5895754130738503,False,True,V4-B_future_leaky
2026-07-17,巨人,中日,4,1,東京ドーム,,https://handenomori.com/jpb/20260717/,2026,3,1.0,7,1.0,78.96357577592084,0.06442241968557755,0.48490544543176123,0,0.4,0.19999999999999996,2.0,-0.4,-0.20000000000000018,-0.19999999999999973,-0.09999999999999998,0.10730769230769233,0.09115384615384614,0.6152589740470948,1,0.6152589740470948,False,True,V4-B_future_leaky
2026-07-17,広島,阪神,2,4,マツダスタジアム,,https://handenomori.com/jpb/20260717/,2026,-2,0.0,7,1.0,-76.03557941028293,-0.18358570563294974,-1.3864324651726228,1,-0.4,-0.19999999999999996,-3.8000000000000003,-2.7,-0.8000000000000003,-1.9000000000000004,0.0,-0.15241758241758235,-1.2903296703296703,0.481330653082604,0,0.518669346917396,False,True,V4-B_future_leaky
2026-07-18,DeNA,ヤクルト,8,0,横浜スタジアム,,https://handenomori.com/jpb/20260718/,2026,8,1.0,7,1.0,-4.402671076825754,0.10477228682170542,1.1570978682170543,0,0.2,0.3,4.6,4.1,3.5,0.5999999999999996,0.0,-0.0054627911770768756,0.6159554730983302,0.568578236221313,1,0.568578236221313,False,True,V4-B_future_leaky
2026-07-18,オリックス,日本ハム,0,7,京セラドーム大阪,,https://handenomori.com/jpb/20260718/,2026,-7,0.0,7,1.0,-56.66654559592121,-0.0513505987190197,-1.0754107490949596,0,0.0,0.0,2.6,0.2999999999999998,-0.10000000000000009,0.39999999999999947,-0.2,-0.03780663780663773,-0.8331890331890333,0.5481689367321745,1,0.5481689367321745,False,False,V4-B_future_leaky
2026-07-18,ロッテ,ソフトバンク,4,5,ZOZOマリンスタジアム,,https://handenomori.com/jpb/20260718/,2026,-1,0.0,7,1.0,-107.86116980861993,-0.20300751879699253,-1.8045112781954886,0,-0.6000000000000001,-0.3,-5.8,-2.3,-1.0,-1.3000000000000003,-0.09999999999999998,-0.15870098039215685,-2.030637254901961,0.463336075474486,0,0.536663924525514,False,True,V4-B_future_leaky
2026-07-18,巨人,中日,1,5,東京ドーム,,https://handenomori.com/jpb/20260718/,2026,-4,0.0,7,1.0,92.62888127598012,0.06442241968557755,0.48490544543176123,0,0.6000000000000001,0.29999999999999993,4.4,0.19999999999999998,0.0,0.20000000000000018,-0.09999999999999998,0.10730769230769233,0.09115384615384614,0.6247046021928451,1,0.6247046021928451,False,False,V4-B_future_leaky
2026-07-18,広島,阪神,2,1,マツダスタジアム,,https://handenomori.com/jpb/20260718/,2026,1,1.0,7,1.0,-93.6843048049659,-0.18358570563294974,-1.3864324651726228,0,-0.4,-0.29999999999999993,-2.6,-3.3,-0.8999999999999999,-2.4,0.0,-0.15241758241758235,-1.2903296703296703,0.4960061083104392,0,0.5039938916895608,False,False,V4-B_future_leaky
2026-07-18,楽天,西武,3,2,楽天モバイル,,https://handenomori.com/jpb/20260718/,2026,1,1.0,7,1.0,-79.31988179500331,0.0034745955798587413,-0.23781043517885625,0,0.0,0.29999999999999993,-2.4,1.8,1.2999999999999998,0.5,0.0,-0.18224489795918364,-1.1373469387755102,0.4542908183615814,0,0.5457091816384185,False,False,V4-B_future_leaky
2026-07-19,DeNA,ヤクルト,5,1,横浜スタジアム,,https://handenomori.com/jpb/20260719/,2026,4,1.0,7,1.0,13.84054441109356,0.10477228682170542,1.1570978682170543,0,0.39999999999999997,0.3,7.3999999999999995,4.5,3.4,1.1,0.09999999999999998,-0.0054627911770768756,0.6159554730983302,0.5496887554291668,1,0.5496887554291668,False,True,V4-B_future_leaky
2026-07-19,オリックス,日本ハム,1,5,京セラドーム大阪,,https://handenomori.com/jpb/20260719/,2026,-4,0.0,7,1.0,-75.42093325686369,-0.0513505987190197,-1.0754107490949596,0,-0.2,-0.09999999999999998,0.0,-0.7999999999999999,-0.6999999999999997,-0.09999999999999964,-0.3,-0.03780663780663773,-0.8331890331890333,0.5648161713463453,1,0.5648161713463453,False,False,V4-B_future_leaky
2026-07-19,ロッテ,ソフトバンク,0,3,ZOZOマリンスタジアム,,https://handenomori.com/jpb/20260719/,2026,-3,0.0,7,1.0,-123.72736673127906,-0.20300751879699253,-1.8045112781954886,0,-0.6000000000000001,-0.39999999999999997,-3.8,-3.1,-1.1999999999999997,-1.9000000000000004,-0.2,-0.15870098039215685,-2.030637254901961,0.47566328330597624,0,0.5243367166940238,False,True,V4-B_future_leaky
2026-07-19,巨人,中日,6,1,東京ドーム,,https://handenomori.com/jpb/20260719/,2026,5,1.0,7,1.0,65.59552876716612,0.06442241968557755,0.48490544543176123,0,0.19999999999999996,0.09999999999999998,1.7999999999999998,-1.1,-0.49999999999999956,-0.5999999999999996,-0.09999999999999998,0.10730769230769233,0.09115384615384614,0.6307216336457887,1,0.6307216336457887,False,True,V4-B_future_leaky
2026-07-19,広島,阪神,2,4,マツダスタジアム,,https://handenomori.com/jpb/20260719/,2026,-2,0.0,7,1.0,-70.3379278781772,-0.18358570563294974,-1.3864324651726228,0,0.0,-0.19999999999999996,-0.19999999999999996,-3.0,-0.8999999999999999,-2.1,0.0,-0.15241758241758235,-1.2903296703296703,0.45549631889427145,0,0.5445036811057286,False,True,V4-B_future_leaky
2026-07-19,楽天,西武,3,6,楽天モバイル,,https://handenomori.com/jpb/20260719/,2026,-3,0.0,7,1.0,-56.78237309814267,0.0034745955798587413,-0.23781043517885625,0,0.20000000000000007,0.29999999999999993,-1.7999999999999998,0.09999999999999998,0.6000000000000001,-0.5,0.0,-0.18224489795918364,-1.1373469387755102,0.4293107602294715,0,0.5706892397705285,False,True,V4-B_future_leaky
2026-07-20,オリックス,日本ハム,3,0,京セラドーム大阪,,https://handenomori.com/jpb/20260720/,2026,3,1.0,7,1.0,-93.10455872937814,-0.0513505987190197,-1.0754107490949596,0,-0.6,-0.09999999999999998,-4.8,-0.5,-0.6000000000000001,0.09999999999999964,-0.3,-0.03780663780663773,-0.8331890331890333,0.5922514281215954,1,0.5922514281215954,False,True,V4-B_future_leaky
2026-07-20,ヤクルト,中日,2,4,神宮野球場,,https://handenomori.com/jpb/20260720/,2026,-2,0.0,7,1.0,-30.488972106337997,-0.02096546863988724,-0.39904862579281186,0,-0.4,-0.2,-4.6,-3.4,-2.2,-1.1999999999999997,0.0,0.03195415695415693,-0.6652097902097902,0.6246689857714516,1,0.6246689857714516,False,False,V4-B_future_leaky
2026-07-20,ロッテ,ソフトバンク,4,5,ZOZOマリンスタジアム,,https://handenomori.com/jpb/20260720/,2026,-1,0.0,7,1.0,-138.72802152286272,-0.20300751879699253,-1.8045112781954886,0,-0.6000000000000001,-0.49999999999999994,-3.4000000000000004,-3.9,-1.6,-2.3,-0.2,-0.15870098039215685,-2.030637254901961,0.47566674546670623,0,0.5243332545332937,False,True,V4-B_future_leaky
2026-07-20,巨人,広島,3,1,東京ドーム,,https://handenomori.com/jpb/20260720/,2026,2,1.0,7,1.0,84.5008312337468,0.05777906304222091,0.3001735106998265,0,0.4,0.19999999999999996,2.8,1.5999999999999999,1.0999999999999996,0.49999999999999956,0.09999999999999998,0.12241758241758244,0.7903296703296703,0.6506592795039101,1,0.6506592795039101,True,True,V4-B_future_leaky
2026-07-20,楽天,西武,4,5,楽天モバイル,,https://handenomori.com/jpb/20260720/,2026,-1,0.0,7,1.0,-75.5301191928911,0.0034745955798587413,-0.23781043517885625,0,0.20000000000000007,0.09999999999999998,-0.19999999999999996,-1.0,0.0,-1.0,-0.09999999999999998,-0.18224489795918364,-1.1373469387755102,0.44296663893523547,0,0.5570333610647645,False,True,V4-B_future_leaky
2026-07-20,阪神,DeNA,0,7,甲子園球場,,https://handenomori.com/jpb/20260720/,2026,-7,0.0,7,1.0,83.21276176191805,0.1064222440944882,0.813115157480315,0,-0.20000000000000007,0.09999999999999998,-3.0,-0.30000000000000004,-1.4000000000000004,1.1,0.0,0.11081632653061219,0.6404081632653061,0.5672562654454057,1,0.5672562654454057,False,False,V4-B_future_leaky
2026-07-21,ソフトバンク,オリックス,1,2,PayPayドーム,,https://handenomori.com/jpb/20260721/,2026,-1,0.0,7,1.0,144.17522280325943,0.09022556390977443,1.2330827067669172,0,0.6000000000000001,0.29999999999999993,4.2,2.4,0.9999999999999996,1.4,-0.09999999999999998,0.12240047534165177,1.9239453357100416,0.5992581611205693,1,0.5992581611205693,False,False,V4-B_future_leaky
2026-07-21,ヤクルト,中日,4,11,神宮野球場,,https://handenomori.com/jpb/20260721/,2026,-7,0.0,7,1.0,-50.74863315495463,-0.02096546863988724,-0.39904862579281186,0,-0.4,-0.3,-4.0,-3.8000000000000003,-2.0999999999999996,-1.7000000000000002,0.0,0.03195415695415693,-0.6652097902097902,0.6272969482161361,1,0.6272969482161361,False,False,V4-B_future_leaky
2026-07-21,巨人,広島,11,5,東京ドーム,,https://handenomori.com/jpb/20260721/,2026,6,1.0,7,1.0,97.88082835557043,0.05777906304222091,0.3001735106998265,0,0.4,0.39999999999999997,2.2,2.4,1.6,0.7999999999999998,0.09999999999999998,0.12241758241758244,0.7903296703296703,0.6238245060286883,1,0.6238245060286883,False,True,V4-B_future_leaky
2026-07-21,阪神,DeNA,2,1,甲子園球場,,https://handenomori.com/jpb/20260721/,2026,1,1.0,7,1.0,56.658863286450924,0.1064222440944882,0.813115157480315,0,-0.20000000000000007,0.0,-5.4,-2.1,-2.7,0.6000000000000001,-0.09999999999999998,0.11081632653061219,0.6404081632653061,0.5447837995926627,1,0.5447837995926627,False,True,V4-B_future_leaky
2026-07-22,ソフトバンク,オリックス,22,2,PayPayドーム,,https://handenomori.com/jpb/20260722/,2026,20,1.0,7,1.0,114.68761374064502,0.09022556390977443,1.2330827067669172,0,0.4,0.19999999999999996,3.8000000000000003,2.0,1.0,1.0,-0.09999999999999998,0.12240047534165177,1.9239453357100416,0.6241816638420082,1,0.6241816638420082,False,True,V4-B_future_leaky
2026-07-22,ヤクルト,中日,8,5,神宮野球場,,https://handenomori.com/jpb/20260722/,2026,3,1.0,7,1.0,-69.84268933634144,-0.02096546863988724,-0.39904862579281186,0,-0.6,-0.4,-6.8,-4.4,-2.0,-2.4,-0.09999999999999998,0.03195415695415693,-0.6652097902097902,0.6206969945364242,1,0.6206969945364242,False,True,V4-B_future_leaky
2026-07-22,ロッテ,楽天,10,2,ZOZOマリンスタジアム,,https://handenomori.com/jpb/20260722/,2026,8,1.0,7,1.0,18.927032201190514,-0.041068580542264754,-0.03286625655046704,0,-0.39999999999999997,-0.39999999999999997,-2.0,-1.5,-0.7000000000000002,-0.8000000000000007,0.4,0.08099489795918369,0.3465136054421768,0.5629398904168397,1,0.5629398904168397,False,True,V4-B_future_leaky
2026-07-22,巨人,広島,1,6,東京ドーム,,https://handenomori.com/jpb/20260722/,2026,-5,0.0,7,1.0,110.58395911427715,0.05777906304222091,0.3001735106998265,0,0.6000000000000001,0.5,4.6,4.300000000000001,2.0000000000000004,2.3,0.19999999999999996,0.12241758241758244,0.7903296703296703,0.633531046712963,1,0.633531046712963,False,False,V4-B_future_leaky
2026-07-22,西武,日本ハム,4,3,メットライフドーム,,https://handenomori.com/jpb/20260722/,2026,1,1.0,7,1.0,-4.263154847001715,-0.12653856864383178,-1.3761626287942077,0,0.0,0.09999999999999998,0.19999999999999996,0.8,0.2999999999999998,0.5,0.09999999999999998,0.027142857142857135,-0.14904761904761904,0.6146433946783803,1,0.6146433946783803,False,True,V4-B_future_leaky
2026-07-22,阪神,DeNA,5,4,甲子園球場,,https://handenomori.com/jpb/20260722/,2026,1,1.0,7,1.0,71.50164842578442,0.1064222440944882,0.813115157480315,0,-0.20000000000000007,0.19999999999999996,-5.8,-1.7000000000000002,-2.3000000000000003,0.6000000000000001,0.0,0.11081632653061219,0.6404081632653061,0.560972924874592,1,0.560972924874592,False,True,V4-B_future_leaky
2026-07-23,ソフトバンク,オリックス,6,5,PayPayドーム,,https://handenomori.com/jpb/20260723/,2026,1,1.0,7,1.0,126.56722608618497,0.09022556390977443,1.2330827067669172,0,0.4,0.4,10.2,6.3,3.0000000000000004,3.3,-0.09999999999999998,0.12240047534165177,1.9239453357100416,0.6443920295727578,1,0.6443920295727578,True,True,V4-B_future_leaky
2026-07-23,ロッテ,楽天,3,4,ZOZOマリンスタジアム,,https://handenomori.com/jpb/20260723/,2026,-1,0.0,7,1.0,35.847433809793756,-0.041068580542264754,-0.03286625655046704,0,0.0,-0.3,2.2,-0.40000000000000013,-0.40000000000000036,0.0,0.4,0.08099489795918369,0.3465136054421768,0.5450993754961655,1,0.5450993754961655,False,False,V4-B_future_leaky
2026-07-23,西武,日本ハム,2,11,メットライフドーム,,https://handenomori.com/jpb/20260723/,2026,-9,0.0,7,1.0,13.972091689222452,-0.12653856864383178,-1.3761626287942077,0,0.19999999999999996,0.29999999999999993,0.0,1.7999999999999998,0.8999999999999999,0.8999999999999999,0.09999999999999998,0.027142857142857135,-0.14904761904761904,0.6017051317941787,1,0.6017051317941787,False,False,V4-B_future_leaky
2026-07-24,オリックス,ロッテ,3,2,京セラドーム大阪,,https://handenomori.com/jpb/20260724/,2026,1,1.0,7,1.0,15.449918256270166,0.1127819548872181,0.5714285714285714,0,0.2,0.09999999999999998,-4.6000000000000005,-1.8,-0.2999999999999998,-1.5,0.19999999999999996,0.03630050505050508,0.10669191919191923,0.5498906055009708,1,0.5498906055009708,False,True,V4-B_future_leaky
2026-07-24,ヤクルト,広島,5,3,神宮野球場,,https://handenomori.com/jpb/20260724/,2026,2,1.0,7,1.0,-35.546365082638204,-0.027608825283243876,-0.5837805605247466,0,-0.2,-0.2,-2.8,-2.8,-0.6999999999999997,-2.0999999999999996,0.0,0.04706404706404704,0.033966033966033926,0.6225266463486404,1,0.6225266463486404,False,True,V4-B_future_leaky
2026-07-24,中日,DeNA,3,2,ナゴヤドーム,,https://handenomori.com/jpb/20260724/,2026,1,1.0,7,1.0,9.290509981058221,-0.08380681818181818,-0.7580492424242424,0,0.0,-0.09999999999999998,-2.4,-2.8000000000000003,-1.5999999999999996,-1.1999999999999997,-0.2,-0.026491365777080056,0.04925431711145997,0.49024760136537565,0,0.5097523986346244,False,False,V4-B_future_leaky
2026-07-24,西武,ソフトバンク,3,7,メットライフドーム,,https://handenomori.com/jpb/20260724/,2026,-4,0.0,7,1.0,-77.78466380577493,-0.1654135338345865,-1.5338345864661653,0,-0.20000000000000007,-0.20000000000000007,-5.8,-2.9,-1.5999999999999996,-1.2999999999999998,0.0,-0.0574509803921569,-1.2398039215686274,0.5387869545440036,0,0.5387869545440036,False,True,V4-B_future_leaky
2026-07-24,阪神,巨人,2,4,甲子園球場,,https://handenomori.com/jpb/20260724/,2026,-2,0.0,7,1.0,5.901000250404877,0.12580664259072882,1.0862589544727963,0,0.0,0.0,-1.6,-1.0,-1.2999999999999998,0.2999999999999998,0.19999999999999996,0.029999999999999916,0.5,0.5959073650850572,1,0.5959073650850572,False,False,V4-B_future_leaky
2026-07-25,オリックス,ロッテ,5,3,京セラドーム大阪,,https://handenomori.com/jpb/20260725/,2026,2,1.0,7,1.0,32.566027962258204,0.1127819548872181,0.5714285714285714,0,0.39999999999999997,0.09999999999999998,-3.6,-2.5999999999999996,-0.5999999999999996,-2.0,0.19999999999999996,0.03630050505050508,0.10669191919191923,0.5236307635274166,0,0.5236307635274166,False,False,V4-B_future_leaky
2026-07-25,ヤクルト,広島,2,1,神宮野球場,,https://handenomori.com/jpb/20260725/,2026,1,1.0,7,1.0,-15.51491380619882,-0.027608825283243876,-0.5837805605247466,0,0.2,-0.10000000000000003,-0.20000000000000018,-2.8000000000000003,-0.3999999999999999,-2.4,0.0,0.04706404706404704,0.033966033966033926,0.6261284227187609,1,0.6261284227187609,False,True,V4-B_future_leaky
2026-07-25,中日,DeNA,0,5,ナゴヤドーム,,https://handenomori.com/jpb/20260725/,2026,-5,0.0,7,1.0,26.754664862478876,-0.08380681818181818,-0.7580492424242424,0,0.19999999999999996,0.0,-1.2000000000000002,-2.3000000000000003,-1.1999999999999997,-1.1,-0.09999999999999998,-0.026491365777080056,0.04925431711145997,0.49816244094191836,0,0.5018375590580817,False,True,V4-B_future_leaky
2026-07-25,日本ハム,楽天,4,3,エスコンF,,https://handenomori.com/jpb/20260725/,2026,1,1.0,7,1.0,96.20219357165001,0.12306397306397304,1.6139730639730638,0,0.19999999999999996,0.0,5.2,1.9,0.9999999999999996,0.9000000000000004,0.0,0.1551020408163265,1.2863945578231293,0.600647646676492,1,0.600647646676492,False,True,V4-B_future_leaky
2026-07-25,西武,ソフトバンク,8,6,メットライフドーム,,https://handenomori.com/jpb/20260725/,2026,2,1.0,7,1.0,-95.3341549749457,-0.1654135338345865,-1.5338345864661653,0,-0.20000000000000007,-0.20000000000000007,-6.6,-2.8,-1.9000000000000004,-0.8999999999999999,-0.09999999999999998,-0.0574509803921569,-1.2398039215686274,0.5642712163723572,1,0.5642712163723572,False,True,V4-B_future_leaky
2026-07-25,阪神,巨人,1,5,甲子園球場,,https://handenomori.com/jpb/20260725/,2026,-4,0.0,7,1.0,-16.442634081248116,0.12580664259072882,1.0862589544727963,0,-0.20000000000000007,-0.09999999999999998,-3.0,-1.6,-1.4,-0.20000000000000018,0.19999999999999996,0.029999999999999916,0.5,0.6131829440429593,1,0.6131829440429593,False,False,V4-B_future_leaky
2026-07-26,オリックス,ロッテ,2,3,京セラドーム大阪,,https://handenomori.com/jpb/20260726/,2026,-1,0.0,7,1.0,48.72491523620215,0.1127819548872181,0.5714285714285714,0,0.39999999999999997,0.2,-4.0,-2.5,-0.2999999999999998,-2.1999999999999997,0.30000000000000004,0.03630050505050508,0.10669191919191923,0.5244859316540535,0,0.5244859316540535,False,True,V4-B_future_leaky
2026-07-26,ヤクルト,広島,3,4,神宮野球場,,https://handenomori.com/jpb/20260726/,2026,-1,0.0,7,1.0,3.3646089518501867,-0.027608825283243876,-0.5837805605247466,0,0.39999999999999997,0.0,0.6,-2.3,-0.30000000000000027,-2.0,0.0,0.04706404706404704,0.033966033966033926,0.5981040356068429,1,0.5981040356068429,False,False,V4-B_future_leaky
2026-07-26,中日,DeNA,5,1,ナゴヤドーム,,https://handenomori.com/jpb/20260726/,2026,4,1.0,7,1.0,3.2367499674746796,-0.08380681818181818,-0.7580492424242424,0,0.19999999999999996,-0.09999999999999998,-1.4,-3.0999999999999996,-1.5999999999999996,-1.5,-0.09999999999999998,-0.026491365777080056,0.04925431711145997,0.47933246928727025,0,0.5206675307127298,False,False,V4-B_future_leaky
2026-07-26,日本ハム,楽天,6,2,エスコンF,,https://handenomori.com/jpb/20260726/,2026,4,1.0,7,1.0,108.98923909309292,0.12306397306397304,1.6139730639730638,0,0.39999999999999997,0.0,4.4,0.7999999999999999,0.5,0.3000000000000007,0.0,0.1551020408163265,1.2863945578231293,0.5840910274739083,1,0.5840910274739083,False,True,V4-B_future_leaky
2026-07-26,西武,ソフトバンク,0,3,メットライフドーム,,https://handenomori.com/jpb/20260726/,2026,-3,0.0,7,1.0,-71.8955378457772,-0.1654135338345865,-1.5338345864661653,0,0.0,-0.09999999999999998,-6.2,-3.3,-2.5,-0.7999999999999998,0.0,-0.0574509803921569,-1.2398039215686274,0.5416688031135496,1,0.5416688031135496,False,False,V4-B_future_leaky
2026-07-26,阪神,巨人,1,0,甲子園球場,,https://handenomori.com/jpb/20260726/,2026,1,1.0,7,1.0,-37.50986723011715,0.12580664259072882,1.0862589544727963,0,-0.4,-0.30000000000000004,-4.0,-2.8,-1.8999999999999995,-0.8999999999999999,0.19999999999999996,0.029999999999999916,0.5,0.6216268929763217,1,0.6216268929763217,False,True,V4-B_future_leaky
2026-07-31,ヤクルト,阪神,3,4,神宮野球場,,https://handenomori.com/jpb/20260731/,2026,-1,0.0,7,1.0,-104.1202351808463,-0.2111945309161936,-1.9702130256973693,0,0.0,-0.3,0.19999999999999996,-2.1,0.7000000000000002,-2.8,-0.09999999999999998,-0.10535353535353531,-1.2563636363636363,0.4855236923377772,0,0.5144763076622227,False,True,V4-B_future_leaky
2026-07-31,巨人,DeNA,6,0,東京ドーム,,https://handenomori.com/jpb/20260731/,2026,6,1.0,7,1.0,97.16518611931133,-0.01938439849624063,-0.2731437969924812,0,0.39999999999999997,0.19999999999999996,1.6,-0.8999999999999999,-1.1000000000000005,0.20000000000000018,0.4,0.08081632653061227,0.1404081632653061,0.5365017369778772,0,0.5365017369778772,False,False,V4-B_future_leaky
2026-07-31,広島,中日,3,1,マツダスタジアム,,https://handenomori.com/jpb/20260731/,2026,2,1.0,7,1.0,-26.53004543116799,0.006643356643356635,0.18473193473193472,0,-0.19999999999999996,-0.09999999999999998,-1.4,-0.6,-0.3999999999999999,-0.19999999999999973,0.0,-0.015109890109890112,-0.6991758241758241,0.6076502061965797,1,0.6076502061965797,False,True,V4-B_future_leaky
2026-07-31,日本ハム,ロッテ,6,1,エスコンF,,https://handenomori.com/jpb/20260731/,2026,5,1.0,7,1.0,101.12196231730718,0.1641325536062378,1.646839320523531,0,0.19999999999999996,0.3,1.0,1.9000000000000001,1.1,0.7999999999999998,0.09999999999999998,0.07410714285714282,0.9398809523809524,0.5601805065966171,1,0.5601805065966171,False,True,V4-B_future_leaky
2026-07-31,西武,オリックス,4,5,メットライフドーム,,https://handenomori.com/jpb/20260731/,2026,-1,0.0,7,1.0,49.82833702220705,-0.07518796992481208,-0.3007518796992481,0,0.0,0.09999999999999998,1.1999999999999997,2.3,0.8999999999999999,1.3999999999999995,-0.09999999999999998,0.06494949494949487,0.6841414141414142,0.6385170503197127,1,0.6385170503197127,False,False,V4-B_future_leaky
2026-08-01,ヤクルト,阪神,3,7,神宮野球場,,https://handenomori.com/jpb/20260801/,2026,-4,0.0,8,1.0,-120.19302967152521,-0.2111945309161936,-1.9702130256973693,0,0.0,-0.3,1.4,-1.9,0.8000000000000003,-2.7,-0.09999999999999998,-0.10535353535353531,-1.2563636363636363,0.5009219970734027,0,0.5009219970734027,False,True,V4-B_future_leaky
2026-08-01,巨人,DeNA,7,8,東京ドーム,,https://handenomori.com/jpb/20260801/,2026,-1,0.0,8,1.0,109.90405577608499,-0.01938439849624063,-0.2731437969924812,0,0.39999999999999997,0.19999999999999996,2.5999999999999996,-0.09999999999999987,-0.40000000000000036,0.30000000000000027,0.4,0.08081632653061227,0.1404081632653061,0.5109859596352814,0,0.5109859596352814,False,True,V4-B_future_leaky
2026-08-01,広島,中日,1,7,マツダスタジアム,,https://handenomori.com/jpb/20260801/,2026,-6,0.0,8,1.0,-7.017518643021731,0.006643356643356635,0.18473193473193472,0,0.19999999999999996,-0.09999999999999998,2.0,-0.6,-0.7000000000000002,0.10000000000000009,0.09999999999999998,-0.015109890109890112,-0.6991758241758241,0.5738726642096615,1,0.5738726642096615,False,False,V4-B_future_leaky
2026-08-01,日本ハム,ロッテ,3,5,エスコンF,,https://handenomori.com/jpb/20260801/,2026,-2,0.0,8,1.0,113.66390677951517,0.1641325536062378,1.646839320523531,0,0.6000000000000001,0.39999999999999997,5.2,2.6999999999999997,1.6999999999999997,1.0,0.09999999999999998,0.07410714285714282,0.9398809523809524,0.5433784062979354,1,0.5433784062979354,False,False,V4-B_future_leaky
2026-08-01,楽天,ソフトバンク,0,5,楽天モバイル,,https://handenomori.com/jpb/20260801/,2026,-5,0.0,8,1.0,-183.62709259129065,-0.16193893825472777,-1.7716450216450217,0,-0.6000000000000001,-0.30000000000000004,-7.800000000000001,-4.2,-2.5000000000000004,-1.7000000000000002,-0.09999999999999998,-0.23969587835134054,-2.3771508603441376,0.4230411917966835,0,0.5769588082033166,False,True,V4-B_future_leaky
2026-08-01,西武,オリックス,4,1,メットライフドーム,,https://handenomori.com/jpb/20260801/,2026,3,1.0,8,1.0,25.039996848307055,-0.07518796992481208,-0.3007518796992481,0,-0.39999999999999997,-0.09999999999999998,-3.4,1.3,0.9000000000000004,0.39999999999999947,-0.09999999999999998,0.06494949494949487,0.6841414141414142,0.6463393096955947,1,0.6463393096955947,True,True,V4-B_future_leaky
2026-08-02,巨人,DeNA,1,2,東京ドーム,,https://handenomori.com/jpb/20260802/,2026,-1,0.0,8,1.0,82.0149157604219,-0.01938439849624063,-0.2731437969924812,0,0.19999999999999996,0.09999999999999998,3.0,0.19999999999999996,0.3000000000000007,-0.10000000000000009,0.4,0.08081632653061227,0.1404081632653061,0.5444553264758606,1,0.5444553264758606,False,False,V4-B_future_leaky
2026-08-02,広島,中日,4,3,マツダスタジアム,,https://handenomori.com/jpb/20260802/,2026,1,1.0,8,1.0,-28.62484583923083,0.006643356643356635,0.18473193473193472,0,-0.19999999999999996,-0.19999999999999996,-2.0,-1.9,-1.4000000000000004,-0.5,0.0,-0.015109890109890112,-0.6991758241758241,0.6051389163546964,1,0.6051389163546964,False,True,V4-B_future_leaky
2026-08-02,日本ハム,ロッテ,3,0,エスコンF,,https://handenomori.com/jpb/20260802/,2026,3,1.0,8,1.0,85.59279263997337,0.1641325536062378,1.646839320523531,0,0.4,0.3,4.4,2.3,1.2000000000000002,1.0999999999999996,0.09999999999999998,0.07410714285714282,0.9398809523809524,0.5638142195800232,1,0.5638142195800232,False,True,V4-B_future_leaky
2026-08-02,楽天,ソフトバンク,6,10,楽天モバイル,,https://handenomori.com/jpb/20260802/,2026,-4,0.0,8,1.0,-195.55775259644474,-0.16193893825472777,-1.7716450216450217,0,-0.6000000000000001,-0.4,-5.6,-5.0,-2.6999999999999997,-2.3,-0.09999999999999998,-0.23969587835134054,-2.3771508603441376,0.42383427270364654,0,0.5761657272963534,False,True,V4-B_future_leaky
2026-08-02,西武,オリックス,5,1,メットライフドーム,,https://handenomori.com/jpb/20260802/,2026,4,1.0,8,1.0,41.61781466427965,-0.07518796992481208,-0.3007518796992481,0,-0.19999999999999996,0.0,-0.6,1.3,0.8999999999999999,0.40000000000000036,0.0,0.06494949494949487,0.6841414141414142,0.6362395935245794,1,0.6362395935245794,False,True,V4-B_future_leaky
2026-08-03,オリックス,楽天,9,6,東京ドーム,,https://handenomori.com/jpb/20260803/,2026,3,1.0,8,1.0,51.94178721885987,0.07171337434495334,0.5385623148781044,0,0.2,0.2,1.6,-0.10000000000000009,-1.0,0.9000000000000004,-0.2,0.11729540300968877,0.453205524634096,0.5763991495974994,1,0.5763991495974994,False,True,V4-B_future_leaky
2026-08-04,DeNA,阪神,1,0,横浜スタジアム,,https://handenomori.com/jpb/20260804/,2026,1,1.0,8,1.0,-74.6108553683523,-0.1064222440944882,-0.813115157480315,-1,0.0,-0.09999999999999998,-0.6,0.9,0.7999999999999998,0.10000000000000009,0.0,-0.11081632653061219,-0.6404081632653061,0.4190941986953568,0,0.5809058013046432,False,False,V4-B_future_leaky
2026-08-04,ソフトバンク,日本ハム,1,0,京セラドーム大阪,,https://handenomori.com/jpb/20260804/,2026,1,1.0,8,1.0,75.23222890979446,0.03887496519075473,0.15767195767195763,0,0.0,0.10000000000000009,0.5999999999999996,1.0999999999999996,2.0,-0.8999999999999999,0.30000000000000004,0.08459383753501404,1.0907563025210083,0.5702702146698683,1,0.5702702146698683,False,True,V4-B_future_leaky
2026-08-04,ロッテ,西武,5,3,ZOZOマリンスタジアム,,https://handenomori.com/jpb/20260804/,2026,2,1.0,8,1.0,-76.44685811491127,-0.03759398496240601,-0.2706766917293233,0,-0.19999999999999996,-0.3,-2.4,-0.2,-0.9999999999999996,0.8000000000000003,-0.2,-0.10124999999999995,-0.7908333333333334,0.5490721478457529,1,0.5490721478457529,False,True,V4-B_future_leaky
2026-08-04,中日,ヤクルト,4,3,ナゴヤドーム,,https://handenomori.com/jpb/20260804/,2026,1,1.0,8,1.0,52.22815448117126,0.02096546863988724,0.39904862579281186,-1,0.0,0.2,1.0,2.5,0.8999999999999999,1.6,0.09999999999999998,-0.03195415695415693,0.6652097902097902,0.5230091421287447,0,0.5230091421287447,False,False,V4-B_future_leaky
2026-08-04,広島,巨人,4,3,マツダスタジアム,,https://handenomori.com/jpb/20260804/,2026,1,1.0,8,1.0,-73.06031832329268,-0.05777906304222091,-0.3001735106998265,0,0.19999999999999996,-0.19999999999999996,-2.0,-2.7,-1.4000000000000004,-1.2999999999999998,-0.2,-0.12241758241758244,-0.7903296703296703,0.4980143659695442,0,0.5019856340304558,False,False,V4-B_future_leaky
2026-08-05,DeNA,阪神,11,7,横浜スタジアム,,https://handenomori.com/jpb/20260805/,2026,4,1.0,8,1.0,-52.34049949786481,-0.1064222440944882,-0.813115157480315,0,0.0,-0.09999999999999998,-1.5999999999999999,0.6000000000000001,0.5,0.10000000000000009,0.0,-0.11081632653061219,-0.6404081632653061,0.39663466138243575,0,0.6033653386175643,False,False,V4-B_future_leaky
2026-08-05,オリックス,楽天,3,1,京セラドーム大阪,,https://handenomori.com/jpb/20260805/,2026,2,1.0,8,1.0,67.03892887669622,0.07171337434495334,0.5385623148781044,0,0.4,0.3,2.5999999999999996,0.6000000000000001,0.20000000000000018,0.40000000000000036,-0.2,0.11729540300968877,0.453205524634096,0.5890936456914466,1,0.5890936456914466,False,True,V4-B_future_leaky
2026-08-05,ソフトバンク,日本ハム,7,5,PayPayドーム,,https://handenomori.com/jpb/20260805/,2026,2,1.0,8,1.0,89.09143183066476,0.03887496519075473,0.15767195767195763,0,0.20000000000000007,0.20000000000000007,0.40000000000000013,1.7000000000000002,2.5,-0.7999999999999998,0.30000000000000004,0.08459383753501404,1.0907563025210083,0.5510704010679622,1,0.5510704010679622,False,True,V4-B_future_leaky
2026-08-05,ロッテ,西武,8,0,ZOZOマリンスタジアム,,https://handenomori.com/jpb/20260805/,2026,8,1.0,8,1.0,-54.07223888302633,-0.03759398496240601,-0.2706766917293233,0,0.19999999999999996,-0.09999999999999998,-0.8,0.8,-0.19999999999999973,0.9999999999999996,-0.09999999999999998,-0.10124999999999995,-0.7908333333333334,0.5364853507058928,0,0.5364853507058928,False,False,V4-B_future_leaky
2026-08-05,中日,ヤクルト,4,1,ナゴヤドーム,,https://handenomori.com/jpb/20260805/,2026,3,1.0,8,1.0,67.30980529212138,0.02096546863988724,0.39904862579281186,0,0.39999999999999997,0.3,2.8,2.4,0.8999999999999999,1.5,0.09999999999999998,-0.03195415695415693,0.6652097902097902,0.503493005084955,0,0.503493005084955,False,False,V4-B_future_leaky
2026-08-05,広島,巨人,0,4,マツダスタジアム,,https://handenomori.com/jpb/20260805/,2026,-4,0.0,8,1.0,-50.87811243242618,-0.05777906304222091,-0.3001735106998265,0,0.6000000000000001,0.0,-0.6000000000000001,-1.8,-0.8999999999999995,-0.8999999999999999,-0.09999999999999998,-0.12241758241758244,-0.7903296703296703,0.5112238941276739,0,0.5112238941276739,False,True,V4-B_future_leaky
2026-08-06,DeNA,阪神,5,10,横浜スタジアム,,https://handenomori.com/jpb/20260806/,2026,-5,0.0,8,1.0,-31.343128121529617,-0.1064222440944882,-0.813115157480315,0,0.20000000000000007,0.0,0.0,0.9,0.6000000000000001,0.2999999999999998,0.0,-0.11081632653061219,-0.6404081632653061,0.372893688711418,0,0.627106311288582,False,True,V4-B_future_leaky
2026-08-06,オリックス,楽天,1,3,京セラドーム大阪,,https://handenomori.com/jpb/20260806/,2026,-2,0.0,8,1.0,81.32834782690884,0.07171337434495334,0.5385623148781044,0,0.6,0.4,3.4,1.0,0.5,0.5,-0.09999999999999998,0.11729540300968877,0.453205524634096,0.5804286475848571,1,0.5804286475848571,False,False,V4-B_future_leaky
2026-08-06,ソフトバンク,日本ハム,2,6,PayPayドーム,,https://handenomori.com/jpb/20260806/,2026,-4,0.0,8,1.0,102.23716312051215,0.03887496519075473,0.15767195767195763,0,0.6,0.30000000000000004,2.4,2.4000000000000004,2.7,-0.30000000000000027,0.30000000000000004,0.08459383753501404,1.0907563025210083,0.5246377609499315,0,0.5246377609499315,False,True,V4-B_future_leaky
2026-08-06,中日,ヤクルト,5,0,ナゴヤドーム,,https://handenomori.com/jpb/20260806/,2026,5,1.0,8,1.0,81.58490577263592,0.02096546863988724,0.39904862579281186,0,0.6,0.3,3.4,2.4000000000000004,0.8999999999999999,1.5,0.09999999999999998,-0.03195415695415693,0.6652097902097902,0.4857778462589392,0,0.5142221537410607,False,False,V4-B_future_leaky
2026-08-07,DeNA,広島,2,1,横浜スタジアム,,https://handenomori.com/jpb/20260807/,2026,1,1.0,8,1.0,27.518503032725903,0.07716346153846154,0.5733173076923077,-1,0.20000000000000007,0.0,1.6,0.4,0.7999999999999998,-0.40000000000000036,0.0,0.04160125588697017,0.6499215070643641,0.5253794806685892,0,0.5253794806685892,False,False,V4-B_future_leaky
2026-08-07,ロッテ,オリックス,2,6,ZOZOマリンスタジアム,,https://handenomori.com/jpb/20260807/,2026,-4,0.0,8,1.0,1.1014833528522558,-0.1127819548872181,-0.5714285714285714,1,0.19999999999999996,0.0,1.6,1.1,0.5,0.6000000000000001,-0.2,-0.03630050505050508,-0.10669191919191923,0.5041621317949121,0,0.5041621317949121,False,True,V4-B_future_leaky
2026-08-07,巨人,ヤクルト,0,1,東京ドーム,,https://handenomori.com/jpb/20260807/,2026,-1,0.0,8,1.0,136.19220347799046,0.08538788832546479,0.883954071224573,1,0.4,0.2,4.199999999999999,2.9000000000000004,1.0,1.9,0.0,0.0753535353535354,0.7563636363636363,0.5737615457689444,1,0.5737615457689444,False,False,V4-B_future_leaky
2026-08-07,日本ハム,楽天,3,2,エスコンF,,https://handenomori.com/jpb/20260807/,2026,1,1.0,8,1.0,133.4082678900761,0.12306397306397304,1.6139730639730638,0,0.2,0.39999999999999997,2.8,4.5,1.6,2.8999999999999995,0.09999999999999998,0.1551020408163265,1.2863945578231293,0.5971057487782819,1,0.5971057487782819,False,True,V4-B_future_leaky
2026-08-07,西武,ソフトバンク,2,5,メットライフドーム,,https://handenomori.com/jpb/20260807/,2026,-3,0.0,8,1.0,-119.18378728760626,-0.1654135338345865,-1.5338345864661653,1,-0.4,-0.4,-2.4000000000000004,-5.1,-3.6000000000000005,-1.5,-0.09999999999999998,-0.0574509803921569,-1.2398039215686274,0.5808318770563875,1,0.5808318770563875,False,False,V4-B_future_leaky
2026-08-07,阪神,中日,2,3,京セラドーム大阪,,https://handenomori.com/jpb/20260807/,2026,-1,0.0,8,1.0,50.184823111674405,0.19022906227630637,1.5711643999045575,0,-0.20000000000000007,0.0,-1.7999999999999998,-0.7,0.19999999999999973,-0.9000000000000004,0.09999999999999998,0.13730769230769224,0.5911538461538461,0.6296799691079448,1,0.6296799691079448,False,False,V4-B_future_leaky
2026-08-08,ロッテ,オリックス,4,1,ZOZOマリンスタジアム,,https://handenomori.com/jpb/20260808/,2026,3,1.0,8,1.0,-20.969237942598056,-0.1127819548872181,-0.5714285714285714,0,0.0,-0.19999999999999996,0.4,-0.6,-0.3999999999999999,-0.20000000000000018,-0.2,-0.03630050505050508,-0.10669191919191923,0.5138997616542583,0,0.5138997616542583,False,False,V4-B_future_leaky
2026-08-08,巨人,ヤクルト,8,2,東京ドーム,,https://handenomori.com/jpb/20260808/,2026,6,1.0,8,1.0,107.06458107987919,0.08538788832546479,0.883954071224573,0,0.0,0.0,2.4,1.4,0.20000000000000018,1.2000000000000002,0.0,0.0753535353535354,0.7563636363636363,0.59545087764692,1,0.59545087764692,False,True,V4-B_future_leaky
2026-08-08,日本ハム,楽天,0,6,エスコンF,,https://handenomori.com/jpb/20260808/,2026,-6,0.0,8,1.0,144.40798589023075,0.12306397306397304,1.6139730639730638,0,0.39999999999999997,0.49999999999999994,2.6,4.7,1.8000000000000003,2.9000000000000004,0.19999999999999996,0.1551020408163265,1.2863945578231293,0.5862470841193573,1,0.5862470841193573,False,False,V4-B_future_leaky
2026-08-08,西武,ソフトバンク,2,1,メットライフドーム,,https://handenomori.com/jpb/20260808/,2026,1,1.0,8,1.0,-134.43043910292,-0.1654135338345865,-1.5338345864661653,0,-0.4,-0.5,-2.4,-3.8,-2.1,-1.7000000000000002,-0.09999999999999998,-0.0574509803921569,-1.2398039215686274,0.5888932286428509,1,0.5888932286428509,False,True,V4-B_future_leaky
2026-08-08,阪神,中日,1,7,京セラドーム大阪,,https://handenomori.com/jpb/20260808/,2026,-6,0.0,8,1.0,25.37714298003334,0.19022906227630637,1.5711643999045575,0,-0.4,-0.19999999999999996,-1.2000000000000002,-1.3,0.3999999999999999,-1.6999999999999997,0.09999999999999998,0.13730769230769224,0.5911538461538461,0.6490236744709161,1,0.6490236744709161,True,False,V4-B_future_leaky
2026-08-09,DeNA,広島,3,0,横浜スタジアム,,https://handenomori.com/jpb/20260809/,2026,3,1.0,8,1.0,43.95799502124578,0.07716346153846154,0.5733173076923077,0,0.4,0.09999999999999998,2.2,0.10000000000000003,1.0,-0.8999999999999999,0.0,0.04160125588697017,0.6499215070643641,0.5163493069331285,0,0.5163493069331285,False,False,V4-B_future_leaky
2026-08-09,ロッテ,オリックス,7,2,ZOZOマリンスタジアム,,https://handenomori.com/jpb/20260809/,2026,5,1.0,8,1.0,-1.776474751932028,-0.1127819548872181,-0.5714285714285714,0,0.0,0.0,0.3999999999999999,0.2,-0.10000000000000009,0.2999999999999998,-0.09999999999999998,-0.03630050505050508,-0.10669191919191923,0.5142294295668018,0,0.5142294295668018,False,False,V4-B_future_leaky
2026-08-09,巨人,ヤクルト,7,3,東京ドーム,,https://handenomori.com/jpb/20260809/,2026,4,1.0,8,1.0,119.3139049257993,0.08538788832546479,0.883954071224573,0,0.2,0.2,4.199999999999999,3.4,1.5,1.9,0.0,0.0753535353535354,0.7563636363636363,0.5937322801255719,1,0.5937322801255719,False,True,V4-B_future_leaky
2026-08-09,日本ハム,楽天,1,0,エスコンF,,https://handenomori.com/jpb/20260809/,2026,1,1.0,8,1.0,114.90999645814304,0.12306397306397304,1.6139730639730638,0,0.0,0.3,-1.2000000000000002,1.8,0.30000000000000027,1.5000000000000004,0.19999999999999996,0.1551020408163265,1.2863945578231293,0.6006658216792796,1,0.6006658216792796,False,True,V4-B_future_leaky
2026-08-09,西武,ソフトバンク,0,5,メットライフドーム,,https://handenomori.com/jpb/20260809/,2026,-5,0.0,8,1.0,-108.85806667198312,-0.1654135338345865,-1.5338345864661653,0,-0.19999999999999996,-0.29999999999999993,-1.8,-2.6,-1.6,-1.0,-0.09999999999999998,-0.0574509803921569,-1.2398039215686274,0.5867420283949117,1,0.5867420283949117,False,False,V4-B_future_leaky
2026-08-09,阪神,中日,1,0,京セラドーム大阪,,https://handenomori.com/jpb/20260809/,2026,1,1.0,8,1.0,1.936124462847829,0.19022906227630637,1.5711643999045575,0,-0.8,-0.29999999999999993,-4.6,-2.5,-0.3999999999999999,-2.1,0.09999999999999998,0.13730769230769224,0.5911538461538461,0.6638575000412441,1,0.6638575000412441,True,True,V4-B_future_leaky
2026-08-11,ソフトバンク,ロッテ,16,2,PayPayドーム,,https://handenomori.com/jpb/20260811/,2026,14,1.0,8,1.0,147.29435350801873,0.20300751879699253,1.8045112781954886,0,-0.20000000000000007,0.09999999999999998,-1.7999999999999998,0.9000000000000001,0.7000000000000002,0.20000000000000018,0.19999999999999996,0.15870098039215685,2.030637254901961,0.6093725157995299,1,0.6093725157995299,False,True,V4-B_future_leaky
2026-08-11,中日,DeNA,5,2,ナゴヤドーム,,https://handenomori.com/jpb/20260811/,2026,3,1.0,8,1.0,0.5667885083082638,-0.08380681818181818,-0.7580492424242424,0,0.0,0.0,1.9999999999999998,2.1,0.10000000000000009,2.0,0.0,-0.026491365777080056,0.04925431711145997,0.519210164156905,0,0.519210164156905,False,False,V4-B_future_leaky
2026-08-11,巨人,阪神,1,9,東京ドーム,,https://handenomori.com/jpb/20260811/,2026,-8,0.0,8,1.0,3.466127065542878,-0.12580664259072882,-1.0862589544727963,0,0.19999999999999996,0.0,3.4,2.3,0.6999999999999997,1.5999999999999996,-0.2,-0.029999999999999916,-0.5,0.5146887779285362,0,0.5146887779285362,False,True,V4-B_future_leaky
2026-08-11,日本ハム,西武,0,1,エスコンF,,https://handenomori.com/jpb/20260811/,2026,-1,0.0,8,1.0,43.88799629354912,0.12653856864383178,1.3761626287942077,0,0.39999999999999997,0.19999999999999996,3.0,1.9,0.5,1.4,0.0,-0.027142857142857135,0.14904761904761904,0.5184734688281321,0,0.5184734688281321,False,True,V4-B_future_leaky
2026-08-11,楽天,ロッテ,1,9,楽天モバイル,,https://handenomori.com/jpb/20260811/,2026,-8,0.0,8,1.0,-55.07901319474354,0.041068580542264754,0.03286625655046704,2,-0.19999999999999996,-0.39999999999999997,1.2000000000000002,-0.8,-0.8000000000000003,0.0,-0.3,-0.08099489795918369,-0.3465136054421768,0.48165677342046215,0,0.5183432265795378,False,True,V4-B_future_leaky
2026-08-12,ソフトバンク,ロッテ,10,4,PayPayドーム,,https://handenomori.com/jpb/20260812/,2026,6,1.0,8,1.0,148.24547026582718,0.20300751879699253,1.8045112781954886,0,0.0,0.20000000000000007,3.8,3.0,1.2000000000000002,1.7999999999999998,0.30000000000000004,0.15870098039215685,2.030637254901961,0.6077642536410925,1,0.6077642536410925,False,True,V4-B_future_leaky
2026-08-12,ヤクルト,広島,12,0,神宮野球場,,https://handenomori.com/jpb/20260812/,2026,12,1.0,8,1.0,-47.63204518226871,-0.027608825283243876,-0.5837805605247466,0,-0.2,-0.2,-2.2,-1.0999999999999999,0.0,-1.1000000000000005,-0.09999999999999998,0.04706404706404704,0.033966033966033926,0.6636502455998463,1,0.6636502455998463,True,True,V4-B_future_leaky
2026-08-12,中日,DeNA,3,6,ナゴヤドーム,,https://handenomori.com/jpb/20260812/,2026,-3,0.0,8,1.0,18.52652160323828,-0.08380681818181818,-0.7580492424242424,0,0.20000000000000007,0.09999999999999998,2.8,2.8,0.3999999999999999,2.4000000000000004,0.09999999999999998,-0.026491365777080056,0.04925431711145997,0.5215973947378199,0,0.5215973947378199,False,True,V4-B_future_leaky
2026-08-12,巨人,阪神,1,5,東京ドーム,,https://handenomori.com/jpb/20260812/,2026,-4,0.0,8,1.0,-18.73915799774022,-0.12580664259072882,-1.0862589544727963,0,0.0,-0.19999999999999996,-0.3999999999999999,-0.10000000000000009,-0.5,0.3999999999999999,-0.2,-0.029999999999999916,-0.5,0.5083345578884585,0,0.5083345578884585,False,True,V4-B_future_leaky
2026-08-12,日本ハム,西武,2,5,エスコンF,,https://handenomori.com/jpb/20260812/,2026,-3,0.0,8,1.0,19.423301972262152,0.12653856864383178,1.3761626287942077,0,0.19999999999999996,0.09999999999999998,2.5999999999999996,1.5,0.6000000000000001,0.8999999999999999,-0.09999999999999998,-0.027142857142857135,0.14904761904761904,0.5530832393875261,1,0.5530832393875261,False,False,V4-B_future_leaky
2026-08-12,楽天,オリックス,7,2,楽天モバイル,,https://handenomori.com/jpb/20260812/,2026,5,1.0,8,1.0,-53.371821162787455,-0.07171337434495334,-0.5385623148781044,-2,0.0,-0.2,0.4,-1.2,-0.3999999999999999,-0.8000000000000003,0.09999999999999998,-0.11729540300968877,-0.453205524634096,0.42784387830019716,0,0.5721561216998028,False,False,V4-B_future_leaky
2026-08-13,ソフトバンク,ロッテ,3,4,PayPayドーム,,https://handenomori.com/jpb/20260813/,2026,-1,0.0,8,1.0,158.57729729323478,0.20300751879699253,1.8045112781954886,0,0.20000000000000007,0.20000000000000007,6.2,3.4,1.6000000000000005,1.7999999999999998,0.30000000000000004,0.15870098039215685,2.030637254901961,0.5852067193060692,1,0.5852067193060692,False,False,V4-B_future_leaky
2026-08-13,中日,DeNA,1,5,ナゴヤドーム,,https://handenomori.com/jpb/20260813/,2026,-4,0.0,8,1.0,-4.530564194352564,-0.08380681818181818,-0.7580492424242424,0,0.0,0.0,1.4,2.0,0.09999999999999964,1.9,0.0,-0.026491365777080056,0.04925431711145997,0.527229149655325,0,0.527229149655325,False,True,V4-B_future_leaky
2026-08-13,巨人,阪神,2,3,東京ドーム,,https://handenomori.com/jpb/20260813/,2026,-1,0.0,8,1.0,-39.674524443014434,-0.12580664259072882,-1.0862589544727963,0,-0.19999999999999996,-0.19999999999999996,-1.7999999999999998,-0.7000000000000001,-0.7999999999999998,0.10000000000000009,-0.2,-0.029999999999999916,-0.5,0.5426498641593395,1,0.5426498641593395,False,False,V4-B_future_leaky
2026-08-13,日本ハム,西武,8,2,エスコンF,,https://handenomori.com/jpb/20260813/,2026,6,1.0,8,1.0,-3.6841805195583675,0.12653856864383178,1.3761626287942077,0,-0.19999999999999996,-0.09999999999999998,-1.0,0.09999999999999998,-0.30000000000000027,0.3999999999999999,-0.09999999999999998,-0.027142857142857135,0.14904761904761904,0.5851810479229212,1,0.5851810479229212,False,True,V4-B_future_leaky
2026-08-14,オリックス,日本ハム,6,2,京セラドーム大阪,,https://handenomori.com/jpb/20260814/,2026,4,1.0,8,1.0,-78.67311551507373,-0.0513505987190197,-1.0754107490949596,1,-0.2,-0.09999999999999998,-1.6,-1.4,0.30000000000000027,-1.6999999999999997,-0.3,-0.03780663780663773,-0.8331890331890333,0.5570284060928894,1,0.5570284060928894,False,True,V4-B_future_leaky
2026-08-14,ソフトバンク,楽天,2,5,PayPayドーム,,https://handenomori.com/jpb/20260814/,2026,-3,0.0,8,1.0,201.74887576801666,0.16193893825472777,1.7716450216450217,-1,0.19999999999999996,0.39999999999999997,4.3999999999999995,4.0,2.8,1.1999999999999997,0.09999999999999998,0.23969587835134054,2.3771508603441376,0.6239349630972935,1,0.6239349630972935,False,False,V4-B_future_leaky
2026-08-14,ヤクルト,DeNA,7,2,神宮野球場,,https://handenomori.com/jpb/20260814/,2026,5,1.0,8,1.0,-110.18151387204443,-0.10477228682170542,-1.1570978682170543,1,-0.4,-0.6000000000000001,-2.0,-2.2,-1.4,-0.7999999999999998,-0.2,0.0054627911770768756,-0.6159554730983302,0.6010288818101053,1,0.6010288818101053,False,True,V4-B_future_leaky
2026-08-14,中日,巨人,0,1,ナゴヤドーム,,https://handenomori.com/jpb/20260814/,2026,-1,0.0,8,1.0,-5.271636964739628,-0.06442241968557755,-0.48490544543176123,0,0.0,0.3,0.8,1.3,0.10000000000000009,1.2000000000000002,0.0,-0.10730769230769233,-0.09115384615384614,0.5013660953624158,0,0.5013660953624158,False,True,V4-B_future_leaky
2026-08-14,広島,阪神,6,1,マツダスタジアム,,https://handenomori.com/jpb/20260814/,2026,5,1.0,8,1.0,-121.67335465257565,-0.18358570563294974,-1.3864324651726228,1,-0.6000000000000001,-0.19999999999999996,-5.4,-3.3000000000000003,-2.7,-0.6000000000000001,0.0,-0.15241758241758235,-1.2903296703296703,0.5266514323744884,0,0.5266514323744884,False,False,V4-B_future_leaky
2026-08-14,西武,ロッテ,7,0,メットライフドーム,,https://handenomori.com/jpb/20260814/,2026,7,1.0,8,1.0,23.181425477063385,0.03759398496240601,0.2706766917293233,0,0.0,-0.09999999999999998,0.0,-1.2,-2.1,0.8999999999999999,0.0,0.10124999999999995,0.7908333333333334,0.6372466306760051,1,0.6372466306760051,False,True,V4-B_future_leaky
