date,home,away,home_score,away_score,venue,game_type,source_url,season,margin,target,month,home_adv,elo_diff,prev_win_diff,prev_rd_diff,rest_diff,win5_diff,win10_diff,rd5_diff,rd10_diff,off10_diff,def10_diff,h2h_diff,final_win_diff,final_rd_diff,prob_home,prediction,confidence,selected,hit,variant
2026-03-28,DeNA,ヤクルト,2,5,横浜スタジアム,,https://handenomori.com/jpb/20260328/,2026,-3,0.0,3,1.0,56.95624172442058,0.10477228682170542,1.1570978682170543,0,0.0,0.0,0.0,0.0,0.0,0.0,0.09999999999999998,-0.0054627911770768756,0.6159554730983302,0.5442470655783912,0,0.5442470655783912,False,True,V4-C_rolling
2026-03-28,オリックス,楽天,6,0,京セラドーム大阪,,https://handenomori.com/jpb/20260328/,2026,6,1.0,3,1.0,63.624530179167095,0.07171337434495334,0.5385623148781044,0,0.0,0.0,0.0,0.0,0.0,0.0,0.09999999999999998,0.11729540300968877,0.453205524634096,0.5121810837508914,0,0.5121810837508914,False,False,V4-C_rolling
2026-03-28,ソフトバンク,日本ハム,6,4,PayPayドーム,,https://handenomori.com/jpb/20260328/,2026,2,1.0,3,1.0,64.62354020829821,0.03887496519075473,0.15767195767195763,0,0.0,0.0,0.0,0.0,0.0,0.0,0.0,0.08459383753501404,1.0907563025210083,0.5395656421004866,0,0.5395656421004866,False,False,V4-C_rolling
2026-03-28,ロッテ,西武,11,0,ZOZOマリンスタジアム,,https://handenomori.com/jpb/20260328/,2026,11,1.0,3,1.0,23.869672887703018,-0.03759398496240601,-0.2706766917293233,0,0.0,0.0,0.0,0.0,0.0,0.0,0.0,-0.10124999999999995,-0.7908333333333334,0.5673682756959237,1,0.5673682756959237,False,True,V4-C_rolling
2026-03-28,巨人,阪神,0,2,東京ドーム,,https://handenomori.com/jpb/20260328/,2026,-2,0.0,3,1.0,-66.5104668941367,-0.12580664259072882,-1.0862589544727963,0,0.0,0.0,0.0,0.0,0.0,0.0,-0.2,-0.029999999999999916,-0.5,0.5391901855425797,0,0.5391901855425797,False,True,V4-C_rolling
2026-03-28,広島,中日,2,1,マツダスタジアム,,https://handenomori.com/jpb/20260328/,2026,1,1.0,3,1.0,-38.59612568273292,0.006643356643356635,0.18473193473193472,0,0.0,0.0,0.0,0.0,0.0,0.0,0.09999999999999998,-0.015109890109890112,-0.6991758241758241,0.5613432282089692,1,0.5613432282089692,False,True,V4-C_rolling
2026-03-29,DeNA,ヤクルト,3,5,横浜スタジアム,,https://handenomori.com/jpb/20260329/,2026,-2,0.0,3,1.0,31.783050159594495,0.10477228682170542,1.1570978682170543,0,-1.0,-1.0,-6.0,-6.0,-3.0,-3.0,0.0,-0.0054627911770768756,0.6159554730983302,0.5347132030578732,0,0.5347132030578732,False,True,V4-C_rolling
2026-03-29,オリックス,楽天,5,4,京セラドーム大阪,,https://handenomori.com/jpb/20260329/,2026,1,1.0,3,1.0,78.094975868966,0.07171337434495334,0.5385623148781044,0,1.0,1.0,12.0,12.0,6.0,6.0,0.19999999999999996,0.11729540300968877,0.453205524634096,0.5218149032335992,0,0.5218149032335992,False,False,V4-C_rolling
2026-03-29,ソフトバンク,日本ハム,8,4,PayPayドーム,,https://handenomori.com/jpb/20260329/,2026,4,1.0,3,1.0,79.04091647322844,0.03887496519075473,0.15767195767195763,0,1.0,1.0,4.0,4.0,2.0,2.0,0.0,0.08459383753501404,1.0907563025210083,0.5349956691627152,0,0.5349956691627152,False,False,V4-C_rolling
2026-03-29,ロッテ,西武,0,4,ZOZOマリンスタジアム,,https://handenomori.com/jpb/20260329/,2026,-4,0.0,3,1.0,40.51292497417444,-0.03759398496240601,-0.2706766917293233,0,1.0,1.0,22.0,22.0,11.0,11.0,0.0,-0.10124999999999995,-0.7908333333333334,0.5973025838492796,1,0.5973025838492796,False,False,V4-C_rolling
2026-03-29,巨人,阪神,6,12,東京ドーム,,https://handenomori.com/jpb/20260329/,2026,-6,0.0,3,1.0,-84.7015356668312,-0.12580664259072882,-1.0862589544727963,0,-1.0,-1.0,-4.0,-4.0,-2.0,-2.0,-0.2,-0.029999999999999916,-0.5,0.5484389521019674,0,0.5484389521019674,False,True,V4-C_rolling
2026-03-29,広島,中日,1,0,マツダスタジアム,,https://handenomori.com/jpb/20260329/,2026,1,1.0,3,1.0,-18.38912344016103,0.006643356643356635,0.18473193473193472,0,1.0,1.0,2.0,2.0,1.0,1.0,0.19999999999999996,-0.015109890109890112,-0.6991758241758241,0.5631494596405804,1,0.5631494596405804,False,True,V4-C_rolling
2026-03-31,ヤクルト,広島,8,3,神宮野球場,,https://handenomori.com/jpb/20260331/,2026,5,1.0,3,1.0,82.80613792281065,-0.027608825283243876,-0.5837805605247466,0,0.0,0.0,1.5,1.5,3.5,-2.0,0.30000000000000004,0.04706404706404704,0.033966033966033926,0.5300365282671552,0,0.5300365282671552,False,False,V4-C_rolling
2026-03-31,中日,巨人,2,5,ナゴヤドーム,,https://handenomori.com/jpb/20260331/,2026,-3,0.0,3,1.0,-61.08898443098269,-0.06442241968557755,-0.48490544543176123,0,0.0,0.0,3.0,3.0,-2.5,5.5,0.0,-0.10730769230769233,-0.09115384615384614,0.5425189366674611,0,0.5425189366674611,False,True,V4-C_rolling
2026-03-31,日本ハム,ロッテ,9,0,エスコンF,,https://handenomori.com/jpb/20260331/,2026,9,1.0,3,1.0,60.13211410491431,0.1641325536062378,1.646839320523531,0,-0.5,-0.5,-6.5,-6.5,-1.5,-5.0,0.09999999999999998,0.07410714285714282,0.9398809523809524,0.5335184685539759,0,0.5335184685539759,False,False,V4-C_rolling
2026-03-31,楽天,ソフトバンク,2,4,楽天モバイル,,https://handenomori.com/jpb/20260331/,2026,-2,0.0,3,1.0,-167.37462330397352,-0.16193893825472777,-1.7716450216450217,0,-1.0,-1.0,-6.5,-6.5,-5.0,-1.5,-0.3,-0.23969587835134054,-2.3771508603441376,0.5152360618005254,0,0.5152360618005254,False,True,V4-C_rolling
2026-03-31,西武,オリックス,5,3,メットライフドーム,,https://handenomori.com/jpb/20260331/,2026,2,1.0,3,1.0,-93.4982378533698,-0.07518796992481208,-0.3007518796992481,0,-0.5,-0.5,-7.0,-7.0,-3.5,-3.5,-0.09999999999999998,0.06494949494949487,0.6841414141414142,0.5243726011314115,0,0.5243726011314115,False,False,V4-C_rolling
2026-03-31,阪神,DeNA,4,1,京セラドーム大阪,,https://handenomori.com/jpb/20260331/,2026,3,1.0,3,1.0,71.50191853417778,0.1064222440944882,0.813115157480315,0,1.0,1.0,6.5,6.5,4.5,2.0,0.09999999999999998,0.11081632653061219,0.6404081632653061,0.5077249440022386,0,0.5077249440022386,False,False,V4-C_rolling
2026-04-01,中日,巨人,5,6,ナゴヤドーム,,https://handenomori.com/jpb/20260401/,2026,-1,0.0,4,1.0,-79.58999806537167,-0.06442241968557755,-0.48490544543176123,0,-0.3333333333333333,-0.3333333333333333,0.0,0.0,-2.6666666666666665,2.6666666666666665,-0.09999999999999998,-0.10730769230769233,-0.09115384615384614,0.5400922474904953,0,0.5400922474904953,False,True,V4-C_rolling
2026-04-01,日本ハム,ロッテ,2,4,エスコンF,,https://handenomori.com/jpb/20260401/,2026,-2,0.0,4,1.0,74.78874313028291,0.1641325536062378,1.646839320523531,0,0.0,0.0,1.6666666666666665,1.6666666666666665,2.0000000000000004,-0.3333333333333339,0.09999999999999998,0.07410714285714282,0.9398809523809524,0.5450790070177104,0,0.5450790070177104,False,True,V4-C_rolling
2026-04-01,楽天,ソフトバンク,1,6,楽天モバイル,,https://handenomori.com/jpb/20260401/,2026,-5,0.0,4,1.0,-180.10302820342645,-0.16193893825472777,-1.7716450216450217,0,-1.0,-1.0,-5.666666666666666,-5.666666666666666,-4.0,-1.6666666666666665,-0.3,-0.23969587835134054,-2.3771508603441376,0.5154315108412122,0,0.5154315108412122,False,True,V4-C_rolling
2026-04-01,西武,オリックス,0,4,メットライフドーム,,https://handenomori.com/jpb/20260401/,2026,-4,0.0,4,1.0,-70.16227287596507,-0.07518796992481208,-0.3007518796992481,0,0.0,0.0,-3.3333333333333335,-3.3333333333333335,-1.666666666666667,-1.666666666666667,-0.09999999999999998,0.06494949494949487,0.6841414141414142,0.5292806719980323,0,0.5292806719980323,False,True,V4-C_rolling
2026-04-01,阪神,DeNA,1,4,京セラドーム大阪,,https://handenomori.com/jpb/20260401/,2026,-3,0.0,4,1.0,85.55624742209307,0.1064222440944882,0.813115157480315,0,1.0,1.0,6.333333333333333,6.333333333333333,4.0,2.3333333333333335,0.09999999999999998,0.11081632653061219,0.6404081632653061,0.5117314329673657,0,0.5117314329673657,False,True,V4-C_rolling
2026-04-02,ヤクルト,広島,2,1,神宮野球場,,https://handenomori.com/jpb/20260402/,2026,1,1.0,4,1.0,96.27314105124196,-0.027608825283243876,-0.5837805605247466,0,0.33333333333333337,0.33333333333333337,4.333333333333334,4.333333333333334,4.0,0.3333333333333335,0.30000000000000004,0.04706404706404704,0.033966033966033926,0.5361909802410831,0,0.5361909802410831,False,False,V4-C_rolling
2026-04-02,中日,巨人,2,1,ナゴヤドーム,,https://handenomori.com/jpb/20260402/,2026,1,1.0,4,1.0,-97.03719203847868,-0.06442241968557755,-0.48490544543176123,0,-0.5,-0.5,-0.5,-0.5,-2.25,1.75,-0.2,-0.10730769230769233,-0.09115384615384614,0.5513716031583379,0,0.5513716031583379,False,False,V4-C_rolling
2026-04-02,日本ハム,ロッテ,7,1,エスコンF,,https://handenomori.com/jpb/20260402/,2026,6,1.0,4,1.0,48.671077481648354,0.1641325536062378,1.646839320523531,0,-0.25,-0.25,0.25,0.25,1.0,-0.75,0.09999999999999998,0.07410714285714282,0.9398809523809524,0.5478928572772691,0,0.5478928572772691,False,False,V4-C_rolling
2026-04-02,楽天,ソフトバンク,5,4,楽天モバイル,,https://handenomori.com/jpb/20260402/,2026,1,1.0,4,1.0,-192.204218764615,-0.16193893825472777,-1.7716450216450217,0,-1.0,-1.0,-6.75,-6.75,-4.25,-2.5,-0.3,-0.23969587835134054,-2.3771508603441376,0.5142637762481325,0,0.5142637762481325,False,False,V4-C_rolling
2026-04-02,西武,オリックス,3,7,メットライフドーム,,https://handenomori.com/jpb/20260402/,2026,-4,0.0,4,1.0,-88.14505216059683,-0.07518796992481208,-0.3007518796992481,0,-0.25,-0.25,-4.5,-4.5,-2.25,-2.25,-0.09999999999999998,0.06494949494949487,0.6841414141414142,0.526561342364652,0,0.526561342364652,False,True,V4-C_rolling
2026-04-02,阪神,DeNA,4,3,京セラドーム大阪,,https://handenomori.com/jpb/20260402/,2026,1,1.0,4,1.0,58.88220075592267,0.1064222440944882,0.813115157480315,0,0.5,0.5,3.25,3.25,2.25,1.0,0.0,0.11081632653061219,0.6404081632653061,0.5052944963862329,0,0.5052944963862329,False,False,V4-C_rolling
2026-04-03,ヤクルト,中日,0,1,神宮野球場,,https://handenomori.com/jpb/20260403/,2026,-1,0.0,4,1.0,102.79405877017189,-0.02096546863988724,-0.39904862579281186,0,0.8,0.8,3.75,3.75,3.0,0.75,0.0,0.03195415695415693,-0.6652097902097902,0.5329475657109909,0,0.5329475657109909,False,True,V4-C_rolling
2026-04-03,ロッテ,ソフトバンク,3,2,ZOZOマリンスタジアム,,https://handenomori.com/jpb/20260403/,2026,1,1.0,4,1.0,-152.91659129041432,-0.20300751879699253,-1.8045112781954886,0,-0.4,-0.4,-3.5999999999999996,-3.5999999999999996,-2.3999999999999995,-1.2000000000000002,0.0,-0.15870098039215685,-2.030637254901961,0.5248270706752832,0,0.5248270706752832,False,False,V4-C_rolling
2026-04-03,巨人,DeNA,1,3,東京ドーム,,https://handenomori.com/jpb/20260403/,2026,-2,0.0,4,1.0,-23.098762095676648,-0.01938439849624063,-0.2731437969924812,0,0.2,0.2,0.19999999999999996,0.19999999999999996,1.0,-0.7999999999999998,0.09999999999999998,0.08081632653061227,0.1404081632653061,0.5335816045477284,0,0.5335816045477284,False,True,V4-C_rolling
2026-04-03,広島,阪神,2,4,マツダスタジアム,,https://handenomori.com/jpb/20260403/,2026,-2,0.0,4,1.0,-176.47056510024527,-0.18358570563294974,-1.3864324651726228,0,-0.30000000000000004,-0.30000000000000004,-2.8,-2.8,-2.8499999999999996,0.04999999999999982,-0.3,-0.15241758241758235,-1.2903296703296703,0.5437276760229415,0,0.5437276760229415,False,True,V4-C_rolling
2026-04-03,日本ハム,オリックス,12,3,エスコンF,,https://handenomori.com/jpb/20260403/,2026,9,1.0,4,1.0,-21.031748153655144,0.0513505987190197,1.0754107490949596,0,-0.4,-0.4,-1.2000000000000002,-1.2000000000000002,0.20000000000000018,-1.4,0.0,0.03780663780663773,0.8331890331890333,0.5742996339938367,1,0.5742996339938367,False,True,V4-C_rolling
2026-04-03,西武,楽天,3,6,メットライフドーム,,https://handenomori.com/jpb/20260403/,2026,-3,0.0,4,1.0,-9.323001003944228,-0.0034745955798587413,0.23781043517885625,0,0.2,0.2,0.0,0.0,0.0,0.0,0.0,0.18224489795918364,1.1373469387755102,0.5045359319982156,0,0.5045359319982156,False,True,V4-C_rolling
2026-04-04,ヤクルト,中日,11,6,神宮野球場,,https://handenomori.com/jpb/20260404/,2026,5,1.0,4,1.0,75.25328340416718,-0.02096546863988724,-0.39904862579281186,0,0.4,0.46666666666666673,2.6,2.6666666666666665,2.166666666666667,0.5,-0.09999999999999998,0.03195415695415693,-0.6652097902097902,0.5317179921165082,0,0.5317179921165082,False,False,V4-C_rolling
2026-04-04,ロッテ,ソフトバンク,2,5,ZOZOマリンスタジアム,,https://handenomori.com/jpb/20260404/,2026,-3,0.0,4,1.0,-126.37791522329803,-0.20300751879699253,-1.8045112781954886,0,-0.19999999999999996,-0.16666666666666663,-5.0,-2.6666666666666665,-1.8333333333333335,-0.8333333333333335,0.0,-0.15870098039215685,-2.030637254901961,0.5114433560083547,0,0.5114433560083547,False,True,V4-C_rolling
2026-04-04,巨人,DeNA,8,4,東京ドーム,,https://handenomori.com/jpb/20260404/,2026,4,1.0,4,1.0,-43.783584590807095,-0.01938439849624063,-0.2731437969924812,0,0.0,0.0,-0.8,-0.5000000000000001,0.5,-0.9999999999999996,0.0,0.08081632653061227,0.1404081632653061,0.5352049629238554,0,0.5352049629238554,False,False,V4-C_rolling
2026-04-04,広島,阪神,5,7,マツダスタジアム,,https://handenomori.com/jpb/20260404/,2026,-2,0.0,4,1.0,-188.74896710761845,-0.18358570563294974,-1.3864324651726228,0,-0.4,-0.43333333333333335,-3.0,-3.033333333333333,-2.7,-0.3333333333333335,-0.3,-0.15241758241758235,-1.2903296703296703,0.5505869572897268,0,0.5505869572897268,False,True,V4-C_rolling
2026-04-04,日本ハム,オリックス,6,3,エスコンF,,https://handenomori.com/jpb/20260404/,2026,3,1.0,4,1.0,-1.835392421973438,0.0513505987190197,1.0754107490949596,0,0.0,-0.16666666666666663,4.0,2.0,1.666666666666666,0.3333333333333335,0.09999999999999998,0.03780663780663773,0.8331890331890333,0.5752202141425709,1,0.5752202141425709,False,True,V4-C_rolling
2026-04-04,西武,楽天,1,2,メットライフドーム,,https://handenomori.com/jpb/20260404/,2026,-1,0.0,4,1.0,-30.798402717594854,-0.0034745955798587413,0.23781043517885625,0,0.0,0.0,-0.19999999999999996,-0.9999999999999998,-0.5,-0.5,0.0,0.18224489795918364,1.1373469387755102,0.509770926712603,0,0.509770926712603,False,True,V4-C_rolling
2026-04-05,ヤクルト,中日,7,5,神宮野球場,,https://handenomori.com/jpb/20260405/,2026,2,1.0,4,1.0,89.11138861023528,-0.02096546863988724,-0.39904862579281186,0,0.4,0.5476190476190477,3.8,3.7857142857142856,2.7380952380952386,1.047619047619048,-0.09999999999999998,0.03195415695415693,-0.6652097902097902,0.5350556871700791,0,0.5350556871700791,False,False,V4-C_rolling
2026-04-05,ロッテ,ソフトバンク,3,4,ZOZOマリンスタジアム,,https://handenomori.com/jpb/20260405/,2026,-1,0.0,4,1.0,-141.23580082272042,-0.20300751879699253,-1.8045112781954886,0,-0.19999999999999996,-0.28571428571428575,-4.6,-3.142857142857143,-2.0,-1.1428571428571432,0.0,-0.15870098039215685,-2.030637254901961,0.5235018394608417,0,0.5235018394608417,False,True,V4-C_rolling
2026-04-05,巨人,DeNA,3,2,東京ドーム,,https://handenomori.com/jpb/20260405/,2026,1,1.0,4,1.0,-23.278068510935555,-0.01938439849624063,-0.2731437969924812,0,0.19999999999999996,0.14285714285714285,1.6,0.7142857142857142,1.0,-0.2857142857142856,0.0,0.08081632653061227,0.1404081632653061,0.5359390891230525,0,0.5359390891230525,False,False,V4-C_rolling
2026-04-05,広島,阪神,2,1,マツダスタジアム,,https://handenomori.com/jpb/20260405/,2026,1,1.0,4,1.0,-200.43426101558157,-0.18358570563294974,-1.3864324651726228,0,-0.6000000000000001,-0.5238095238095237,-2.8,-3.1904761904761907,-2.5238095238095233,-0.6666666666666665,-0.3,-0.15241758241758235,-1.2903296703296703,0.5582563389327938,1,0.5582563389327938,False,True,V4-C_rolling
2026-04-05,日本ハム,オリックス,8,2,エスコンF,,https://handenomori.com/jpb/20260405/,2026,6,1.0,4,1.0,16.261276676785428,0.0513505987190197,1.0754107490949596,0,0.4,0.0,6.2,2.5714285714285716,1.8571428571428568,0.714285714285714,0.09999999999999998,0.03780663780663773,0.8331890331890333,0.5630747922098404,1,0.5630747922098404,False,True,V4-C_rolling
2026-04-07,DeNA,中日,5,3,横浜スタジアム,,https://handenomori.com/jpb/20260407/,2026,2,1.0,4,1.0,86.7602143082895,0.08380681818181818,0.7580492424242424,0,0.0,0.0,1.0,0.25,0.0,0.25,0.19999999999999996,0.026491365777080056,-0.04925431711145997,0.5353335960970309,0,0.5353335960970309,False,False,V4-C_rolling
2026-04-07,オリックス,ロッテ,3,1,京セラドーム大阪,,https://handenomori.com/jpb/20260407/,2026,2,1.0,4,1.0,58.9893795997898,0.1127819548872181,0.5714285714285714,0,0.0,0.125,-0.6000000000000001,0.5,1.125,-0.625,0.0,0.03630050505050508,0.10669191919191923,0.5140186018501706,0,0.5140186018501706,False,False,V4-C_rolling
2026-04-07,ソフトバンク,西武,6,8,PayPayドーム,,https://handenomori.com/jpb/20260407/,2026,-2,0.0,4,1.0,195.10105330679585,0.1654135338345865,1.5338345864661653,-1,0.39999999999999997,0.4642857142857143,3.4,4.303571428571429,2.5892857142857144,1.7142857142857144,0.4,0.0574509803921569,1.2398039215686274,0.5837897964038801,1,0.5837897964038801,False,False,V4-C_rolling
2026-04-07,広島,巨人,5,2,マツダスタジアム,,https://handenomori.com/jpb/20260407/,2026,3,1.0,4,1.0,-86.88941785874727,-0.05777906304222091,-0.3001735106998265,0,-0.39999999999999997,-0.07142857142857145,-2.4,-0.75,-1.4642857142857144,0.7142857142857144,0.0,-0.12241758241758244,-0.7903296703296703,0.5572855973896308,1,0.5572855973896308,False,True,V4-C_rolling
2026-04-07,楽天,日本ハム,3,0,楽天モバイル,,https://handenomori.com/jpb/20260407/,2026,3,1.0,4,1.0,-81.07774801407186,-0.12306397306397304,-1.6139730639730638,1,-0.20000000000000007,-0.19642857142857145,-4.800000000000001,-4.410714285714286,-3.642857142857143,-0.7678571428571432,-0.09999999999999998,-0.1551020408163265,-1.2863945578231293,0.5088959175398491,0,0.5088959175398491,False,False,V4-C_rolling
2026-04-07,阪神,ヤクルト,9,3,甲子園球場,,https://handenomori.com/jpb/20260407/,2026,6,1.0,4,1.0,65.2331406997082,0.2111945309161936,1.9702130256973693,0,-0.20000000000000007,-0.1071428571428571,-2.1999999999999997,-0.9285714285714284,-1.0535714285714288,0.125,0.19999999999999996,0.10535353535353531,1.2563636363636363,0.555250302080207,1,0.555250302080207,False,True,V4-C_rolling
2026-04-08,DeNA,中日,4,6,横浜スタジアム,,https://handenomori.com/jpb/20260408/,2026,-2,0.0,4,1.0,100.02465083468087,0.08380681818181818,0.7580492424242424,0,0.0,0.1111111111111111,0.9999999999999999,0.6666666666666666,0.22222222222222232,0.44444444444444464,0.30000000000000004,0.026491365777080056,-0.04925431711145997,0.5356094636740139,0,0.5356094636740139,False,True,V4-C_rolling
2026-04-08,オリックス,ロッテ,9,1,京セラドーム大阪,,https://handenomori.com/jpb/20260408/,2026,8,1.0,4,1.0,73.70714782524396,0.1127819548872181,0.5714285714285714,0,0.2,0.22222222222222227,-0.19999999999999973,0.8888888888888891,1.2222222222222223,-0.33333333333333304,0.09999999999999998,0.03630050505050508,0.10669191919191923,0.5122752495333996,0,0.5122752495333996,False,False,V4-C_rolling
2026-04-08,ソフトバンク,西武,1,2,PayPayドーム,,https://handenomori.com/jpb/20260408/,2026,-1,0.0,4,1.0,163.50342444047578,0.1654135338345865,1.5338345864661653,0,0.2,0.29166666666666663,2.0,3.3194444444444446,2.0,1.3194444444444446,0.4,0.0574509803921569,1.2398039215686274,0.5847873635331411,1,0.5847873635331411,False,False,V4-C_rolling
2026-04-08,広島,巨人,1,2,マツダスタジアム,,https://handenomori.com/jpb/20260408/,2026,-1,0.0,4,1.0,-63.924435136001875,-0.05777906304222091,-0.3001735106998265,0,0.0,0.05555555555555558,0.0,0.05555555555555558,-0.9305555555555554,0.9861111111111107,0.09999999999999998,-0.12241758241758244,-0.7903296703296703,0.5531326294275576,0,0.5531326294275576,False,True,V4-C_rolling
2026-04-08,楽天,日本ハム,0,1,楽天モバイル,,https://handenomori.com/jpb/20260408/,2026,-1,0.0,4,1.0,-58.44074203111404,-0.12306397306397304,-1.6139730639730638,0,0.0,-0.05555555555555558,-3.6,-3.1944444444444446,-2.9027777777777777,-0.2916666666666665,0.0,-0.1551020408163265,-1.2863945578231293,0.4997507386316739,0,0.500249261368326,False,True,V4-C_rolling
2026-04-08,阪神,ヤクルト,2,3,甲子園球場,,https://handenomori.com/jpb/20260408/,2026,-1,0.0,4,1.0,79.61817553311221,0.2111945309161936,1.9702130256973693,0,0.20000000000000007,0.02777777777777779,1.8,0.625,-0.23611111111111072,0.8611111111111112,0.19999999999999996,0.10535353535353531,1.2563636363636363,0.5599405272683313,1,0.5599405272683313,False,False,V4-C_rolling
2026-04-09,ソフトバンク,西武,2,0,PayPayドーム,,https://handenomori.com/jpb/20260409/,2026,2,1.0,4,1.0,133.17658828334493,0.1654135338345865,1.5338345864661653,0,0.0,0.15555555555555556,1.0,2.7555555555555555,1.7111111111111108,1.0444444444444447,0.30000000000000004,0.0574509803921569,1.2398039215686274,0.5866877351362169,1,0.5866877351362169,False,True,V4-C_rolling
2026-04-09,楽天,日本ハム,2,4,楽天モバイル,,https://handenomori.com/jpb/20260409/,2026,-2,0.0,4,1.0,-77.09342811778151,-0.12306397306397304,-1.6139730639730638,0,0.0,-0.15555555555555556,-1.8000000000000003,-3.0777777777777775,-2.7444444444444445,-0.3333333333333335,0.0,-0.1551020408163265,-1.2863945578231293,0.5032202066017116,0,0.5032202066017116,False,True,V4-C_rolling
2026-04-09,阪神,ヤクルト,2,0,甲子園球場,,https://handenomori.com/jpb/20260409/,2026,2,1.0,4,1.0,53.249599771725116,0.2111945309161936,1.9702130256973693,0,0.0,-0.07777777777777783,1.4000000000000001,0.3666666666666667,-0.28888888888888964,0.6555555555555554,0.09999999999999998,0.10535353535353531,1.2563636363636363,0.5635947238886618,1,0.5635947238886618,False,True,V4-C_rolling
2026-04-10,中日,阪神,3,5,ナゴヤドーム,,https://handenomori.com/jpb/20260410/,2026,-2,0.0,4,1.0,-161.9411138985622,-0.19022906227630637,-1.5711643999045575,1,-0.19999999999999996,-0.39999999999999997,-2.8,-2.8,-1.4999999999999996,-1.3000000000000003,0.0,-0.13730769230769224,-0.5911538461538461,0.5256151322904234,0,0.5256151322904234,False,True,V4-C_rolling
2026-04-10,巨人,ヤクルト,3,2,東京ドーム,,https://handenomori.com/jpb/20260410/,2026,1,1.0,4,1.0,-20.24010511655183,0.08538788832546479,0.883954071224573,1,0.0,-0.19999999999999996,0.2,-1.4,-1.0000000000000004,-0.3999999999999999,0.09999999999999998,0.0753535353535354,0.7563636363636363,0.5737533704236497,1,0.5737533704236497,False,True,V4-C_rolling
2026-04-10,西武,ロッテ,3,6,県営大宮,,https://handenomori.com/jpb/20260410/,2026,-3,0.0,4,1.0,-0.011605085528799464,0.03759398496240601,0.2706766917293233,-1,0.2,0.10000000000000003,2.0,0.2999999999999998,0.0,0.2999999999999998,0.0,0.10124999999999995,0.7908333333333334,0.518542644966502,0,0.518542644966502,False,True,V4-C_rolling
2026-04-11,DeNA,広島,4,3,横浜スタジアム,,https://handenomori.com/jpb/20260411/,2026,1,1.0,4,1.0,81.45932733624636,0.07716346153846154,0.5733173076923077,0,0.0,-0.14444444444444443,-0.39999999999999997,-0.34444444444444444,0.6555555555555554,-1.0,0.0,0.04160125588697017,0.6499215070643641,0.5261576169859199,0,0.5261576169859199,False,False,V4-C_rolling
2026-04-11,中日,阪神,3,9,ナゴヤドーム,,https://handenomori.com/jpb/20260411/,2026,-6,0.0,4,1.0,-174.94248035392388,-0.19022906227630637,-1.5711643999045575,0,-0.39999999999999997,-0.39999999999999997,-3.4000000000000004,-2.5,-0.6000000000000001,-1.9,-0.09999999999999998,-0.13730769230769224,-0.5911538461538461,0.5333806516438856,0,0.5333806516438856,False,True,V4-C_rolling
2026-04-11,巨人,ヤクルト,2,3,東京ドーム,,https://handenomori.com/jpb/20260411/,2026,-1,0.0,4,1.0,-1.0892421985683995,0.08538788832546479,0.883954071224573,0,0.4,0.0,2.0,-0.7,-0.39999999999999947,-0.2999999999999998,0.09999999999999998,0.0753535353535354,0.7563636363636363,0.5631118696942563,1,0.5631118696942563,False,False,V4-C_rolling
2026-04-11,日本ハム,ソフトバンク,3,6,エスコンF,,https://handenomori.com/jpb/20260411/,2026,-3,0.0,4,1.0,-30.723809859362746,-0.03887496519075473,-0.15767195767195763,0,0.20000000000000007,0.09999999999999998,1.2000000000000002,1.5000000000000002,1.0999999999999996,0.3999999999999999,0.0,-0.08459383753501404,-1.0907563025210083,0.536348937908675,0,0.536348937908675,False,True,V4-C_rolling
2026-04-11,楽天,オリックス,11,4,楽天モバイル,,https://handenomori.com/jpb/20260411/,2026,7,1.0,4,1.0,-68.87656383277226,-0.07171337434495334,-0.5385623148781044,-1,0.19999999999999996,-0.19999999999999996,2.4000000000000004,-1.4,-2.0,0.6000000000000001,-0.2,-0.11729540300968877,-0.453205524634096,0.5381907070518347,0,0.5381907070518347,False,False,V4-C_rolling
2026-04-11,西武,ロッテ,5,2,メットライフドーム,,https://handenomori.com/jpb/20260411/,2026,3,1.0,4,1.0,-22.01891790483046,0.03759398496240601,0.2706766917293233,0,0.2,0.10000000000000003,1.6,1.9000000000000001,0.7999999999999998,1.0999999999999996,-0.09999999999999998,0.10124999999999995,0.7908333333333334,0.5204843059534516,0,0.5204843059534516,False,False,V4-C_rolling
2026-04-12,DeNA,広島,6,5,横浜スタジアム,,https://handenomori.com/jpb/20260412/,2026,1,1.0,4,1.0,94.99567425621512,0.07716346153846154,0.5733173076923077,0,0.0,0.0,-0.8,0.09999999999999998,0.7999999999999998,-0.6999999999999997,0.09999999999999998,0.04160125588697017,0.6499215070643641,0.5297741971481343,0,0.5297741971481343,False,False,V4-C_rolling
2026-04-12,中日,阪神,0,3,ナゴヤドーム,,https://handenomori.com/jpb/20260412/,2026,-3,0.0,4,1.0,-187.29586116926316,-0.19022906227630637,-1.5711643999045575,0,-0.6000000000000001,-0.39999999999999997,-5.0,-3.3,-0.8000000000000003,-2.5,-0.09999999999999998,-0.13730769230769224,-0.5911538461538461,0.5429517814497324,0,0.5429517814497324,False,True,V4-C_rolling
2026-04-12,巨人,ヤクルト,0,2,東京ドーム,,https://handenomori.com/jpb/20260412/,2026,-2,0.0,4,1.0,-23.035127195889118,0.08538788832546479,0.883954071224573,0,0.19999999999999996,0.0,1.2,-0.09999999999999998,-0.6000000000000001,0.5,0.09999999999999998,0.0753535353535354,0.7563636363636363,0.5717810389639547,1,0.5717810389639547,False,False,V4-C_rolling
2026-04-12,日本ハム,ソフトバンク,7,11,エスコンF,,https://handenomori.com/jpb/20260412/,2026,-4,0.0,4,1.0,-50.969954722339935,-0.03887496519075473,-0.15767195767195763,0,0.0,0.09999999999999998,0.0,1.6999999999999997,1.2000000000000002,0.5,0.0,-0.08459383753501404,-1.0907563025210083,0.5393767533190992,0,0.5393767533190992,False,True,V4-C_rolling
2026-04-12,楽天,オリックス,4,0,楽天モバイル,,https://handenomori.com/jpb/20260412/,2026,4,1.0,4,1.0,-46.93262858431626,-0.07171337434495334,-0.5385623148781044,0,0.19999999999999996,0.0,2.8,1.2000000000000002,-0.6999999999999997,1.8999999999999995,-0.2,-0.11729540300968877,-0.453205524634096,0.5416408031442506,0,0.5416408031442506,False,False,V4-C_rolling
2026-04-12,西武,ロッテ,2,1,メットライフドーム,,https://handenomori.com/jpb/20260412/,2026,1,1.0,4,1.0,-2.7658215408744127,0.03759398496240601,0.2706766917293233,0,0.39999999999999997,0.10000000000000003,2.4000000000000004,1.7000000000000002,0.7000000000000002,1.0000000000000004,0.0,0.10124999999999995,0.7908333333333334,0.5149666210929497,0,0.5149666210929497,False,False,V4-C_rolling
2026-04-14,オリックス,西武,5,1,京セラドーム大阪,,https://handenomori.com/jpb/20260414/,2026,4,1.0,4,1.0,58.64452532341602,0.07518796992481208,0.3007518796992481,0,-0.19999999999999996,0.0,-1.4,-0.30000000000000004,1.0999999999999996,-1.3999999999999995,0.19999999999999996,-0.06494949494949487,-0.6841414141414142,0.5464714087965156,0,0.5464714087965156,False,False,V4-C_rolling
2026-04-14,ソフトバンク,楽天,2,3,PayPayドーム,,https://handenomori.com/jpb/20260414/,2026,-1,0.0,4,1.0,123.75439434229042,0.16193893825472777,1.7716450216450217,0,0.0,0.0,-1.0000000000000002,0.4,1.1,-0.6999999999999997,0.30000000000000004,0.23969587835134054,2.3771508603441376,0.5332017473527164,0,0.5332017473527164,False,True,V4-C_rolling
2026-04-14,ヤクルト,DeNA,5,3,松山,,https://handenomori.com/jpb/20260414/,2026,2,1.0,4,1.0,19.59383262662209,-0.10477228682170542,-1.1570978682170543,0,0.0,0.09999999999999998,0.0,0.4,-0.30000000000000027,0.6999999999999997,0.0,0.0054627911770768756,-0.6159554730983302,0.49206644626228635,0,0.5079335537377137,False,False,V4-C_rolling
2026-04-14,ロッテ,日本ハム,1,5,ZOZOマリンスタジアム,,https://handenomori.com/jpb/20260414/,2026,-4,0.0,4,1.0,-101.48555701805071,-0.1641325536062378,-1.646839320523531,0,-0.2,-0.3,-0.8000000000000003,-3.3,-2.6,-0.7000000000000002,-0.09999999999999998,-0.07410714285714282,-0.9398809523809524,0.5334766358422343,0,0.5334766358422343,False,True,V4-C_rolling
2026-04-14,中日,広島,6,2,豊橋,,https://handenomori.com/jpb/20260414/,2026,4,1.0,4,1.0,3.475553349853044,-0.006643356643356635,-0.18473193473193472,0,-0.2,0.0,-2.4000000000000004,-0.8999999999999999,0.6000000000000001,-1.4999999999999996,-0.2,0.015109890109890112,0.6991758241758241,0.564351125994966,1,0.564351125994966,False,True,V4-C_rolling
2026-04-14,阪神,巨人,3,4,甲子園球場,,https://handenomori.com/jpb/20260414/,2026,-1,0.0,4,1.0,118.81257999179775,0.12580664259072882,1.0862589544727963,0,0.4,0.30000000000000004,3.2,2.3000000000000003,1.7999999999999998,0.5,0.19999999999999996,0.029999999999999916,0.5,0.5313906961378905,0,0.5313906961378905,False,True,V4-C_rolling
2026-04-15,オリックス,西武,3,1,京セラドーム大阪,,https://handenomori.com/jpb/20260415/,2026,2,1.0,4,1.0,73.3807650594049,0.07518796992481208,0.3007518796992481,0,0.19999999999999996,0.09999999999999998,1.6,0.30000000000000004,1.2000000000000002,-0.9000000000000004,0.19999999999999996,-0.06494949494949487,-0.6841414141414142,0.5455652302436704,0,0.5455652302436704,False,False,V4-C_rolling
2026-04-15,ソフトバンク,楽天,2,3,PayPayドーム,,https://handenomori.com/jpb/20260415/,2026,-1,0.0,4,1.0,95.20278812905303,0.16193893825472777,1.7716450216450217,0,0.0,-0.19999999999999996,-0.40000000000000013,-0.5,0.5999999999999996,-1.1,0.19999999999999996,0.23969587835134054,2.3771508603441376,0.5457209280128413,0,0.5457209280128413,False,True,V4-C_rolling
2026-04-15,ロッテ,日本ハム,9,7,ZOZOマリンスタジアム,,https://handenomori.com/jpb/20260415/,2026,2,1.0,4,1.0,-117.7043826492154,-0.1641325536062378,-1.646839320523531,0,-0.39999999999999997,-0.49999999999999994,-2.6,-4.5,-3.1999999999999997,-1.2999999999999998,-0.2,-0.07410714285714282,-0.9398809523809524,0.5230656652437161,0,0.5230656652437161,False,False,V4-C_rolling
2026-04-15,中日,広島,2,5,ナゴヤドーム,,https://handenomori.com/jpb/20260415/,2026,-3,0.0,4,1.0,21.26973226492214,-0.006643356643356635,-0.18473193473193472,0,0.2,0.2,-0.19999999999999996,0.10000000000000009,0.6000000000000001,-0.5,-0.09999999999999998,0.015109890109890112,0.6991758241758241,0.5466742468160181,0,0.5466742468160181,False,True,V4-C_rolling
2026-04-16,オリックス,西武,7,1,京セラドーム大阪,,https://handenomori.com/jpb/20260416/,2026,6,1.0,4,1.0,87.33665653713888,0.07518796992481208,0.3007518796992481,0,0.19999999999999996,0.09999999999999998,1.6,-0.09999999999999998,1.2999999999999998,-1.4,0.19999999999999996,-0.06494949494949487,-0.6841414141414142,0.5412084641865458,0,0.5412084641865458,False,False,V4-C_rolling
2026-04-16,ソフトバンク,楽天,6,0,北九州,,https://handenomori.com/jpb/20260416/,2026,6,1.0,4,1.0,68.03993309368457,0.16193893825472777,1.7716450216450217,0,-0.20000000000000007,-0.30000000000000004,-0.8000000000000003,-1.1,0.19999999999999973,-1.2999999999999998,0.09999999999999998,0.23969587835134054,2.3771508603441376,0.5504230075377086,0,0.5504230075377086,False,False,V4-C_rolling
2026-04-16,ヤクルト,DeNA,2,0,神宮野球場,,https://handenomori.com/jpb/20260416/,2026,2,1.0,4,1.0,36.47677131460364,-0.10477228682170542,-1.1570978682170543,0,0.0,0.09999999999999998,0.4,0.4,-0.19999999999999973,0.6000000000000001,0.0,0.0054627911770768756,-0.6159554730983302,0.5009209605102127,0,0.5009209605102127,False,False,V4-C_rolling
2026-04-16,ロッテ,日本ハム,5,3,ZOZOマリンスタジアム,,https://handenomori.com/jpb/20260416/,2026,2,1.0,4,1.0,-93.03146634422319,-0.1641325536062378,-1.646839320523531,0,0.0,-0.3,0.0,-2.9000000000000004,-2.4,-0.5,-0.09999999999999998,-0.07410714285714282,-0.9398809523809524,0.5285336090277231,0,0.5285336090277231,False,False,V4-C_rolling
2026-04-16,阪神,巨人,3,4,甲子園球場,,https://handenomori.com/jpb/20260416/,2026,-1,0.0,4,1.0,90.49484517763881,0.12580664259072882,1.0862589544727963,0,0.20000000000000007,0.19999999999999996,2.4,2.1,1.9,0.20000000000000018,0.09999999999999998,0.029999999999999916,0.5,0.534181571399584,0,0.534181571399584,False,True,V4-C_rolling
2026-04-17,ソフトバンク,オリックス,4,13,PayPayドーム,,https://handenomori.com/jpb/20260417/,2026,-9,0.0,4,1.0,55.805848927664556,0.09022556390977443,1.2330827067669172,0,0.0,0.09999999999999998,2.0,2.0999999999999996,0.6000000000000001,1.4999999999999996,0.09999999999999998,0.12240047534165177,1.9239453357100416,0.582603423795692,1,0.582603423795692,False,False,V4-C_rolling
2026-04-17,ヤクルト,巨人,2,8,神宮野球場,,https://handenomori.com/jpb/20260417/,2026,-6,0.0,4,1.0,32.51475001173276,-0.08538788832546479,-0.883954071224573,0,0.20000000000000007,0.09999999999999998,1.2,0.5,0.8999999999999999,-0.40000000000000036,0.0,-0.0753535353535354,-0.7563636363636363,0.5142096816803915,0,0.5142096816803915,False,True,V4-C_rolling
2026-04-17,広島,DeNA,1,5,マツダスタジアム,,https://handenomori.com/jpb/20260417/,2026,-4,0.0,4,1.0,-88.72200157302291,-0.07716346153846154,-0.5733173076923077,1,-0.2,-0.10000000000000003,0.0,0.09999999999999998,-0.2999999999999998,0.3999999999999999,-0.09999999999999998,-0.04160125588697017,-0.6499215070643641,0.5483491754175522,0,0.5483491754175522,False,True,V4-C_rolling
2026-04-17,日本ハム,西武,3,5,エスコンF,,https://handenomori.com/jpb/20260417/,2026,-2,0.0,4,1.0,91.18323994524553,0.12653856864383178,1.3761626287942077,0,-0.2,0.09999999999999998,0.20000000000000018,1.3,2.0000000000000004,-0.7000000000000002,0.09999999999999998,-0.027142857142857135,0.14904761904761904,0.5784128998995328,1,0.5784128998995328,False,False,V4-C_rolling
2026-04-17,楽天,ロッテ,1,0,楽天モバイル,,https://handenomori.com/jpb/20260417/,2026,1,1.0,4,1.0,52.6394575308816,0.041068580542264754,0.03286625655046704,0,0.4,0.39999999999999997,2.2,2.6,0.2999999999999998,2.3,0.09999999999999998,-0.08099489795918369,-0.3465136054421768,0.5223616784677435,0,0.5223616784677435,False,False,V4-C_rolling
2026-04-17,阪神,中日,2,1,甲子園球場,,https://handenomori.com/jpb/20260417/,2026,1,1.0,4,1.0,174.1373340283335,0.19022906227630637,1.5711643999045575,-1,0.39999999999999997,0.3,3.8,3.3,0.9000000000000004,2.3999999999999995,0.19999999999999996,0.13730769230769224,0.5911538461538461,0.5488821392474037,0,0.5488821392474037,False,False,V4-C_rolling
2026-04-18,ソフトバンク,オリックス,7,0,PayPayドーム,,https://handenomori.com/jpb/20260418/,2026,7,1.0,4,1.0,30.694501471985404,0.09022556390977443,1.2330827067669172,0,-0.4,-0.09999999999999998,-3.6,-0.9000000000000001,-0.5,-0.40000000000000036,0.0,0.12240047534165177,1.9239453357100416,0.5824278176891322,1,0.5824278176891322,False,True,V4-C_rolling
2026-04-18,ヤクルト,巨人,4,3,神宮野球場,,https://handenomori.com/jpb/20260418/,2026,1,1.0,4,1.0,8.676480284269928,-0.08538788832546479,-0.883954071224573,0,0.20000000000000007,-0.09999999999999998,-0.8,-1.4,-0.7000000000000002,-0.6999999999999997,-0.09999999999999998,-0.0753535353535354,-0.7563636363636363,0.520082347320112,0,0.520082347320112,False,False,V4-C_rolling
2026-04-18,広島,DeNA,2,7,マツダスタジアム,,https://handenomori.com/jpb/20260418/,2026,-5,0.0,4,1.0,-105.6539269037446,-0.07716346153846154,-0.5733173076923077,0,-0.39999999999999997,-0.2,-1.7999999999999998,-0.7000000000000001,-0.5,-0.19999999999999973,-0.2,-0.04160125588697017,-0.6499215070643641,0.5421629630135012,0,0.5421629630135012,False,True,V4-C_rolling
2026-04-18,日本ハム,西武,5,3,エスコンF,,https://handenomori.com/jpb/20260418/,2026,2,1.0,4,1.0,64.22292012876323,0.12653856864383178,1.3761626287942077,0,-0.2,-0.09999999999999998,0.6000000000000001,0.5,1.2999999999999998,-0.8000000000000003,0.0,-0.027142857142857135,0.14904761904761904,0.5775278984179507,1,0.5775278984179507,False,True,V4-C_rolling
2026-04-18,楽天,ロッテ,9,1,楽天モバイル,,https://handenomori.com/jpb/20260418/,2026,8,1.0,4,1.0,67.69887016564121,0.041068580542264754,0.03286625655046704,0,0.4,0.39999999999999997,0.6000000000000001,2.2,0.0,2.2,0.09999999999999998,-0.08099489795918369,-0.3465136054421768,0.5153420233999124,0,0.5153420233999124,False,False,V4-C_rolling
2026-04-18,阪神,中日,4,3,甲子園球場,,https://handenomori.com/jpb/20260418/,2026,1,1.0,4,1.0,183.36868221870282,0.19022906227630637,1.5711643999045575,0,0.39999999999999997,0.39999999999999997,3.4000000000000004,3.4000000000000004,0.3999999999999999,3.0,0.19999999999999996,0.13730769230769224,0.5911538461538461,0.5501655667769503,0,0.5501655667769503,False,False,V4-C_rolling
2026-04-19,ソフトバンク,オリックス,1,2,PayPayドーム,,https://handenomori.com/jpb/20260419/,2026,-1,0.0,4,1.0,46.95725512251374,0.09022556390977443,1.2330827067669172,0,-0.4,-0.09999999999999998,-2.4,0.10000000000000009,0.10000000000000053,0.0,0.0,0.12240047534165177,1.9239453357100416,0.5809981397167471,1,0.5809981397167471,False,False,V4-C_rolling
2026-04-19,ヤクルト,巨人,3,1,神宮野球場,,https://handenomori.com/jpb/20260419/,2026,2,1.0,4,1.0,26.17542107670988,-0.08538788832546479,-0.883954071224573,0,0.20000000000000007,0.0,-0.8,-1.0,-0.5,-0.5,0.0,-0.0753535353535354,-0.7563636363636363,0.5158168289116732,0,0.5158168289116732,False,False,V4-C_rolling
2026-04-19,広島,DeNA,0,2,マツダスタジアム,,https://handenomori.com/jpb/20260419/,2026,-2,0.0,4,1.0,-121.64191315437779,-0.07716346153846154,-0.5733173076923077,0,-0.39999999999999997,-0.2,-3.4000000000000004,-1.3,-0.8999999999999999,-0.40000000000000036,-0.2,-0.04160125588697017,-0.6499215070643641,0.5406808975922004,0,0.5406808975922004,False,True,V4-C_rolling
2026-04-19,日本ハム,西武,3,15,エスコンF,,https://handenomori.com/jpb/20260419/,2026,-12,0.0,4,1.0,78.66156795398183,0.12653856864383178,1.3761626287942077,0,0.2,0.0,2.4,0.5,1.5,-1.0,0.0,-0.027142857142857135,0.14904761904761904,0.5712606132135067,1,0.5712606132135067,False,False,V4-C_rolling
2026-04-19,楽天,ロッテ,5,8,楽天モバイル,,https://handenomori.com/jpb/20260419/,2026,-3,0.0,4,1.0,81.9534159424627,0.041068580542264754,0.03286625655046704,0,0.4,0.39999999999999997,2.8,3.6,0.8999999999999999,2.7,0.09999999999999998,-0.08099489795918369,-0.3465136054421768,0.5186342541995335,0,0.5186342541995335,False,True,V4-C_rolling
2026-04-19,阪神,中日,7,5,甲子園球場,,https://handenomori.com/jpb/20260419/,2026,2,1.0,4,1.0,192.22809746612984,0.19022906227630637,1.5711643999045575,0,0.39999999999999997,0.49999999999999994,1.4,3.2,1.0,2.1999999999999997,0.30000000000000004,0.13730769230769224,0.5911538461538461,0.5389607373702733,0,0.5389607373702733,False,False,V4-C_rolling
2026-04-21,DeNA,阪神,16,9,横浜スタジアム,,https://handenomori.com/jpb/20260421/,2026,7,1.0,4,1.0,-72.75902005654189,-0.1064222440944882,-0.813115157480315,0,0.0,-0.09999999999999998,0.9999999999999999,-0.5999999999999999,-0.20000000000000018,-0.3999999999999999,0.0,-0.11081632653061219,-0.6404081632653061,0.5089463947936146,0,0.5089463947936146,False,False,V4-C_rolling
2026-04-21,ロッテ,オリックス,7,4,ZOZOマリンスタジアム,,https://handenomori.com/jpb/20260421/,2026,3,1.0,4,1.0,-97.26291721266944,-0.1127819548872181,-0.5714285714285714,0,-0.20000000000000007,-0.29999999999999993,-2.6,-2.9,-1.1999999999999997,-1.7000000000000002,-0.09999999999999998,-0.03630050505050508,-0.10669191919191923,0.5539442093768527,0,0.5539442093768527,False,False,V4-C_rolling
2026-04-21,巨人,中日,2,1,長野,,https://handenomori.com/jpb/20260421/,2026,1,1.0,4,1.0,118.78213310927981,0.06442241968557755,0.48490544543176123,0,0.39999999999999997,0.3,1.6,1.5,-0.30000000000000027,1.7999999999999998,0.19999999999999996,0.10730769230769233,0.09115384615384614,0.5536881175769601,0,0.5536881175769601,False,False,V4-C_rolling
2026-04-21,広島,ヤクルト,2,1,マツダスタジアム,,https://handenomori.com/jpb/20260421/,2026,1,1.0,4,1.0,-170.24549983168436,0.027608825283243876,0.5837805605247466,0,-0.6000000000000001,-0.39999999999999997,-2.6,-1.3,0.0,-1.3000000000000003,-0.4,-0.04706404706404704,-0.033966033966033926,0.5885852121872289,1,0.5885852121872289,False,True,V4-C_rolling
2026-04-21,日本ハム,楽天,3,1,エスコンF,,https://handenomori.com/jpb/20260421/,2026,2,1.0,4,1.0,-3.750611853555256,0.12306397306397304,1.6139730639730638,0,-0.39999999999999997,-0.19999999999999996,-3.4000000000000004,-2.6,0.2999999999999998,-2.9000000000000004,0.0,0.1551020408163265,1.2863945578231293,0.5482712552230268,0,0.5482712552230268,False,False,V4-C_rolling
2026-04-21,西武,ソフトバンク,6,4,メットライフドーム,,https://handenomori.com/jpb/20260421/,2026,2,1.0,4,1.0,-120.21676395953614,-0.1654135338345865,-1.5338345864661653,0,0.0,-0.09999999999999998,0.4,-1.0,-0.6000000000000001,-0.40000000000000036,-0.3,-0.0574509803921569,-1.2398039215686274,0.5057971528208941,0,0.5057971528208941,False,False,V4-C_rolling
2026-04-22,DeNA,阪神,7,6,横浜スタジアム,,https://handenomori.com/jpb/20260422/,2026,1,1.0,4,1.0,-50.59395342279822,-0.1064222440944882,-0.813115157480315,0,0.20000000000000007,0.0,4.0,0.8,0.5,0.2999999999999998,0.09999999999999998,-0.11081632653061219,-0.6404081632653061,0.51608235354391,0,0.51608235354391,False,False,V4-C_rolling
2026-04-22,ロッテ,オリックス,1,4,ZOZOマリンスタジアム,,https://handenomori.com/jpb/20260422/,2026,-3,0.0,4,1.0,-73.71665747676298,-0.1127819548872181,-0.5714285714285714,0,0.0,-0.09999999999999998,-1.4,-1.3,-0.7000000000000002,-0.6000000000000005,0.0,-0.03630050505050508,-0.10669191919191923,0.5524294302357641,0,0.5524294302357641,False,True,V4-C_rolling
2026-04-22,巨人,中日,5,1,前橋,,https://handenomori.com/jpb/20260422/,2026,4,1.0,4,1.0,130.46584786760127,0.06442241968557755,0.48490544543176123,0,0.6,0.39999999999999997,2.6,1.8,-0.10000000000000009,1.9,0.19999999999999996,0.10730769230769233,0.09115384615384614,0.5492792114743984,0,0.5492792114743984,False,False,V4-C_rolling
2026-04-22,広島,ヤクルト,0,2,マツダスタジアム,,https://handenomori.com/jpb/20260422/,2026,-2,0.0,4,1.0,-142.83092248877847,0.027608825283243876,0.5837805605247466,0,-0.19999999999999996,-0.3,-0.9999999999999999,-1.1,0.20000000000000018,-1.3000000000000003,-0.3,-0.04706404706404704,-0.033966033966033926,0.5811746586150512,1,0.5811746586150512,False,False,V4-C_rolling
2026-04-22,日本ハム,楽天,5,4,エスコンF,,https://handenomori.com/jpb/20260422/,2026,1,1.0,4,1.0,14.455363885175302,0.12306397306397304,1.6139730639730638,0,0.0,-0.19999999999999996,-2.0,-2.4,0.3999999999999999,-2.8,0.0,0.1551020408163265,1.2863945578231293,0.5412244734194679,0,0.5412244734194679,False,False,V4-C_rolling
2026-04-22,西武,ソフトバンク,3,1,メットライフドーム,,https://handenomori.com/jpb/20260422/,2026,2,1.0,4,1.0,-95.40735144934865,-0.1654135338345865,-1.5338345864661653,0,0.19999999999999996,0.0,1.4000000000000001,-0.5,-0.2999999999999998,-0.19999999999999973,-0.2,-0.0574509803921569,-1.2398039215686274,0.49950838058298197,0,0.500491619417018,False,False,V4-C_rolling
2026-04-23,広島,ヤクルト,0,2,マツダスタジアム,,https://handenomori.com/jpb/20260423/,2026,-2,0.0,4,1.0,-156.81558851654972,0.027608825283243876,0.5837805605247466,0,-0.39999999999999997,-0.49999999999999994,-2.0,-2.0,-0.5,-1.5,-0.3,-0.04706404706404704,-0.033966033966033926,0.5814518254249701,1,0.5814518254249701,False,False,V4-C_rolling
2026-04-23,日本ハム,楽天,2,3,エスコンF,,https://handenomori.com/jpb/20260423/,2026,-1,0.0,4,1.0,31.627557369857186,0.12306397306397304,1.6139730639730638,0,0.19999999999999996,-0.19999999999999996,-2.4,-2.6,0.3000000000000007,-2.9,0.0,0.1551020408163265,1.2863945578231293,0.5323264143090359,0,0.5323264143090359,False,True,V4-C_rolling
2026-04-23,西武,ソフトバンク,3,4,メットライフドーム,,https://handenomori.com/jpb/20260423/,2026,-1,0.0,4,1.0,-71.96464549337975,-0.1654135338345865,-1.5338345864661653,0,0.6000000000000001,0.19999999999999996,4.6,0.4,-0.20000000000000018,0.6000000000000001,-0.09999999999999998,-0.0574509803921569,-1.2398039215686274,0.5017295185745546,0,0.5017295185745546,False,True,V4-C_rolling
2026-04-24,DeNA,巨人,2,1,横浜スタジアム,,https://handenomori.com/jpb/20260424/,2026,1,1.0,4,1.0,19.321161290718692,0.01938439849624063,0.2731437969924812,0,0.4,0.09999999999999998,2.1999999999999997,0.7,2.2,-1.5,0.0,-0.08081632653061227,-0.1404081632653061,0.5095965585089584,0,0.5095965585089584,False,False,V4-C_rolling
2026-04-24,オリックス,日本ハム,3,2,京セラドーム大阪,,https://handenomori.com/jpb/20260424/,2026,1,1.0,4,1.0,36.871774101467736,-0.0513505987190197,-1.0754107490949596,1,0.0,0.19999999999999996,2.2,1.7999999999999998,-0.09999999999999964,1.9000000000000004,-0.09999999999999998,-0.03780663780663773,-0.8331890331890333,0.5093634208409517,0,0.5093634208409517,False,False,V4-C_rolling
2026-04-24,中日,ヤクルト,6,4,ナゴヤドーム,,https://handenomori.com/jpb/20260424/,2026,2,1.0,4,1.0,-172.79732276876007,0.02096546863988724,0.39904862579281186,1,-0.8,-0.7000000000000001,-3.0,-2.5999999999999996,-0.10000000000000009,-2.5000000000000004,0.0,-0.03195415695415693,0.6652097902097902,0.5787239251490535,1,0.5787239251490535,False,True,V4-C_rolling
2026-04-25,DeNA,巨人,2,7,横浜スタジアム,,https://handenomori.com/jpb/20260425/,2026,-5,0.0,4,1.0,36.21941680879877,0.01938439849624063,0.2731437969924812,0,0.6,0.30000000000000004,3.0,1.2000000000000002,2.2,-1.0,0.09999999999999998,-0.08081632653061227,-0.1404081632653061,0.5147474067644863,0,0.5147474067644863,False,True,V4-C_rolling
2026-04-25,オリックス,日本ハム,4,2,京セラドーム大阪,,https://handenomori.com/jpb/20260425/,2026,2,1.0,4,1.0,52.79252405147895,-0.0513505987190197,-1.0754107490949596,0,0.19999999999999996,0.29999999999999993,1.2000000000000002,2.3,0.2999999999999998,2.0000000000000004,0.0,-0.03780663780663773,-0.8331890331890333,0.49469635627158276,0,0.5053036437284173,False,False,V4-C_rolling
2026-04-25,ソフトバンク,ロッテ,0,5,熊本,,https://handenomori.com/jpb/20260425/,2026,-5,0.0,4,1.0,101.51905069460304,0.20300751879699253,1.8045112781954886,-1,0.0,0.0,1.7999999999999998,1.2,0.7000000000000002,0.5,0.0,0.15870098039215685,2.030637254901961,0.5401833856683013,0,0.5401833856683013,False,True,V4-C_rolling
2026-04-25,中日,ヤクルト,5,2,ナゴヤドーム,,https://handenomori.com/jpb/20260425/,2026,3,1.0,4,1.0,-145.25638622269685,0.02096546863988724,0.39904862579281186,0,-0.39999999999999997,-0.49999999999999994,-1.7999999999999998,-1.9,0.09999999999999964,-2.0,0.0,-0.03195415695415693,0.6652097902097902,0.5656278330817249,1,0.5656278330817249,False,True,V4-C_rolling
2026-04-25,楽天,西武,7,9,楽天モバイル,,https://handenomori.com/jpb/20260425/,2026,-2,0.0,4,1.0,35.11258278920991,0.0034745955798587413,-0.23781043517885625,0,-0.19999999999999996,0.09999999999999998,-2.0,0.0,-0.7000000000000002,0.7000000000000002,0.09999999999999998,-0.18224489795918364,-1.1373469387755102,0.5547292965939282,0,0.5547292965939282,False,True,V4-C_rolling
2026-04-26,DeNA,巨人,1,4,横浜スタジアム,,https://handenomori.com/jpb/20260426/,2026,-3,0.0,4,1.0,12.176170990490618,0.01938439849624063,0.2731437969924812,0,0.20000000000000007,0.09999999999999998,-0.19999999999999996,0.0,1.5,-1.5,0.09999999999999998,-0.08081632653061227,-0.1404081632653061,0.5104446542895538,0,0.5104446542895538,False,True,V4-C_rolling
2026-04-26,オリックス,日本ハム,9,4,京セラドーム大阪,,https://handenomori.com/jpb/20260426/,2026,5,1.0,4,1.0,67.84366406127242,-0.0513505987190197,-1.0754107490949596,0,0.4,0.5,1.0,3.5,1.0,2.5,0.09999999999999998,-0.03780663780663773,-0.8331890331890333,0.49489337393717836,0,0.5051066260628216,False,False,V4-C_rolling
2026-04-26,中日,ヤクルト,3,0,ナゴヤドーム,,https://handenomori.com/jpb/20260426/,2026,3,1.0,4,1.0,-119.114329661066,0.02096546863988724,0.39904862579281186,0,0.0,-0.3,0.0,-0.5,0.2999999999999998,-0.8000000000000003,0.09999999999999998,-0.03195415695415693,0.6652097902097902,0.5581088024690153,1,0.5581088024690153,False,True,V4-C_rolling
2026-04-26,楽天,西武,0,3,楽天モバイル,,https://handenomori.com/jpb/20260426/,2026,-3,0.0,4,1.0,11.130486649201202,0.0034745955798587413,-0.23781043517885625,0,-0.6000000000000001,0.0,-4.8,-0.7,-1.1,0.40000000000000036,0.09999999999999998,-0.18224489795918364,-1.1373469387755102,0.5619873886182035,1,0.5619873886182035,False,False,V4-C_rolling
2026-04-26,阪神,広島,1,0,甲子園球場,,https://handenomori.com/jpb/20260426/,2026,1,1.0,4,1.0,187.8990904883451,0.18358570563294974,1.3864324651726228,1,0.39999999999999997,0.39999999999999997,1.2,2.2,3.0999999999999996,-0.8999999999999995,0.19999999999999996,0.15241758241758235,1.2903296703296703,0.5444920266990919,0,0.5444920266990919,False,False,V4-C_rolling
2026-04-28,オリックス,ソフトバンク,1,7,京セラドーム大阪,,https://handenomori.com/jpb/20260428/,2026,-6,0.0,4,1.0,26.326334656194376,-0.09022556390977443,-1.2330827067669172,-1,0.6000000000000001,0.5,3.4000000000000004,2.5999999999999996,1.8000000000000003,0.7999999999999998,0.09999999999999998,-0.12240047534165177,-1.9239453357100416,0.48828277549451354,0,0.5117172245054864,False,True,V4-C_rolling
2026-04-28,ヤクルト,阪神,10,5,神宮野球場,,https://handenomori.com/jpb/20260428/,2026,5,1.0,4,1.0,-61.37860059407785,-0.2111945309161936,-1.9702130256973693,0,-0.19999999999999996,-0.09999999999999998,0.0,-1.0,-2.5,1.5,-0.2,-0.10535353535353531,-1.2563636363636363,0.5162063308196033,0,0.5162063308196033,False,False,V4-C_rolling
2026-04-28,ロッテ,楽天,3,1,ZOZOマリンスタジアム,,https://handenomori.com/jpb/20260428/,2026,2,1.0,4,1.0,-9.736945529785544,-0.041068580542264754,-0.03286625655046704,1,0.39999999999999997,0.09999999999999998,1.4,0.39999999999999997,0.5,-0.10000000000000009,-0.09999999999999998,0.08099489795918369,0.3465136054421768,0.5310865879899087,0,0.5310865879899087,False,False,V4-C_rolling
2026-04-28,中日,DeNA,3,0,ナゴヤドーム,,https://handenomori.com/jpb/20260428/,2026,3,1.0,4,1.0,-106.7839835642767,-0.08380681818181818,-0.7580492424242424,0,0.0,-0.19999999999999996,0.39999999999999997,-0.8,-1.2000000000000002,0.40000000000000036,-0.2,-0.026491365777080056,0.04925431711145997,0.5247850719337598,0,0.5247850719337598,False,False,V4-C_rolling
2026-04-28,巨人,広島,1,11,東京ドーム,,https://handenomori.com/jpb/20260428/,2026,-10,0.0,4,1.0,158.14350914964803,0.05777906304222091,0.3001735106998265,0,0.6000000000000001,0.49999999999999994,3.5999999999999996,3.4,2.2,1.1999999999999997,0.0,0.12241758241758244,0.7903296703296703,0.5486001353673102,0,0.5486001353673102,False,True,V4-C_rolling
2026-04-28,西武,日本ハム,1,2,メットライフドーム,,https://handenomori.com/jpb/20260428/,2026,-1,0.0,4,1.0,2.969352957308729,-0.12653856864383178,-1.3761626287942077,0,0.6000000000000001,0.3,3.2,3.2,1.7000000000000002,1.5,0.0,0.027142857142857135,-0.14904761904761904,0.4852474983958846,0,0.5147525016041155,False,True,V4-C_rolling
2026-04-29,オリックス,ソフトバンク,5,4,京セラドーム大阪,,https://handenomori.com/jpb/20260429/,2026,1,1.0,4,1.0,2.8323187398855225,-0.09022556390977443,-1.2330827067669172,0,0.4,0.29999999999999993,1.4,1.1,1.1,0.0,0.09999999999999998,-0.12240047534165177,-1.9239453357100416,0.4974976764908358,0,0.5025023235091641,False,False,V4-C_rolling
2026-04-29,ヤクルト,阪神,0,2,神宮野球場,,https://handenomori.com/jpb/20260429/,2026,-2,0.0,4,1.0,-39.863037272791644,-0.2111945309161936,-1.9702130256973693,0,0.0,0.0,1.8,0.39999999999999997,-1.2999999999999998,1.7000000000000002,-0.2,-0.10535353535353531,-1.2563636363636363,0.5105612711902465,0,0.5105612711902465,False,True,V4-C_rolling
2026-04-29,ロッテ,楽天,5,3,ZOZOマリンスタジアム,,https://handenomori.com/jpb/20260429/,2026,2,1.0,4,1.0,8.811353715186442,-0.041068580542264754,-0.03286625655046704,0,0.6000000000000001,0.3,3.4,1.0,0.8999999999999999,0.10000000000000009,-0.09999999999999998,0.08099489795918369,0.3465136054421768,0.530421041236918,0,0.530421041236918,False,False,V4-C_rolling
2026-04-29,中日,DeNA,2,4,ナゴヤドーム,,https://handenomori.com/jpb/20260429/,2026,-2,0.0,4,1.0,-82.70957715883105,-0.08380681818181818,-0.7580492424242424,0,0.4,-0.19999999999999996,3.2,-0.7999999999999999,-1.2000000000000002,0.3999999999999999,-0.09999999999999998,-0.026491365777080056,0.04925431711145997,0.5199240397218512,0,0.5199240397218512,False,True,V4-C_rolling
2026-04-29,巨人,広島,4,2,東京ドーム,,https://handenomori.com/jpb/20260429/,2026,2,1.0,4,1.0,128.0447533265476,0.05777906304222091,0.3001735106998265,0,0.19999999999999996,0.3,-1.0,1.2,1.3000000000000003,-0.10000000000000009,0.0,0.12241758241758244,0.7903296703296703,0.5438925959772638,0,0.5438925959772638,False,False,V4-C_rolling
2026-04-29,西武,日本ハム,3,0,メットライフドーム,,https://handenomori.com/jpb/20260429/,2026,3,1.0,4,1.0,-19.20767873795876,-0.12653856864383178,-1.3761626287942077,0,0.39999999999999997,0.19999999999999996,2.6,3.0,1.8000000000000003,1.1999999999999997,-0.09999999999999998,0.027142857142857135,-0.14904761904761904,0.49147816481938145,0,0.5085218351806186,False,False,V4-C_rolling
2026-04-30,ヤクルト,阪神,2,10,神宮野球場,,https://handenomori.com/jpb/20260430/,2026,-8,0.0,4,1.0,-59.58311662444976,-0.2111945309161936,-1.9702130256973693,0,-0.2,0.0,1.0,0.9,-1.4000000000000004,2.3,-0.2,-0.10535353535353531,-1.2563636363636363,0.5147457531495515,0,0.5147457531495515,False,True,V4-C_rolling
2026-04-30,中日,DeNA,2,6,ナゴヤドーム,,https://handenomori.com/jpb/20260430/,2026,-4,0.0,4,1.0,-99.98032636643575,-0.08380681818181818,-0.7580492424242424,0,0.4,-0.29999999999999993,3.4000000000000004,-1.1,-1.5999999999999996,0.5,-0.09999999999999998,-0.026491365777080056,0.04925431711145997,0.5171865719825254,0,0.5171865719825254,False,True,V4-C_rolling
2026-04-30,巨人,広島,2,3,東京ドーム,,https://handenomori.com/jpb/20260430/,2026,-1,0.0,4,1.0,139.2923971726443,0.05777906304222091,0.3001735106998265,0,0.39999999999999997,0.3,-0.8,1.1,1.3000000000000003,-0.19999999999999973,0.09999999999999998,0.12241758241758244,0.7903296703296703,0.544857150177937,0,0.544857150177937,False,True,V4-C_rolling
2026-05-01,ソフトバンク,楽天,4,1,PayPayドーム,,https://handenomori.com/jpb/20260501/,2026,3,1.0,5,1.0,85.15580351403855,0.16193893825472777,1.7716450216450217,0,0.2,0.10000000000000003,1.4000000000000001,0.5,0.3999999999999999,0.10000000000000009,0.09999999999999998,0.23969587835134054,2.3771508603441376,0.5657402493333356,1,0.5657402493333356,False,True,V4-C_rolling
2026-05-01,ヤクルト,DeNA,16,5,神宮野球場,,https://handenomori.com/jpb/20260501/,2026,11,1.0,5,1.0,-25.56450059119311,-0.10477228682170542,-1.1570978682170543,0,-0.2,-0.29999999999999993,-1.2000000000000002,-1.9000000000000001,-2.1,0.20000000000000018,0.09999999999999998,0.0054627911770768756,-0.6159554730983302,0.5228506173804043,0,0.5228506173804043,False,False,V4-C_rolling
2026-05-01,ロッテ,西武,0,10,ZOZOマリンスタジアム,,https://handenomori.com/jpb/20260501/,2026,-10,0.0,5,1.0,-1.683906349738436,-0.03759398496240601,-0.2706766917293233,0,0.20000000000000007,0.0,0.6000000000000001,-1.5000000000000002,-0.6999999999999993,-0.8000000000000003,0.0,-0.10124999999999995,-0.7908333333333334,0.5814598026066617,1,0.5814598026066617,False,False,V4-C_rolling
2026-05-01,広島,中日,7,3,マツダスタジアム,,https://handenomori.com/jpb/20260501/,2026,4,1.0,5,1.0,-12.027467685851434,0.006643356643356635,0.18473193473193472,0,-0.19999999999999996,-0.10000000000000003,0.6,-0.3,-1.0,0.6999999999999997,0.19999999999999996,-0.015109890109890112,-0.6991758241758241,0.5806417088509648,1,0.5806417088509648,False,True,V4-C_rolling
2026-05-01,日本ハム,オリックス,5,1,エスコンF,,https://handenomori.com/jpb/20260501/,2026,4,1.0,5,1.0,-77.71619477441641,0.0513505987190197,1.0754107490949596,0,-0.6000000000000001,-0.29999999999999993,-2.6,-2.4,-1.7000000000000002,-0.6999999999999997,-0.09999999999999998,0.03780663780663773,0.8331890331890333,0.5965891867837819,1,0.5965891867837819,False,True,V4-C_rolling
2026-05-01,阪神,巨人,3,5,甲子園球場,,https://handenomori.com/jpb/20260501/,2026,-2,0.0,5,1.0,70.89203285530971,0.12580664259072882,1.0862589544727963,0,0.0,0.09999999999999998,1.2,0.1,1.9000000000000004,-1.7999999999999998,0.09999999999999998,0.029999999999999916,0.5,0.549142256969212,0,0.549142256969212,False,True,V4-C_rolling
2026-05-02,ソフトバンク,楽天,5,0,PayPayドーム,,https://handenomori.com/jpb/20260502/,2026,5,1.0,5,1.0,98.50224918386152,0.16193893825472777,1.7716450216450217,0,0.6,0.2,3.2,0.6000000000000001,0.20000000000000018,0.3999999999999999,0.19999999999999996,0.23969587835134054,2.3771508603441376,0.5634417690854153,1,0.5634417690854153,False,True,V4-C_rolling
2026-05-02,ヤクルト,DeNA,6,5,神宮野球場,,https://handenomori.com/jpb/20260502/,2026,1,1.0,5,1.0,-6.107518107152146,-0.10477228682170542,-1.1570978682170543,0,0.0,-0.19999999999999996,2.8000000000000003,0.6,-0.6000000000000001,1.2000000000000002,0.09999999999999998,0.0054627911770768756,-0.6159554730983302,0.5236962337551591,0,0.5236962337551591,False,False,V4-C_rolling
2026-05-02,ロッテ,西武,4,5,ZOZOマリンスタジアム,,https://handenomori.com/jpb/20260502/,2026,-1,0.0,5,1.0,-23.595878154840875,-0.03759398496240601,-0.2706766917293233,0,-0.20000000000000007,-0.09999999999999998,-4.2,-3.5,-2.0999999999999996,-1.4,0.0,-0.10124999999999995,-0.7908333333333334,0.588729487959341,1,0.588729487959341,False,False,V4-C_rolling
2026-05-02,広島,中日,0,4,マツダスタジアム,,https://handenomori.com/jpb/20260502/,2026,-4,0.0,5,1.0,6.652050825060314,0.006643356643356635,0.18473193473193472,0,0.19999999999999996,0.0,3.2,0.8,-0.3999999999999999,1.2000000000000002,0.19999999999999996,-0.015109890109890112,-0.6991758241758241,0.5750107957509413,1,0.5750107957509413,False,False,V4-C_rolling
2026-05-02,日本ハム,オリックス,9,10,エスコンF,,https://handenomori.com/jpb/20260502/,2026,-1,0.0,5,1.0,-55.2695682614351,0.0513505987190197,1.0754107490949596,0,-0.19999999999999996,-0.19999999999999996,-0.6,-0.9000000000000001,-0.5,-0.40000000000000036,0.0,0.03780663780663773,0.8331890331890333,0.5884730914469878,1,0.5884730914469878,False,False,V4-C_rolling
2026-05-02,阪神,巨人,7,5,甲子園球場,,https://handenomori.com/jpb/20260502/,2026,2,1.0,5,1.0,44.978383518960754,0.12580664259072882,1.0862589544727963,0,0.0,0.0,1.6,-0.3,1.7000000000000002,-2.0000000000000004,0.0,0.029999999999999916,0.5,0.5527146592943573,0,0.5527146592943573,False,False,V4-C_rolling
2026-05-03,ソフトバンク,楽天,0,7,PayPayドーム,,https://handenomori.com/jpb/20260503/,2026,-7,0.0,5,1.0,111.17438995889984,0.16193893825472777,1.7716450216450217,0,0.6,0.4,4.6,3.3000000000000003,1.2000000000000002,2.1,0.19999999999999996,0.23969587835134054,2.3771508603441376,0.5586411020174177,1,0.5586411020174177,False,False,V4-C_rolling
2026-05-03,ヤクルト,DeNA,2,12,神宮野球場,,https://handenomori.com/jpb/20260503/,2026,-10,0.0,5,1.0,12.23312026113058,-0.10477228682170542,-1.1570978682170543,0,0.19999999999999996,0.0,3.2,1.1,-0.39999999999999947,1.5,0.19999999999999996,0.0054627911770768756,-0.6159554730983302,0.5183471242329585,0,0.5183471242329585,False,True,V4-C_rolling
2026-05-03,ロッテ,西武,10,0,ZOZOマリンスタジアム,,https://handenomori.com/jpb/20260503/,2026,10,1.0,5,1.0,-44.252116519694255,-0.03759398496240601,-0.2706766917293233,0,-0.20000000000000007,-0.30000000000000004,-3.6,-4.1,-2.4,-1.7000000000000002,-0.09999999999999998,-0.10124999999999995,-0.7908333333333334,0.582519953472353,1,0.582519953472353,False,True,V4-C_rolling
2026-05-03,日本ハム,オリックス,3,0,エスコンF,,https://handenomori.com/jpb/20260503/,2026,3,1.0,5,1.0,-74.10408010938704,0.0513505987190197,1.0754107490949596,0,-0.19999999999999996,-0.29999999999999993,-0.20000000000000007,-0.6,-0.8999999999999999,0.30000000000000027,0.0,0.03780663780663773,0.8331890331890333,0.5871163625253879,1,0.5871163625253879,False,True,V4-C_rolling
2026-05-03,阪神,巨人,3,0,甲子園球場,,https://handenomori.com/jpb/20260503/,2026,3,1.0,5,1.0,60.45409136398098,0.12580664259072882,1.0862589544727963,0,0.19999999999999996,0.0,2.8,-0.19999999999999998,1.8000000000000003,-2.0,0.0,0.029999999999999916,0.5,0.5437218078837247,0,0.5437218078837247,False,False,V4-C_rolling
2026-05-04,DeNA,広島,11,8,横浜スタジアム,,https://handenomori.com/jpb/20260504/,2026,3,1.0,5,1.0,122.61596553184745,0.07716346153846154,0.5733173076923077,-1,0.0,0.09999999999999998,-1.0,-0.8,1.9000000000000004,-2.7,0.30000000000000004,0.04160125588697017,0.6499215070643641,0.5315443854331272,0,0.5315443854331272,False,False,V4-C_rolling
2026-05-04,オリックス,ロッテ,3,0,京セラドーム大阪,,https://handenomori.com/jpb/20260504/,2026,3,1.0,5,1.0,77.60726940027484,0.1127819548872181,0.5714285714285714,0,-0.19999999999999996,0.0,-2.8000000000000003,-0.6,-0.3000000000000007,-0.3000000000000007,0.0,0.03630050505050508,0.10669191919191923,0.5340269727235684,0,0.5340269727235684,False,False,V4-C_rolling
2026-05-04,中日,阪神,7,3,ナゴヤドーム,,https://handenomori.com/jpb/20260504/,2026,4,1.0,5,1.0,-169.13599336244192,-0.19022906227630637,-1.5711643999045575,1,-0.4,-0.09999999999999998,-3.2,-0.3,-2.3,2.0,-0.3,-0.13730769230769224,-0.5911538461538461,0.5583894946214003,1,0.5583894946214003,False,True,V4-C_rolling
2026-05-04,巨人,ヤクルト,1,5,東京ドーム,,https://handenomori.com/jpb/20260504/,2026,-4,0.0,5,1.0,-2.3700631852530023,0.08538788832546479,0.883954071224573,0,0.0,0.09999999999999998,1.2000000000000002,0.8,-1.0000000000000004,1.7999999999999998,-0.09999999999999998,0.0753535353535354,0.7563636363636363,0.5941692774740027,1,0.5941692774740027,False,False,V4-C_rolling
2026-05-04,楽天,日本ハム,3,1,楽天モバイル,,https://handenomori.com/jpb/20260504/,2026,2,1.0,5,1.0,-40.063419418672765,-0.12306397306397304,-1.6139730639730638,0,-0.39999999999999997,-0.2,-1.8,-0.7999999999999999,-0.6999999999999997,-0.10000000000000009,0.09999999999999998,-0.1551020408163265,-1.2863945578231293,0.5246720560280097,0,0.5246720560280097,False,False,V4-C_rolling
2026-05-04,西武,ソフトバンク,10,2,メットライフドーム,,https://handenomori.com/jpb/20260504/,2026,8,1.0,5,1.0,-45.18526786673465,-0.1654135338345865,-1.5338345864661653,0,0.0,0.29999999999999993,-0.6,1.4000000000000001,1.2999999999999998,0.09999999999999964,-0.09999999999999998,-0.0574509803921569,-1.2398039215686274,0.5279581665210346,0,0.5279581665210346,False,False,V4-C_rolling
2026-05-05,オリックス,ロッテ,6,1,京セラドーム大阪,,https://handenomori.com/jpb/20260505/,2026,5,1.0,5,1.0,91.34290419294007,0.1127819548872181,0.5714285714285714,0,0.19999999999999996,0.09999999999999998,0.0,-0.5,-0.2999999999999998,-0.20000000000000018,0.09999999999999998,0.03630050505050508,0.10669191919191923,0.525690523243939,0,0.525690523243939,False,False,V4-C_rolling
2026-05-05,中日,阪神,7,3,ナゴヤドーム,,https://handenomori.com/jpb/20260505/,2026,4,1.0,5,1.0,-141.7765714005111,-0.19022906227630637,-1.5711643999045575,0,-0.19999999999999996,0.09999999999999998,-1.7999999999999998,0.8,-1.3000000000000003,2.1,-0.3,-0.13730769230769224,-0.5911538461538461,0.5557777059407845,1,0.5557777059407845,False,True,V4-C_rolling
2026-05-05,巨人,ヤクルト,3,2,東京ドーム,,https://handenomori.com/jpb/20260505/,2026,1,1.0,5,1.0,-24.24289026733277,0.08538788832546479,0.883954071224573,0,-0.39999999999999997,0.0,-1.2000000000000002,-0.20000000000000007,-1.7000000000000002,1.5000000000000004,-0.2,0.0753535353535354,0.7563636363636363,0.5992660549070858,1,0.5992660549070858,False,True,V4-C_rolling
2026-05-05,楽天,日本ハム,3,2,楽天モバイル,,https://handenomori.com/jpb/20260505/,2026,1,1.0,5,1.0,-19.77196620071618,-0.12306397306397304,-1.6139730639730638,0,0.0,0.0,-0.4,-0.10000000000000009,-0.10000000000000009,0.0,0.09999999999999998,-0.1551020408163265,-1.2863945578231293,0.5147683201653739,0,0.5147683201653739,False,False,V4-C_rolling
2026-05-05,西武,ソフトバンク,4,6,メットライフドーム,,https://handenomori.com/jpb/20260505/,2026,-2,0.0,5,1.0,-24.59912461903832,-0.1654135338345865,-1.5338345864661653,0,0.4,0.29999999999999993,4.0,2.7,1.6,1.0999999999999996,0.0,-0.0574509803921569,-1.2398039215686274,0.519215717167315,0,0.519215717167315,False,True,V4-C_rolling
2026-05-06,DeNA,広島,0,10,横浜スタジアム,,https://handenomori.com/jpb/20260506/,2026,-10,0.0,5,1.0,134.11798638263554,0.07716346153846154,0.5733173076923077,0,0.19999999999999996,0.09999999999999998,1.8,-0.5,1.5,-1.9999999999999996,0.30000000000000004,0.04160125588697017,0.6499215070643641,0.5323839949776412,0,0.5323839949776412,False,True,V4-C_rolling
2026-05-06,オリックス,ロッテ,3,0,京セラドーム大阪,,https://handenomori.com/jpb/20260506/,2026,3,1.0,5,1.0,104.374507826524,0.1127819548872181,0.5714285714285714,0,0.39999999999999997,0.19999999999999996,2.2,0.5,0.6000000000000001,-0.10000000000000009,0.19999999999999996,0.03630050505050508,0.10669191919191923,0.5308175373168367,0,0.5308175373168367,False,False,V4-C_rolling
2026-05-06,中日,阪神,0,2,ナゴヤドーム,,https://handenomori.com/jpb/20260506/,2026,-2,0.0,5,1.0,-115.81649066198793,-0.19022906227630637,-1.5711643999045575,0,0.19999999999999996,0.19999999999999996,1.8,1.3,-0.09999999999999964,1.4,-0.2,-0.13730769230769224,-0.5911538461538461,0.5403729588917401,0,0.5403729588917401,False,True,V4-C_rolling
2026-05-06,巨人,ヤクルト,0,5,東京ドーム,,https://handenomori.com/jpb/20260506/,2026,-5,0.0,5,1.0,-4.861921489358792,0.08538788832546479,0.883954071224573,0,-0.19999999999999996,0.09999999999999998,-2.2,-0.09999999999999998,-1.2999999999999998,1.1999999999999997,-0.09999999999999998,0.0753535353535354,0.7563636363636363,0.5943570499623502,1,0.5943570499623502,False,False,V4-C_rolling
2026-05-06,楽天,日本ハム,2,12,楽天モバイル,,https://handenomori.com/jpb/20260506/,2026,-10,0.0,5,1.0,-0.6480013934415183,-0.12306397306397304,-1.6139730639730638,0,0.19999999999999996,0.10000000000000003,-0.19999999999999996,0.09999999999999998,-0.20000000000000018,0.30000000000000027,0.09999999999999998,-0.1551020408163265,-1.2863945578231293,0.5167749540698993,0,0.5167749540698993,False,True,V4-C_rolling
2026-05-06,西武,ソフトバンク,10,2,メットライフドーム,,https://handenomori.com/jpb/20260506/,2026,8,1.0,5,1.0,-45.197668345575494,-0.1654135338345865,-1.5338345864661653,0,0.0,0.09999999999999998,2.4,1.9,1.5,0.3999999999999999,0.0,-0.0574509803921569,-1.2398039215686274,0.5228502534382732,0,0.5228502534382732,False,False,V4-C_rolling
2026-05-08,オリックス,日本ハム,4,3,京セラドーム大阪,,https://handenomori.com/jpb/20260508/,2026,1,1.0,5,1.0,80.15899002058882,-0.0513505987190197,-1.0754107490949596,0,0.4,0.29999999999999993,0.0,0.29999999999999993,0.20000000000000018,0.10000000000000009,-0.09999999999999998,-0.03780663780663773,-0.8331890331890333,0.5162529917696973,0,0.5162529917696973,False,False,V4-C_rolling
2026-05-08,ソフトバンク,ロッテ,6,5,PayPayドーム,,https://handenomori.com/jpb/20260508/,2026,1,1.0,5,1.0,78.19196387854936,0.20300751879699253,1.8045112781954886,0,0.2,0.09999999999999998,-2.8000000000000003,-0.6,0.5,-1.0999999999999996,0.0,0.15870098039215685,2.030637254901961,0.5652551150902336,1,0.5652551150902336,False,True,V4-C_rolling
2026-05-08,中日,巨人,9,2,ナゴヤドーム,,https://handenomori.com/jpb/20260508/,2026,7,1.0,5,1.0,-62.98650350920184,-0.06442241968557755,-0.48490544543176123,0,0.39999999999999997,0.19999999999999996,3.8,2.6,1.1,1.5,-0.3,-0.10730769230769233,-0.09115384615384614,0.5587238897464947,1,0.5587238897464947,False,True,V4-C_rolling
2026-05-08,広島,ヤクルト,1,4,マツダスタジアム,,https://handenomori.com/jpb/20260508/,2026,-3,0.0,5,1.0,-115.49255379491387,0.027608825283243876,0.5837805605247466,0,0.0,-0.09999999999999998,1.8,0.9000000000000001,-0.7000000000000002,1.5999999999999996,-0.3,-0.04706404706404704,-0.033966033966033926,0.5958037476942857,1,0.5958037476942857,False,False,V4-C_rolling
2026-05-08,西武,楽天,4,2,メットライフドーム,,https://handenomori.com/jpb/20260508/,2026,2,1.0,5,1.0,39.603362779928375,-0.0034745955798587413,0.23781043517885625,0,0.0,0.39999999999999997,2.0,3.9000000000000004,2.8,1.1000000000000005,-0.09999999999999998,0.18224489795918364,1.1373469387755102,0.5291035646470624,0,0.5291035646470624,False,False,V4-C_rolling
2026-05-08,阪神,DeNA,1,10,甲子園球場,,https://handenomori.com/jpb/20260508/,2026,-9,0.0,5,1.0,52.0748737516833,0.1064222440944882,0.813115157480315,0,0.19999999999999996,0.19999999999999996,1.6,1.7,-0.6999999999999997,2.4,-0.09999999999999998,0.11081632653061219,0.6404081632653061,0.5480335809297406,0,0.5480335809297406,False,True,V4-C_rolling
2026-05-09,オリックス,日本ハム,0,3,京セラドーム大阪,,https://handenomori.com/jpb/20260509/,2026,-3,0.0,5,1.0,93.7624530229225,-0.0513505987190197,-1.0754107490949596,0,0.4,0.29999999999999993,0.0,0.09999999999999998,0.10000000000000053,0.0,0.0,-0.03780663780663773,-0.8331890331890333,0.5155594745696188,0,0.5155594745696188,False,True,V4-C_rolling
2026-05-09,ソフトバンク,ロッテ,4,5,PayPayドーム,,https://handenomori.com/jpb/20260509/,2026,-1,0.0,5,1.0,91.89725898592224,0.20300751879699253,1.8045112781954886,0,0.2,0.09999999999999998,-3.6,-0.7999999999999999,0.30000000000000027,-1.0999999999999996,0.0,0.15870098039215685,2.030637254901961,0.5639141694979903,1,0.5639141694979903,False,False,V4-C_rolling
2026-05-09,中日,巨人,4,2,ナゴヤドーム,,https://handenomori.com/jpb/20260509/,2026,2,1.0,5,1.0,-41.37894627493165,-0.06442241968557755,-0.48490544543176123,0,0.6000000000000001,0.3,7.0,4.0,1.7000000000000002,2.3,-0.2,-0.10730769230769233,-0.09115384615384614,0.5553758676088065,1,0.5553758676088065,False,True,V4-C_rolling
2026-05-09,広島,ヤクルト,0,4,マツダスタジアム,,https://handenomori.com/jpb/20260509/,2026,-4,0.0,5,1.0,-130.94018765952205,0.027608825283243876,0.5837805605247466,0,-0.19999999999999996,-0.19999999999999996,0.6000000000000001,0.19999999999999996,-1.0,1.2000000000000002,-0.4,-0.04706404706404704,-0.033966033966033926,0.5968481092215159,1,0.5968481092215159,False,False,V4-C_rolling
2026-05-09,西武,楽天,6,2,メットライフドーム,,https://handenomori.com/jpb/20260509/,2026,4,1.0,5,1.0,55.37365563055573,-0.0034745955798587413,0.23781043517885625,0,0.0,0.39999999999999997,1.6,3.9000000000000004,2.8,1.1,0.0,0.18224489795918364,1.1373469387755102,0.5267421275009501,0,0.5267421275009501,False,False,V4-C_rolling
2026-05-09,阪神,DeNA,1,3,甲子園球場,,https://handenomori.com/jpb/20260509/,2026,-2,0.0,5,1.0,27.164815402093154,0.1064222440944882,0.813115157480315,0,-0.19999999999999996,0.0,-4.6,-0.7,-1.5000000000000004,0.8000000000000007,-0.09999999999999998,0.11081632653061219,0.6404081632653061,0.5395994533629284,0,0.5395994533629284,False,True,V4-C_rolling
2026-05-10,オリックス,日本ハム,0,2,京セラドーム大阪,,https://handenomori.com/jpb/20260510/,2026,-2,0.0,5,1.0,66.67198254242817,-0.0513505987190197,-1.0754107490949596,0,0.4,0.09999999999999998,0.0,-1.5,-0.7000000000000002,-0.7999999999999998,0.0,-0.03780663780663773,-0.8331890331890333,0.509097283306427,0,0.509097283306427,False,True,V4-C_rolling
2026-05-10,ソフトバンク,ロッテ,8,3,PayPayドーム,,https://handenomori.com/jpb/20260510/,2026,5,1.0,5,1.0,64.90084090132223,0.20300751879699253,1.8045112781954886,0,0.2,0.09999999999999998,-0.5999999999999996,0.0,0.7000000000000002,-0.7000000000000002,-0.09999999999999998,0.15870098039215685,2.030637254901961,0.5681694439583782,1,0.5681694439583782,False,True,V4-C_rolling
2026-05-10,中日,巨人,4,9,ナゴヤドーム,,https://handenomori.com/jpb/20260510/,2026,-5,0.0,5,1.0,-21.01178586465562,-0.06442241968557755,-0.48490544543176123,0,0.6000000000000001,0.3,6.4,3.0999999999999996,1.6999999999999997,1.4,-0.09999999999999998,-0.10730769230769233,-0.09115384615384614,0.5546949299225581,0,0.5546949299225581,False,True,V4-C_rolling
2026-05-10,広島,ヤクルト,4,0,マツダスタジアム,,https://handenomori.com/jpb/20260510/,2026,4,1.0,5,1.0,-145.55364743396103,0.027608825283243876,0.5837805605247466,0,-0.6000000000000001,-0.19999999999999996,-3.8,0.10000000000000009,-0.39999999999999947,0.5,-0.4,-0.04706404706404704,-0.033966033966033926,0.6075379588125173,1,0.6075379588125173,False,True,V4-C_rolling
2026-05-10,西武,楽天,6,1,メットライフドーム,,https://handenomori.com/jpb/20260510/,2026,5,1.0,5,1.0,70.28556963711071,-0.0034745955798587413,0.23781043517885625,0,0.4,0.39999999999999997,6.6,4.1,2.9,1.2000000000000002,0.0,0.18224489795918364,1.1373469387755102,0.523430969891923,0,0.523430969891923,False,False,V4-C_rolling
2026-05-10,阪神,DeNA,3,0,甲子園球場,,https://handenomori.com/jpb/20260510/,2026,3,1.0,5,1.0,3.6240255868710847,0.1064222440944882,0.813115157480315,0,-0.6000000000000001,-0.09999999999999998,-6.199999999999999,-0.9,-2.0999999999999996,1.1999999999999997,-0.09999999999999998,0.11081632653061219,0.6404081632653061,0.5481833004555692,0,0.5481833004555692,False,False,V4-C_rolling
2026-05-12,DeNA,中日,3,1,横浜スタジアム,,https://handenomori.com/jpb/20260512/,2026,2,1.0,5,1.0,83.91916610725411,0.08380681818181818,0.7580492424242424,0,0.0,0.09999999999999998,-1.0,0.09999999999999998,1.3999999999999995,-1.2999999999999998,0.09999999999999998,0.026491365777080056,-0.04925431711145997,0.540096555841611,0,0.540096555841611,False,False,V4-C_rolling
2026-05-12,ソフトバンク,西武,0,3,PayPayドーム,,https://handenomori.com/jpb/20260512/,2026,-3,0.0,5,1.0,2.7663643825128474,0.1654135338345865,1.5338345864661653,0,-0.20000000000000007,-0.30000000000000004,-3.6,-3.8,-1.7000000000000002,-2.1,-0.09999999999999998,0.0574509803921569,1.2398039215686274,0.6094994816071204,1,0.6094994816071204,False,False,V4-C_rolling
2026-05-12,ヤクルト,阪神,0,10,神宮野球場,,https://handenomori.com/jpb/20260512/,2026,-10,0.0,5,1.0,-24.383145767411406,-0.2111945309161936,-1.9702130256973693,0,0.19999999999999996,0.09999999999999998,3.4,0.8,0.9999999999999996,-0.19999999999999973,-0.2,-0.10535353535353531,-1.2563636363636363,0.5249013484626491,0,0.5249013484626491,False,True,V4-C_rolling
2026-05-12,ロッテ,日本ハム,2,3,ZOZOマリンスタジアム,,https://handenomori.com/jpb/20260512/,2026,-1,0.0,5,1.0,-56.74169152579452,-0.1641325536062378,-1.646839320523531,0,-0.39999999999999997,-0.2,-5.2,-2.9,-0.7000000000000002,-2.1999999999999997,0.0,-0.07410714285714282,-0.9398809523809524,0.5434636396714407,0,0.5434636396714407,False,True,V4-C_rolling
2026-05-12,巨人,広島,5,3,岐阜,,https://handenomori.com/jpb/20260512/,2026,2,1.0,5,1.0,80.26689200219585,0.05777906304222091,0.3001735106998265,0,0.0,-0.2,-2.4000000000000004,-2.9000000000000004,-1.6999999999999997,-1.2000000000000002,0.0,0.12241758241758244,0.7903296703296703,0.5617964705178748,1,0.5617964705178748,False,True,V4-C_rolling
2026-05-12,楽天,オリックス,0,2,弘前,,https://handenomori.com/jpb/20260512/,2026,-2,0.0,5,1.0,-105.58915817510842,-0.07171337434495334,-0.5385623148781044,0,-0.39999999999999997,-0.3,-4.8,-2.3000000000000003,-0.8000000000000003,-1.5,-0.2,-0.11729540300968877,-0.453205524634096,0.5311531427555691,0,0.5311531427555691,False,True,V4-C_rolling
2026-05-13,DeNA,中日,5,0,横浜スタジアム,,https://handenomori.com/jpb/20260513/,2026,5,1.0,5,1.0,97.32899459748705,0.08380681818181818,0.7580492424242424,0,0.19999999999999996,0.09999999999999998,0.0,0.09999999999999998,1.4000000000000004,-1.2999999999999998,0.19999999999999996,0.026491365777080056,-0.04925431711145997,0.5419827675757978,0,0.5419827675757978,False,False,V4-C_rolling
2026-05-13,ソフトバンク,西武,1,2,PayPayドーム,,https://handenomori.com/jpb/20260513/,2026,-1,0.0,5,1.0,-19.399120069272385,0.1654135338345865,1.5338345864661653,0,-0.6,-0.30000000000000004,-5.6000000000000005,-4.0,-2.0999999999999996,-1.9,-0.2,0.0574509803921569,1.2398039215686274,0.6126059849750575,1,0.6126059849750575,False,False,V4-C_rolling
2026-05-13,ヤクルト,阪神,4,2,神宮野球場,,https://handenomori.com/jpb/20260513/,2026,2,1.0,5,1.0,-44.99411086814962,-0.2111945309161936,-1.9702130256973693,0,0.0,0.09999999999999998,-1.2000000000000002,0.4,0.8000000000000003,-0.39999999999999947,-0.2,-0.10535353535353531,-1.2563636363636363,0.526017268590957,0,0.526017268590957,False,False,V4-C_rolling
2026-05-13,ロッテ,日本ハム,2,6,ZOZOマリンスタジアム,,https://handenomori.com/jpb/20260513/,2026,-4,0.0,5,1.0,-75.49177027643373,-0.1641325536062378,-1.646839320523531,0,-0.6000000000000001,-0.39999999999999997,-4.8,-3.6,-1.2999999999999998,-2.3,0.0,-0.07410714285714282,-0.9398809523809524,0.5476083455967479,0,0.5476083455967479,False,True,V4-C_rolling
2026-05-13,巨人,広島,4,2,福井,,https://handenomori.com/jpb/20260513/,2026,2,1.0,5,1.0,93.86477957396005,0.05777906304222091,0.3001735106998265,0,0.0,0.0,-2.4,-1.4000000000000001,-0.5999999999999996,-0.7999999999999998,0.0,0.12241758241758244,0.7903296703296703,0.5739819952802586,1,0.5739819952802586,False,True,V4-C_rolling
2026-05-14,ロッテ,日本ハム,5,3,ZOZOマリンスタジアム,,https://handenomori.com/jpb/20260514/,2026,2,1.0,5,1.0,-93.17137283563216,-0.1641325536062378,-1.646839320523531,0,-0.6000000000000001,-0.39999999999999997,-3.8,-3.0,-1.2000000000000002,-1.8000000000000003,-0.09999999999999998,-0.07410714285714282,-0.9398809523809524,0.5512551933842272,0,0.5512551933842272,False,False,V4-C_rolling
2026-05-14,楽天,オリックス,3,0,楽天モバイル,,https://handenomori.com/jpb/20260514/,2026,3,1.0,5,1.0,-121.58072291455437,-0.07171337434495334,-0.5385623148781044,0,-0.6,-0.3,-4.8,-2.4,-0.7999999999999998,-1.6,-0.3,-0.11729540300968877,-0.453205524634096,0.555956262065229,1,0.555956262065229,False,True,V4-C_rolling
2026-05-15,ロッテ,オリックス,6,3,ZOZOマリンスタジアム,,https://handenomori.com/jpb/20260515/,2026,3,1.0,5,1.0,-99.83262910335952,-0.1127819548872181,-0.5714285714285714,0,0.0,-0.3,-0.3999999999999999,-1.3,0.5,-1.8000000000000003,-0.2,-0.03630050505050508,-0.10669191919191923,0.5704254491014482,1,0.5704254491014482,False,True,V4-C_rolling
2026-05-15,中日,ヤクルト,5,8,ナゴヤドーム,,https://handenomori.com/jpb/20260515/,2026,-3,0.0,5,1.0,-93.99813066882393,0.02096546863988724,0.39904862579281186,0,-0.19999999999999996,-0.09999999999999998,0.4,0.8999999999999999,0.6999999999999997,0.19999999999999973,0.09999999999999998,-0.03195415695415693,0.6652097902097902,0.5835201860182386,1,0.5835201860182386,False,False,V4-C_rolling
2026-05-15,巨人,DeNA,2,0,東京ドーム,,https://handenomori.com/jpb/20260515/,2026,2,1.0,5,1.0,-41.92171136201864,-0.01938439849624063,-0.2731437969924812,0,-0.20000000000000007,-0.19999999999999996,-3.0,-1.9,-2.3000000000000003,0.39999999999999947,0.0,0.08081632653061227,0.1404081632653061,0.5445936652580656,0,0.5445936652580656,False,False,V4-C_rolling
2026-05-15,日本ハム,西武,0,3,エスコンF,,https://handenomori.com/jpb/20260515/,2026,-3,0.0,5,1.0,-34.77090986425628,0.12653856864383178,1.3761626287942077,-1,-0.19999999999999996,-0.20000000000000007,-1.4,-0.30000000000000004,-1.2000000000000002,0.8999999999999999,0.09999999999999998,-0.027142857142857135,0.14904761904761904,0.6068599434453201,1,0.6068599434453201,False,False,V4-C_rolling
2026-05-15,楽天,ソフトバンク,6,3,楽天モバイル,,https://handenomori.com/jpb/20260515/,2026,3,1.0,5,1.0,-61.19281307002461,-0.16193893825472777,-1.7716450216450217,-1,-0.2,0.0,-2.2,0.0,-1.1,1.1000000000000005,-0.09999999999999998,-0.23969587835134054,-2.3771508603441376,0.5199961317766079,0,0.5199961317766079,False,False,V4-C_rolling
2026-05-15,阪神,広島,0,2,甲子園球場,,https://handenomori.com/jpb/20260515/,2026,-2,0.0,5,1.0,157.04828484959194,0.18358570563294974,1.3864324651726228,0,0.2,0.09999999999999998,1.4,-0.2,-0.2999999999999998,0.10000000000000009,0.30000000000000004,0.15241758241758235,1.2903296703296703,0.5577896112653582,1,0.5577896112653582,False,False,V4-C_rolling
2026-05-16,中日,ヤクルト,8,0,ナゴヤドーム,,https://handenomori.com/jpb/20260516/,2026,8,1.0,5,1.0,-110.63419687930923,0.02096546863988724,0.39904862579281186,0,-0.39999999999999997,-0.09999999999999998,-1.6,0.8,0.6999999999999997,0.09999999999999964,0.09999999999999998,-0.03195415695415693,0.6652097902097902,0.585200535438578,1,0.585200535438578,False,True,V4-C_rolling
2026-05-16,巨人,DeNA,4,3,東京ドーム,,https://handenomori.com/jpb/20260516/,2026,1,1.0,5,1.0,-21.52331833268613,-0.01938439849624063,-0.2731437969924812,0,0.20000000000000007,-0.09999999999999998,1.0,-2.4,-2.1000000000000005,-0.30000000000000027,0.09999999999999998,0.08081632653061227,0.1404081632653061,0.5518112012716058,0,0.5518112012716058,False,False,V4-C_rolling
2026-05-16,日本ハム,西武,5,4,エスコンF,,https://handenomori.com/jpb/20260516/,2026,1,1.0,5,1.0,-54.78409735063315,0.12653856864383178,1.3761626287942077,0,-0.4,-0.30000000000000004,-2.8000000000000003,-1.1,-1.2999999999999998,0.20000000000000018,0.0,-0.027142857142857135,0.14904761904761904,0.6093712732864505,1,0.6093712732864505,False,True,V4-C_rolling
2026-05-16,楽天,ソフトバンク,4,3,楽天モバイル,,https://handenomori.com/jpb/20260516/,2026,1,1.0,5,1.0,-39.68788355519132,-0.16193893825472777,-1.7716450216450217,0,0.2,0.2,-0.4,1.5999999999999999,-0.30000000000000027,1.9,0.0,-0.23969587835134054,-2.3771508603441376,0.5142682520376074,0,0.5142682520376074,False,False,V4-C_rolling
2026-05-16,阪神,広島,3,1,甲子園球場,,https://handenomori.com/jpb/20260516/,2026,2,1.0,5,1.0,126.99657554349574,0.18358570563294974,1.3864324651726228,0,0.0,0.0,1.7999999999999998,-0.7,-0.9000000000000004,0.20000000000000018,0.30000000000000004,0.15241758241758235,1.2903296703296703,0.5628365279550721,1,0.5628365279550721,False,True,V4-C_rolling
2026-05-17,ロッテ,オリックス,3,2,ZOZOマリンスタジアム,,https://handenomori.com/jpb/20260517/,2026,1,1.0,5,1.0,-76.14328584665873,-0.1127819548872181,-0.5714285714285714,0,0.2,-0.2,0.8,-1.6,0.7999999999999998,-2.4,-0.09999999999999998,-0.03630050505050508,-0.10669191919191923,0.5652536565834844,1,0.5652536565834844,False,True,V4-C_rolling
2026-05-17,中日,ヤクルト,1,5,ナゴヤドーム,,https://handenomori.com/jpb/20260517/,2026,-4,0.0,5,1.0,-86.34783988706363,0.02096546863988724,0.39904862579281186,0,-0.2,-0.09999999999999998,2.0,1.0,1.2999999999999998,-0.30000000000000027,0.19999999999999996,-0.03195415695415693,0.6652097902097902,0.5847727538775198,1,0.5847727538775198,False,False,V4-C_rolling
2026-05-17,巨人,DeNA,1,0,東京ドーム,,https://handenomori.com/jpb/20260517/,2026,1,1.0,5,1.0,-2.298709648176782,-0.01938439849624063,-0.2731437969924812,0,0.6,0.0,2.1999999999999997,-2.0,-1.5,-0.5,0.19999999999999996,0.08081632653061227,0.1404081632653061,0.5452498609379547,0,0.5452498609379547,False,False,V4-C_rolling
2026-05-17,日本ハム,西武,3,6,エスコンF,,https://handenomori.com/jpb/20260517/,2026,-3,0.0,5,1.0,-33.64646249867474,0.12653856864383178,1.3761626287942077,0,-0.20000000000000007,-0.20000000000000007,-2.0,-1.7000000000000002,-1.3000000000000003,-0.3999999999999999,0.0,-0.027142857142857135,0.14904761904761904,0.6060613577664375,1,0.6060613577664375,False,False,V4-C_rolling
2026-05-17,楽天,ソフトバンク,1,5,楽天モバイル,,https://handenomori.com/jpb/20260517/,2026,-4,0.0,5,1.0,-19.41804366052088,-0.16193893825472777,-1.7716450216450217,0,0.39999999999999997,0.2,0.6,0.3999999999999999,-0.8999999999999999,1.3000000000000003,0.09999999999999998,-0.23969587835134054,-2.3771508603441376,0.5156172110502697,0,0.5156172110502697,False,True,V4-C_rolling
2026-05-17,阪神,広島,0,1,甲子園球場,,https://handenomori.com/jpb/20260517/,2026,-1,0.0,5,1.0,138.29306641115159,0.18358570563294974,1.3864324651726228,0,0.19999999999999996,0.10000000000000003,2.2,-0.19999999999999996,-0.30000000000000027,0.10000000000000009,0.30000000000000004,0.15241758241758235,1.2903296703296703,0.5550606273393618,1,0.5550606273393618,False,False,V4-C_rolling
2026-05-19,オリックス,ソフトバンク,2,1,京セラドーム大阪,,https://handenomori.com/jpb/20260519/,2026,1,1.0,5,1.0,22.920426344645193,-0.09022556390977443,-1.2330827067669172,0,0.0,0.09999999999999998,-0.5999999999999999,0.7,-1.5,2.1999999999999997,0.19999999999999996,-0.12240047534165177,-1.9239453357100416,0.5094191675988358,0,0.5094191675988358,False,False,V4-C_rolling
2026-05-19,ヤクルト,巨人,0,2,いわき,,https://handenomori.com/jpb/20260519/,2026,-2,0.0,5,1.0,1.6947234319175095,-0.08538788832546479,-0.883954071224573,0,-0.4,-0.09999999999999998,-3.4000000000000004,-0.2,0.0,-0.19999999999999973,0.19999999999999996,-0.0753535353535354,-0.7563636363636363,0.5435174163634182,0,0.5435174163634182,False,True,V4-C_rolling
2026-05-19,広島,DeNA,3,1,マツダスタジアム,,https://handenomori.com/jpb/20260519/,2026,2,1.0,5,1.0,-95.82865795699786,-0.07716346153846154,-0.5733173076923077,0,0.0,-0.09999999999999998,-1.2,-0.30000000000000004,-0.2999999999999998,0.0,-0.3,-0.04160125588697017,-0.6499215070643641,0.5496889199184439,0,0.5496889199184439,False,False,V4-C_rolling
2026-05-19,日本ハム,楽天,6,2,エスコンF,,https://handenomori.com/jpb/20260519/,2026,4,1.0,5,1.0,46.80254456179182,0.12306397306397304,1.6139730639730638,0,-0.19999999999999996,0.19999999999999996,-0.8,3.0999999999999996,1.6,1.5,0.0,0.1551020408163265,1.2863945578231293,0.561452292022783,1,0.561452292022783,False,True,V4-C_rolling
2026-05-19,西武,ロッテ,3,2,前橋,,https://handenomori.com/jpb/20260519/,2026,1,1.0,5,1.0,91.07798100997297,0.03759398496240601,0.2706766917293233,0,0.20000000000000007,0.4,1.6,3.8,1.5999999999999996,2.2,0.09999999999999998,0.10124999999999995,0.7908333333333334,0.5287218357339514,0,0.5287218357339514,False,False,V4-C_rolling
2026-05-19,阪神,中日,4,2,倉敷,,https://handenomori.com/jpb/20260519/,2026,2,1.0,5,1.0,99.13554358673605,0.19022906227630637,1.5711643999045575,0,0.2,0.0,2.5999999999999996,-0.3,-1.4,1.1,0.19999999999999996,0.13730769230769224,0.5911538461538461,0.5404752012429628,0,0.5404752012429628,False,False,V4-C_rolling
2026-05-20,オリックス,ソフトバンク,8,3,京セラドーム大阪,,https://handenomori.com/jpb/20260520/,2026,5,1.0,5,1.0,39.61680642391843,-0.09022556390977443,-1.2330827067669172,0,0.2,0.2,-0.4,0.8,-1.0999999999999996,1.8999999999999995,0.19999999999999996,-0.12240047534165177,-1.9239453357100416,0.5040771714970608,0,0.5040771714970608,False,False,V4-C_rolling
2026-05-20,広島,DeNA,3,4,マツダスタジアム,,https://handenomori.com/jpb/20260520/,2026,-1,0.0,5,1.0,-72.36242318252266,-0.07716346153846154,-0.5733173076923077,0,0.39999999999999997,0.09999999999999998,0.4,0.7,0.20000000000000018,0.5,-0.2,-0.04160125588697017,-0.6499215070643641,0.5476562430532567,0,0.5476562430532567,False,True,V4-C_rolling
2026-05-20,日本ハム,楽天,5,3,エスコンF,,https://handenomori.com/jpb/20260520/,2026,2,1.0,5,1.0,62.178737900783744,0.12306397306397304,1.6139730639730638,0,-0.19999999999999996,0.3,-0.39999999999999997,3.0,1.1,1.9000000000000004,0.09999999999999998,0.1551020408163265,1.2863945578231293,0.5663131038342596,1,0.5663131038342596,False,True,V4-C_rolling
2026-05-20,西武,ロッテ,1,3,県営大宮,,https://handenomori.com/jpb/20260520/,2026,-2,0.0,5,1.0,104.12298708649269,0.03759398496240601,0.2706766917293233,0,0.20000000000000007,0.5,1.2,3.7,1.4000000000000004,2.3,0.19999999999999996,0.10124999999999995,0.7908333333333334,0.5416966507323505,0,0.5416966507323505,False,True,V4-C_rolling
2026-05-20,阪神,中日,8,7,甲子園球場,,https://handenomori.com/jpb/20260520/,2026,1,1.0,5,1.0,111.77614401025153,0.19022906227630637,1.5711643999045575,0,0.2,0.2,1.0,0.8999999999999999,-0.7999999999999998,1.7000000000000002,0.30000000000000004,0.13730769230769224,0.5911538461538461,0.5687160543963358,1,0.5687160543963358,False,True,V4-C_rolling
2026-05-21,ヤクルト,巨人,3,1,神宮野球場,,https://handenomori.com/jpb/20260521/,2026,2,1.0,5,1.0,-20.40977542886162,-0.08538788832546479,-0.883954071224573,0,-0.4,-0.09999999999999998,-1.8,-0.4,-0.10000000000000009,-0.2999999999999998,0.09999999999999998,-0.0753535353535354,-0.7563636363636363,0.5525720394038769,0,0.5525720394038769,False,False,V4-C_rolling
2026-05-21,広島,DeNA,3,1,マツダスタジアム,,https://handenomori.com/jpb/20260521/,2026,2,1.0,5,1.0,-90.21992173936701,-0.07716346153846154,-0.5733173076923077,0,0.39999999999999997,-0.09999999999999998,1.4,-1.5,-0.8999999999999999,-0.6000000000000001,-0.3,-0.04160125588697017,-0.6499215070643641,0.5490661510254281,0,0.5490661510254281,False,False,V4-C_rolling
2026-05-22,ソフトバンク,日本ハム,10,0,PayPayドーム,,https://handenomori.com/jpb/20260522/,2026,10,1.0,5,1.0,-37.68289502028847,0.03887496519075473,0.15767195767195763,0,-0.39999999999999997,-0.39999999999999997,-1.4,-1.4,-0.20000000000000018,-1.1999999999999997,0.0,0.08459383753501404,1.0907563025210083,0.5604560070481435,1,0.5604560070481435,False,True,V4-C_rolling
2026-05-22,中日,広島,6,2,ナゴヤドーム,,https://handenomori.com/jpb/20260522/,2026,4,1.0,5,1.0,-16.776385933349957,-0.006643356643356635,-0.18473193473193472,1,-0.39999999999999997,-0.2,-0.8,-0.5,1.8999999999999995,-2.3999999999999995,-0.2,0.015109890109890112,0.6991758241758241,0.5757899776755555,1,0.5757899776755555,False,True,V4-C_rolling
2026-05-22,巨人,阪神,4,7,東京ドーム,,https://handenomori.com/jpb/20260522/,2026,-3,0.0,5,1.0,-8.275297216237504,-0.12580664259072882,-1.0862589544727963,-1,0.20000000000000007,0.19999999999999996,0.4,0.2,0.0,0.20000000000000018,-0.09999999999999998,-0.029999999999999916,-0.5,0.5417359540461449,0,0.5417359540461449,False,True,V4-C_rolling
2026-05-22,楽天,ロッテ,1,2,楽天モバイル,,https://handenomori.com/jpb/20260522/,2026,-1,0.0,5,1.0,-31.691386795937888,0.041068580542264754,0.03286625655046704,0,-0.4,-0.2,-2.5999999999999996,-1.3,-1.2000000000000002,-0.10000000000000009,0.0,-0.08099489795918369,-0.3465136054421768,0.5498577003603837,0,0.5498577003603837,False,True,V4-C_rolling
2026-05-22,西武,オリックス,1,5,メットライフドーム,,https://handenomori.com/jpb/20260522/,2026,-4,0.0,5,1.0,13.778467734061223,-0.07518796992481208,-0.3007518796992481,0,0.19999999999999996,0.30000000000000004,1.0,1.9,1.4,0.5,-0.2,0.06494949494949487,0.6841414141414142,0.5544928896554532,0,0.5544928896554532,False,True,V4-C_rolling
2026-05-23,DeNA,ヤクルト,0,6,横浜スタジアム,,https://handenomori.com/jpb/20260523/,2026,-6,0.0,5,1.0,-30.427648573856686,0.10477228682170542,1.1570978682170543,0,-0.39999999999999997,-0.19999999999999996,-0.8,0.5,-0.7999999999999998,1.2999999999999998,-0.2,-0.0054627911770768756,0.6159554730983302,0.5757791250491041,1,0.5757791250491041,False,False,V4-C_rolling
2026-05-23,ソフトバンク,日本ハム,11,1,PayPayドーム,,https://handenomori.com/jpb/20260523/,2026,10,1.0,5,1.0,-17.528458237927225,0.03887496519075473,0.15767195767195763,0,-0.19999999999999996,-0.3,2.5999999999999996,0.8,0.5,0.30000000000000027,0.09999999999999998,0.08459383753501404,1.0907563025210083,0.5666650220280337,1,0.5666650220280337,False,True,V4-C_rolling
2026-05-23,中日,広島,3,5,ナゴヤドーム,,https://handenomori.com/jpb/20260523/,2026,-2,0.0,5,1.0,2.17553948855857,-0.006643356643356635,-0.18473193473193472,0,-0.19999999999999996,-0.2,1.0,-0.8,1.4,-2.1999999999999997,-0.2,0.015109890109890112,0.6991758241758241,0.5691680635009568,1,0.5691680635009568,False,False,V4-C_rolling
2026-05-23,巨人,阪神,0,3,東京ドーム,,https://handenomori.com/jpb/20260523/,2026,-3,0.0,5,1.0,-29.81066787348618,-0.12580664259072882,-1.0862589544727963,0,-0.20000000000000007,0.09999999999999998,-1.5999999999999999,-0.5999999999999999,-0.3999999999999999,-0.20000000000000018,-0.09999999999999998,-0.029999999999999916,-0.5,0.5586003632404887,1,0.5586003632404887,False,False,V4-C_rolling
2026-05-23,楽天,ロッテ,6,7,楽天モバイル,,https://handenomori.com/jpb/20260523/,2026,-1,0.0,5,1.0,-51.881840124834525,0.041068580542264754,0.03286625655046704,0,-0.6000000000000001,-0.3,-3.2,-1.4,-1.0,-0.3999999999999999,0.0,-0.08099489795918369,-0.3465136054421768,0.5516814075964548,0,0.5516814075964548,False,True,V4-C_rolling
2026-05-23,西武,オリックス,4,1,メットライフドーム,,https://handenomori.com/jpb/20260523/,2026,3,1.0,5,1.0,-9.01114199654944,-0.07518796992481208,-0.3007518796992481,0,-0.19999999999999996,0.19999999999999996,-1.7999999999999998,1.2,0.8999999999999999,0.2999999999999998,-0.2,0.06494949494949487,0.6841414141414142,0.5569417740910144,1,0.5569417740910144,False,True,V4-C_rolling
2026-05-24,DeNA,ヤクルト,1,0,横浜スタジアム,,https://handenomori.com/jpb/20260524/,2026,1,1.0,5,1.0,-50.69083908561538,0.10477228682170542,1.1570978682170543,0,-0.39999999999999997,-0.3,-2.4,-0.6000000000000001,-1.3,0.6999999999999997,-0.3,-0.0054627911770768756,0.6159554730983302,0.5593102438629265,1,0.5593102438629265,False,True,V4-C_rolling
2026-05-24,ソフトバンク,日本ハム,7,6,PayPayドーム,,https://handenomori.com/jpb/20260524/,2026,1,1.0,5,1.0,1.4666458880033133,0.03887496519075473,0.15767195767195763,0,0.19999999999999996,-0.09999999999999998,7.0,3.1,1.2999999999999998,1.7999999999999998,0.19999999999999996,0.08459383753501404,1.0907563025210083,0.5634532357376909,1,0.5634532357376909,False,True,V4-C_rolling
2026-05-24,中日,広島,3,5,ナゴヤドーム,,https://handenomori.com/jpb/20260524/,2026,-2,0.0,5,1.0,-19.95632690780667,-0.006643356643356635,-0.18473193473193472,0,-0.39999999999999997,-0.3,-1.2,-1.0,1.2000000000000002,-2.2,-0.2,0.015109890109890112,0.6991758241758241,0.5659624908101881,1,0.5659624908101881,False,False,V4-C_rolling
2026-05-24,巨人,阪神,3,6,東京ドーム,,https://handenomori.com/jpb/20260524/,2026,-3,0.0,5,1.0,-50.10936763172958,-0.12580664259072882,-1.0862589544727963,0,-0.4,0.0,-2.6,-1.2,-0.7999999999999998,-0.3999999999999999,-0.09999999999999998,-0.029999999999999916,-0.5,0.5668038731011862,1,0.5668038731011862,False,False,V4-C_rolling
2026-05-24,楽天,ロッテ,8,5,楽天モバイル,,https://handenomori.com/jpb/20260524/,2026,3,1.0,5,1.0,-70.91080736318963,0.041068580542264754,0.03286625655046704,0,-0.8,-0.3,-3.2,-1.0999999999999999,-0.7999999999999998,-0.2999999999999998,-0.09999999999999998,-0.08099489795918369,-0.3465136054421768,0.5583104930360271,1,0.5583104930360271,False,True,V4-C_rolling
2026-05-24,西武,オリックス,4,3,メットライフドーム,,https://handenomori.com/jpb/20260524/,2026,1,1.0,5,1.0,9.495603124726358,-0.07518796992481208,-0.3007518796992481,0,0.0,0.29999999999999993,-1.0,1.5,1.0,0.5,-0.2,0.06494949494949487,0.6841414141414142,0.5543122354578874,0,0.5543122354578874,False,False,V4-C_rolling
2026-05-26,DeNA,オリックス,1,7,横浜スタジアム,,https://handenomori.com/jpb/20260526/,2026,-6,0.0,5,1.0,-76.20160809430195,-0.01820958646616544,0.35585056390977443,0,-0.19999999999999996,0.0,-2.8,-0.4,-0.8,0.40000000000000036,-0.16666666666666669,-0.04586683158111732,0.393733250876108,0.5523339832909111,0,0.5523339832909111,False,True,V4-C_rolling
2026-05-26,ヤクルト,西武,1,2,神宮野球場,,https://handenomori.com/jpb/20260526/,2026,-1,0.0,5,1.0,-73.36153529926673,-0.047793903363058776,-0.5004954246080318,0,0.0,-0.19999999999999996,2.0,-1.6,-0.5,-1.1,0.16666666666666663,-0.10535353535353531,-0.9063636363636364,0.5766715105829066,1,0.5766715105829066,False,False,V4-C_rolling
2026-05-26,中日,楽天,1,0,ナゴヤドーム,,https://handenomori.com/jpb/20260526/,2026,1,1.0,5,1.0,-75.96356449682094,-0.030303030303030276,0.13636363636363635,0,0.0,-0.2,0.4,-0.5,0.20000000000000018,-0.7000000000000002,-0.09999999999999998,0.044937205651491396,0.896193092621664,0.5403728529352612,0,0.5403728529352612,False,False,V4-C_rolling
2026-05-26,巨人,ソフトバンク,3,8,東京ドーム,,https://handenomori.com/jpb/20260526/,2026,-5,0.0,5,1.0,-55.05443060272273,-0.1278195488721805,-1.150375939849624,0,-0.39999999999999997,0.19999999999999996,-4.8,-1.2000000000000002,-1.8000000000000003,0.5999999999999996,0.09999999999999998,-0.08745098039215682,-1.3898039215686273,0.546848978017915,0,0.546848978017915,False,True,V4-C_rolling
2026-05-26,広島,ロッテ,1,3,マツダスタジアム,,https://handenomori.com/jpb/20260526/,2026,-2,0.0,5,1.0,-83.99274014980824,0.017408906882591113,0.3539618276460381,0,0.0,0.0,0.2,0.1,-1.0,1.1,-0.09999999999999998,-0.0511675824175824,-0.1494963369963369,0.5679110299373903,1,0.5679110299373903,False,False,V4-C_rolling
2026-05-26,阪神,日本ハム,0,4,甲子園球場,,https://handenomori.com/jpb/20260526/,2026,-4,0.0,5,1.0,33.56085155669052,0.03686205890930305,0.09355497229512988,0,0.6,0.29999999999999993,5.4,3.7,0.7999999999999998,2.9,0.0,0.027142857142857135,0.20095238095238094,0.5271906462672545,0,0.5271906462672545,False,True,V4-C_rolling
2026-05-27,DeNA,オリックス,2,5,横浜スタジアム,,https://handenomori.com/jpb/20260527/,2026,-3,0.0,5,1.0,-93.84090873460877,-0.01820958646616544,0.35585056390977443,0,-0.19999999999999996,-0.2,-4.6,-2.0,-1.6999999999999997,-0.2999999999999998,-0.2142857142857143,-0.04586683158111732,0.393733250876108,0.549546200378224,0,0.549546200378224,False,True,V4-C_rolling
2026-05-27,中日,楽天,7,2,ナゴヤドーム,,https://handenomori.com/jpb/20260527/,2026,5,1.0,5,1.0,-53.61637820665214,-0.030303030303030276,0.13636363636363635,0,0.2,-0.10000000000000003,0.4,-0.3,0.20000000000000018,-0.5,0.0,0.044937205651491396,0.896193092621664,0.5282672309388399,0,0.5282672309388399,False,False,V4-C_rolling
2026-05-27,巨人,ソフトバンク,5,1,東京ドーム,,https://handenomori.com/jpb/20260527/,2026,4,1.0,5,1.0,-73.90128515763354,-0.1278195488721805,-1.150375939849624,0,-0.8,0.0,-7.4,-2.7,-2.8000000000000003,0.09999999999999964,0.0,-0.08745098039215682,-1.3898039215686273,0.5427441494533782,0,0.5427441494533782,False,False,V4-C_rolling
2026-05-27,広島,ロッテ,4,5,マツダスタジアム,,https://handenomori.com/jpb/20260527/,2026,-1,0.0,5,1.0,-101.19103691480473,0.017408906882591113,0.3539618276460381,0,-0.20000000000000007,-0.09999999999999998,-0.6,-0.2,-1.1999999999999997,1.0,-0.16666666666666669,-0.0511675824175824,-0.1494963369963369,0.5724321423014685,1,0.5724321423014685,False,False,V4-C_rolling
2026-05-27,阪神,日本ハム,2,5,甲子園球場,,https://handenomori.com/jpb/20260527/,2026,-3,0.0,5,1.0,9.664614946900656,0.03686205890930305,0.09355497229512988,0,0.4,0.19999999999999996,4.2,2.3,0.0,2.3,-0.07142857142857145,0.027142857142857135,0.20095238095238094,0.5395451115369145,0,0.5395451115369145,False,True,V4-C_rolling
2026-05-28,DeNA,オリックス,3,1,横浜スタジアム,,https://handenomori.com/jpb/20260528/,2026,2,1.0,5,1.0,-110.48576999837474,-0.01820958646616544,0.35585056390977443,0,-0.39999999999999997,-0.3,-5.0,-2.9000000000000004,-2.3,-0.6000000000000001,-0.25,-0.04586683158111732,0.393733250876108,0.5544765186940489,0,0.5544765186940489,False,False,V4-C_rolling
2026-05-28,ヤクルト,西武,0,8,神宮野球場,,https://handenomori.com/jpb/20260528/,2026,-8,0.0,5,1.0,-91.16219801732655,-0.047793903363058776,-0.5004954246080318,0,-0.19999999999999996,-0.19999999999999996,1.0,-1.1,-0.2999999999999998,-0.8000000000000003,0.0714285714285714,-0.10535353535353531,-0.9063636363636364,0.5790251254977198,1,0.5790251254977198,False,False,V4-C_rolling
2026-05-28,中日,楽天,2,1,ナゴヤドーム,,https://handenomori.com/jpb/20260528/,2026,1,1.0,5,1.0,-32.54575774105774,-0.030303030303030276,0.13636363636363635,0,0.39999999999999997,0.10000000000000003,2.2,1.5,1.0,0.5000000000000004,0.0714285714285714,0.044937205651491396,0.896193092621664,0.5349012001474811,0,0.5349012001474811,False,False,V4-C_rolling
2026-05-28,巨人,ソフトバンク,4,8,東京ドーム,,https://handenomori.com/jpb/20260528/,2026,-4,0.0,5,1.0,-51.6712583703943,-0.1278195488721805,-1.150375939849624,0,-0.6000000000000001,0.0,-6.4,-2.2,-2.7,0.5,0.0714285714285714,-0.08745098039215682,-1.3898039215686273,0.5439412563508791,0,0.5439412563508791,False,True,V4-C_rolling
2026-05-28,広島,ロッテ,3,6,マツダスタジアム,,https://handenomori.com/jpb/20260528/,2026,-3,0.0,5,1.0,-117.42621311440075,0.017408906882591113,0.3539618276460381,0,-0.4,-0.30000000000000004,-1.0,-1.0,-1.2999999999999998,0.30000000000000027,-0.2142857142857143,-0.0511675824175824,-0.1494963369963369,0.5747033963038156,1,0.5747033963038156,False,False,V4-C_rolling
2026-05-28,阪神,日本ハム,2,4,甲子園球場,,https://handenomori.com/jpb/20260528/,2026,-2,0.0,5,1.0,-12.892416277968096,0.03686205890930305,0.09355497229512988,0,0.19999999999999996,0.09999999999999998,3.1999999999999997,1.7000000000000002,-0.20000000000000018,1.9,-0.125,0.027142857142857135,0.20095238095238094,0.540352806095302,0,0.540352806095302,False,True,V4-C_rolling
2026-05-29,オリックス,中日,1,5,京セラドーム大阪,,https://handenomori.com/jpb/20260529/,2026,-4,0.0,5,1.0,145.75282052364923,0.10201640464798362,0.402198678514468,0,-0.19999999999999996,0.0,0.0,0.09999999999999998,-0.2999999999999998,0.40000000000000036,0.0,0.07235819735819737,-0.442987567987568,0.5526026645033376,0,0.5526026645033376,False,True,V4-C_rolling
2026-05-29,ソフトバンク,広島,2,0,PayPayドーム,,https://handenomori.com/jpb/20260529/,2026,2,1.0,5,1.0,143.51062231793435,0.1855986119144014,1.4505494505494505,0,0.4,0.09999999999999998,3.6,2.5,2.7,-0.19999999999999973,0.33333333333333337,0.20986856280973926,2.1801335918982976,0.5874996566816333,1,0.5874996566816333,False,True,V4-C_rolling
2026-05-29,ロッテ,阪神,0,1,ZOZOマリンスタジアム,,https://handenomori.com/jpb/20260529/,2026,-1,0.0,5,1.0,16.7631244620502,-0.20099461251554085,-1.7403942928186609,0,0.4,0.20000000000000007,1.4,0.6,0.7000000000000002,-0.10000000000000009,0.0,-0.10124999999999995,-1.1408333333333334,0.5323996087782615,0,0.5323996087782615,False,True,V4-C_rolling
2026-05-29,日本ハム,巨人,2,4,エスコンF,,https://handenomori.com/jpb/20260529/,2026,-2,0.0,5,1.0,77.3703272140956,0.08894458368142577,0.9927039821776664,0,0.39999999999999997,0.19999999999999996,1.8000000000000003,0.3999999999999999,1.1999999999999997,-0.8000000000000003,-0.09999999999999998,0.0028571428571427804,0.29904761904761906,0.5675629318996914,1,0.5675629318996914,False,False,V4-C_rolling
2026-05-29,楽天,ヤクルト,2,7,楽天モバイル,,https://handenomori.com/jpb/20260529/,2026,-5,0.0,5,1.0,-64.35162891429695,0.05126849894291752,0.2626849894291755,0,-0.2,-0.3,-0.6,-1.2,0.09999999999999964,-1.2999999999999998,0.30000000000000004,-0.07689136260564833,-0.23098330241187381,0.5609247607924148,1,0.5609247607924148,False,False,V4-C_rolling
2026-05-29,西武,DeNA,13,4,メットライフドーム,,https://handenomori.com/jpb/20260529/,2026,9,1.0,5,1.0,125.45051660167451,-0.05697838345864664,-0.6566024436090225,0,0.4,0.39999999999999997,4.2,3.0,2.0,1.0,-0.16666666666666669,0.11081632653061219,0.29040816326530616,0.51629006026948,0,0.51629006026948,False,False,V4-C_rolling
2026-05-30,オリックス,中日,3,1,京セラドーム大阪,,https://handenomori.com/jpb/20260530/,2026,2,1.0,5,1.0,116.19498583971745,0.10201640464798362,0.402198678514468,0,-0.4,0.0,-1.4,0.4,-0.20000000000000018,0.5999999999999996,-0.07142857142857145,0.07235819735819737,-0.442987567987568,0.5596438527547469,1,0.5596438527547469,False,True,V4-C_rolling
2026-05-30,ソフトバンク,広島,4,2,PayPayドーム,,https://handenomori.com/jpb/20260530/,2026,2,1.0,5,1.0,154.05268828514022,0.1855986119144014,1.4505494505494505,0,0.6000000000000001,0.29999999999999993,2.8,3.1,2.6999999999999997,0.3999999999999999,0.3571428571428571,0.20986856280973926,2.1801335918982976,0.5820768836549816,1,0.5820768836549816,False,True,V4-C_rolling
2026-05-30,ロッテ,阪神,3,4,ZOZOマリンスタジアム,,https://handenomori.com/jpb/20260530/,2026,-1,0.0,5,1.0,-6.194747624872889,-0.20099461251554085,-1.7403942928186609,0,0.19999999999999996,0.09999999999999998,1.4,0.3,0.30000000000000027,0.0,-0.07142857142857145,-0.10124999999999995,-1.1408333333333334,0.5369784718418704,0,0.5369784718418704,False,True,V4-C_rolling
2026-05-30,日本ハム,巨人,3,5,エスコンF,,https://handenomori.com/jpb/20260530/,2026,-2,0.0,5,1.0,51.118266010428215,0.08894458368142577,0.9927039821776664,0,0.19999999999999996,0.09999999999999998,2.4,0.0,0.8999999999999999,-0.9000000000000004,-0.16666666666666669,0.0028571428571427804,0.29904761904761906,0.5667128342898035,1,0.5667128342898035,False,False,V4-C_rolling
2026-05-30,楽天,ヤクルト,7,8,楽天モバイル,,https://handenomori.com/jpb/20260530/,2026,-1,0.0,5,1.0,-82.6660214889755,0.05126849894291752,0.2626849894291755,0,-0.2,-0.4,-2.0,-2.1,-0.3999999999999999,-1.7000000000000002,0.16666666666666663,-0.07689136260564833,-0.23098330241187381,0.5640841187300123,1,0.5640841187300123,False,False,V4-C_rolling
2026-05-30,西武,DeNA,6,0,メットライフドーム,,https://handenomori.com/jpb/20260530/,2026,6,1.0,5,1.0,136.8192909829188,-0.05697838345864664,-0.6566024436090225,0,0.6,0.39999999999999997,7.4,4.4,2.8999999999999995,1.5,-0.07142857142857145,0.11081632653061219,0.29040816326530616,0.5190733499893376,0,0.5190733499893376,False,False,V4-C_rolling
2026-05-31,オリックス,中日,7,5,京セラドーム大阪,,https://handenomori.com/jpb/20260531/,2026,2,1.0,5,1.0,128.0022591561128,0.10201640464798362,0.402198678514468,0,-0.20000000000000007,0.09999999999999998,-0.8,0.5000000000000001,-0.10000000000000009,0.6000000000000001,0.0,0.07235819735819737,-0.442987567987568,0.5528798668492722,0,0.5528798668492722,False,False,V4-C_rolling
2026-05-31,ソフトバンク,広島,3,1,PayPayドーム,,https://handenomori.com/jpb/20260531/,2026,2,1.0,5,1.0,164.13041998702943,0.1855986119144014,1.4505494505494505,0,0.8,0.39999999999999997,3.8,3.3,2.7,0.6000000000000001,0.375,0.20986856280973926,2.1801335918982976,0.5797845948250285,1,0.5797845948250285,False,True,V4-C_rolling
2026-05-31,ロッテ,阪神,4,2,ZOZOマリンスタジアム,,https://handenomori.com/jpb/20260531/,2026,2,1.0,5,1.0,-27.849122383510803,-0.20099461251554085,-1.7403942928186609,0,0.19999999999999996,-0.09999999999999998,2.2,-0.09999999999999998,-0.10000000000000009,0.0,-0.125,-0.10124999999999995,-1.1408333333333334,0.5351895934450766,0,0.5351895934450766,False,False,V4-C_rolling
2026-05-31,日本ハム,巨人,3,0,エスコンF,,https://handenomori.com/jpb/20260531/,2026,3,1.0,5,1.0,26.25999033397602,0.08894458368142577,0.9927039821776664,0,0.0,0.09999999999999998,1.2,0.0,0.5,-0.5,-0.2142857142857143,0.0028571428571427804,0.29904761904761906,0.5765698438617791,1,0.5765698438617791,False,True,V4-C_rolling
2026-05-31,楽天,ヤクルト,1,2,楽天モバイル,,https://handenomori.com/jpb/20260531/,2026,-1,0.0,5,1.0,-99.93923131419774,0.05126849894291752,0.2626849894291755,0,-0.4,-0.4,-1.8,-1.6,0.20000000000000018,-1.7999999999999998,0.0714285714285714,-0.07689136260564833,-0.23098330241187381,0.5721898554312739,1,0.5721898554312739,False,False,V4-C_rolling
2026-05-31,西武,DeNA,0,6,メットライフドーム,,https://handenomori.com/jpb/20260531/,2026,-6,0.0,5,1.0,147.66311271758946,-0.05697838345864664,-0.6566024436090225,0,0.8,0.5,9.4,5.6,3.0999999999999996,2.5,0.0,0.11081632653061219,0.29040816326530616,0.5251780013273941,0,0.5251780013273941,False,True,V4-C_rolling
2026-06-02,DeNA,楽天,3,7,横浜スタジアム,,https://handenomori.com/jpb/20260602/,2026,-4,0.0,6,1.0,76.51932138259644,0.0535037878787879,0.8944128787878788,0,0.4,0.30000000000000004,0.6000000000000001,-0.7000000000000002,-0.8999999999999999,0.1999999999999993,0.0714285714285714,0.07142857142857145,0.846938775510204,0.5196766739377822,0,0.5196766739377822,False,True,V4-C_rolling
2026-06-02,ヤクルト,ロッテ,0,5,神宮野球場,,https://handenomori.com/jpb/20260602/,2026,-5,0.0,6,1.0,-2.067352063262433,-0.010199918400652763,-0.22981873287870846,0,0.0,-0.09999999999999998,-1.2000000000000002,0.0,-0.5999999999999996,0.6000000000000001,-0.25,-0.004103535353535359,-0.11553030303030298,0.5330153715130415,0,0.5330153715130415,False,True,V4-C_rolling
2026-06-02,中日,ソフトバンク,0,3,ナゴヤドーム,,https://handenomori.com/jpb/20260602/,2026,-3,0.0,6,1.0,-140.18906523586566,-0.19224196855775805,-1.6352813852813852,0,-0.20000000000000007,-0.30000000000000004,0.0,-2.1,-1.7000000000000002,-0.3999999999999999,-0.33333333333333337,-0.19475867269984914,-1.4809577677224737,0.5348995045365407,0,0.5348995045365407,False,True,V4-C_rolling
2026-06-02,巨人,オリックス,3,2,東京ドーム,,https://handenomori.com/jpb/20260602/,2026,1,1.0,6,1.0,-67.60806798015824,-0.03759398496240607,0.08270676691729323,0,0.0,-0.3,0.0,-2.7,-1.1999999999999997,-1.5000000000000004,-0.5,0.03494949494949495,0.5341414141414141,0.565991701003089,1,0.565991701003089,False,True,V4-C_rolling
2026-06-03,DeNA,楽天,0,2,横浜スタジアム,,https://handenomori.com/jpb/20260603/,2026,-2,0.0,6,1.0,50.31149466972374,0.0535037878787879,0.8944128787878788,0,0.2,0.09999999999999998,-1.4000000000000001,-1.8000000000000003,-1.4,-0.39999999999999947,0.0,0.07142857142857145,0.846938775510204,0.5184291207747932,0,0.5184291207747932,False,True,V4-C_rolling
2026-06-03,ヤクルト,ロッテ,1,0,神宮野球場,,https://handenomori.com/jpb/20260603/,2026,1,1.0,6,1.0,-23.95745038616019,-0.010199918400652763,-0.22981873287870846,0,0.0,-0.19999999999999996,-2.8,-1.2,-1.2999999999999998,0.10000000000000009,-0.3,-0.004103535353535359,-0.11553030303030298,0.5233130966004499,0,0.5233130966004499,False,False,V4-C_rolling
2026-06-03,巨人,オリックス,5,4,東京ドーム,,https://handenomori.com/jpb/20260603/,2026,1,1.0,6,1.0,-45.73648873807588,-0.03759398496240607,0.08270676691729323,0,0.19999999999999996,-0.09999999999999998,0.19999999999999996,-1.7999999999999998,-0.3999999999999999,-1.4,-0.35714285714285715,0.03494949494949495,0.5341414141414141,0.565411320672517,1,0.565411320672517,False,True,V4-C_rolling
2026-06-03,広島,日本ハム,3,1,マツダスタジアム,,https://handenomori.com/jpb/20260603/,2026,2,1.0,6,1.0,-148.00156304460506,-0.14672364672364668,-1.2928774928774929,0,-0.6,-0.2,-2.8,0.10000000000000009,-0.6999999999999997,0.8000000000000003,0.0,-0.12527472527472522,-1.0893772893772893,0.5607580520413004,1,0.5607580520413004,False,True,V4-C_rolling
2026-06-03,阪神,西武,2,3,甲子園球場,,https://handenomori.com/jpb/20260603/,2026,-1,0.0,6,1.0,-67.96795667183483,0.16340062755313484,1.4697176010893376,0,-0.4,-0.09999999999999998,-4.6,-1.5999999999999999,-0.7000000000000002,-0.8999999999999999,0.0,0.0,0.35,0.6048912010184359,1,0.6048912010184359,False,False,V4-C_rolling
2026-06-04,DeNA,楽天,8,7,横浜スタジアム,,https://handenomori.com/jpb/20260604/,2026,1,1.0,6,1.0,25.496944692301895,0.0535037878787879,0.8944128787878788,0,-0.2,0.0,-2.8,-2.1,-1.6,-0.5,-0.05555555555555558,0.07142857142857145,0.846938775510204,0.5306537095776992,0,0.5306537095776992,False,False,V4-C_rolling
2026-06-04,ヤクルト,ロッテ,2,5,神宮野球場,,https://handenomori.com/jpb/20260604/,2026,-3,0.0,6,1.0,-4.592896686349377,-0.010199918400652763,-0.22981873287870846,0,0.4,0.0,-0.20000000000000007,-0.7000000000000001,-1.0,0.2999999999999998,-0.16666666666666669,-0.004103535353535359,-0.11553030303030298,0.5237917655008607,0,0.5237917655008607,False,True,V4-C_rolling
2026-06-04,中日,ソフトバンク,1,2,ナゴヤドーム,,https://handenomori.com/jpb/20260604/,2026,-1,0.0,6,1.0,-154.3123661514287,-0.19224196855775805,-1.6352813852813852,0,-0.6,-0.4,-3.0,-3.1,-2.4000000000000004,-0.6999999999999997,-0.35714285714285715,-0.19475867269984914,-1.4809577677224737,0.5437993132748107,0,0.5437993132748107,False,True,V4-C_rolling
2026-06-04,巨人,オリックス,2,1,東京ドーム,,https://handenomori.com/jpb/20260604/,2026,1,1.0,6,1.0,-25.118643420912576,-0.03759398496240607,0.08270676691729323,0,0.4,0.09999999999999998,1.0,-0.9,-0.19999999999999973,-0.7000000000000002,-0.25,0.03494949494949495,0.5341414141414141,0.5683699127303682,1,0.5683699127303682,False,True,V4-C_rolling
2026-06-04,阪神,西武,2,4,甲子園球場,,https://handenomori.com/jpb/20260604/,2026,-2,0.0,6,1.0,-86.07584398703989,0.16340062755313484,1.4697176010893376,0,-0.4,-0.19999999999999996,-4.2,-1.8,-1.3000000000000003,-0.5,-0.07142857142857145,0.0,0.35,0.6034845664447188,1,0.6034845664447188,False,False,V4-C_rolling
2026-06-05,DeNA,ソフトバンク,8,3,横浜スタジアム,,https://handenomori.com/jpb/20260605/,2026,5,1.0,6,1.0,-111.1708702091978,-0.10843515037593987,-0.8772321428571428,0,-0.6,-0.5,-3.0,-4.6,-2.1000000000000005,-2.5,-0.33333333333333337,-0.1682673069227691,-1.5302120848339336,0.516478357304957,0,0.516478357304957,False,False,V4-C_rolling
2026-06-05,ヤクルト,日本ハム,1,3,神宮野球場,,https://handenomori.com/jpb/20260605/,2026,-2,0.0,6,1.0,-13.672449160402493,-0.17433247200689056,-1.8766580534022395,-1,0.19999999999999996,0.09999999999999998,-0.8,1.1,-0.19999999999999973,1.3000000000000003,-0.16666666666666669,-0.07821067821067818,-1.0554112554112554,0.513994133259462,0,0.513994133259462,False,True,V4-C_rolling
2026-06-05,中日,西武,1,0,ナゴヤドーム,,https://handenomori.com/jpb/20260605/,2026,1,1.0,6,1.0,-209.3812106231078,-0.026828434723171535,-0.1014467988152199,0,-0.6000000000000001,-0.4,-3.2,-2.2,-1.7000000000000002,-0.5,-0.3,-0.13730769230769224,-0.24115384615384616,0.6032834226190107,1,0.6032834226190107,False,True,V4-C_rolling
2026-06-05,巨人,ロッテ,8,2,東京ドーム,,https://handenomori.com/jpb/20260605/,2026,6,1.0,6,1.0,-11.333247897034653,0.07518796992481203,0.6541353383458646,0,0.20000000000000007,0.0,-1.2000000000000002,-1.4,-0.20000000000000018,-1.1999999999999997,-0.16666666666666669,0.07125000000000004,0.6408333333333334,0.5550018286438044,1,0.5550018286438044,False,True,V4-C_rolling
2026-06-05,阪神,楽天,8,1,甲子園球場,,https://handenomori.com/jpb/20260605/,2026,7,1.0,6,1.0,91.74260902122614,0.1599260319732761,1.7075280362681937,0,0.0,0.10000000000000003,-1.2,0.0,-1.3000000000000003,1.2999999999999998,-0.5,0.18224489795918364,1.4873469387755103,0.5440014227048751,0,0.5440014227048751,False,False,V4-C_rolling
2026-06-06,DeNA,ソフトバンク,3,6,横浜スタジアム,,https://handenomori.com/jpb/20260606/,2026,-3,0.0,6,1.0,-86.85504859443517,-0.10843515037593987,-0.8772321428571428,0,-0.20000000000000007,-0.4,0.6,-2.7,-0.5999999999999996,-2.0999999999999996,-0.2142857142857143,-0.1682673069227691,-1.5302120848339336,0.5153935467504767,0,0.5153935467504767,False,True,V4-C_rolling
2026-06-06,ヤクルト,日本ハム,0,2,神宮野球場,,https://handenomori.com/jpb/20260606/,2026,-2,0.0,6,1.0,-34.89862191030602,-0.17433247200689056,-1.8766580534022395,0,0.0,-0.09999999999999998,-1.4000000000000001,-0.8999999999999999,-1.0,0.10000000000000009,-0.2142857142857143,-0.07821067821067818,-1.0554112554112554,0.515997294405297,0,0.515997294405297,False,True,V4-C_rolling
2026-06-06,中日,西武,2,5,ナゴヤドーム,,https://handenomori.com/jpb/20260606/,2026,-3,0.0,6,1.0,-180.10886002431403,-0.026828434723171535,-0.1014467988152199,0,-0.39999999999999997,-0.30000000000000004,-1.7999999999999998,-2.1999999999999997,-1.8000000000000003,-0.3999999999999999,-0.16666666666666669,-0.13730769230769224,-0.24115384615384616,0.5969054784421806,1,0.5969054784421806,False,False,V4-C_rolling
2026-06-06,広島,オリックス,7,4,マツダスタジアム,,https://handenomori.com/jpb/20260606/,2026,3,1.0,6,1.0,-128.73715904748656,-0.09537304800462698,-0.21746674378253328,1,-0.2,-0.10000000000000003,-1.5999999999999999,-1.3,-0.7999999999999998,-0.5,0.0,-0.08746808746808749,-0.25618825618825614,0.5823135513377256,1,0.5823135513377256,False,True,V4-C_rolling
2026-06-06,阪神,楽天,1,0,甲子園球場,,https://handenomori.com/jpb/20260606/,2026,1,1.0,6,1.0,104.75400509619885,0.1599260319732761,1.7075280362681937,0,0.0,0.2,1.2,1.4000000000000001,-0.10000000000000009,1.4999999999999996,-0.33333333333333337,0.18224489795918364,1.4873469387755103,0.5480600460391204,0,0.5480600460391204,False,False,V4-C_rolling
2026-06-07,DeNA,ソフトバンク,2,4,横浜スタジアム,,https://handenomori.com/jpb/20260607/,2026,-2,0.0,6,1.0,-103.89200087187555,-0.10843515037593987,-0.8772321428571428,0,-0.4,-0.4,-1.4,-2.6,-0.2999999999999998,-2.3,-0.25,-0.1682673069227691,-1.5302120848339336,0.5200041282701299,0,0.5200041282701299,False,True,V4-C_rolling
2026-06-07,ヤクルト,日本ハム,1,7,神宮野球場,,https://handenomori.com/jpb/20260607/,2026,-6,0.0,6,1.0,-54.904457702092486,-0.17433247200689056,-1.8766580534022395,0,-0.39999999999999997,-0.19999999999999996,-2.8000000000000003,-2.2,-1.0999999999999996,-1.1,-0.25,-0.07821067821067818,-1.0554112554112554,0.5289938859097474,0,0.5289938859097474,False,True,V4-C_rolling
2026-06-07,中日,西武,1,4,ナゴヤドーム,,https://handenomori.com/jpb/20260607/,2026,-3,0.0,6,1.0,-192.2097672436205,-0.026828434723171535,-0.1014467988152199,0,-0.39999999999999997,-0.30000000000000004,-1.4000000000000001,-2.3,-2.0,-0.2999999999999998,-0.2142857142857143,-0.13730769230769224,-0.24115384615384616,0.5988499420929833,1,0.5988499420929833,False,False,V4-C_rolling
2026-06-07,広島,オリックス,5,2,マツダスタジアム,,https://handenomori.com/jpb/20260607/,2026,3,1.0,6,1.0,-103.46843607212918,-0.09537304800462698,-0.21746674378253328,0,0.2,0.0,0.6000000000000001,-0.4,-0.3999999999999999,0.0,0.0714285714285714,-0.08746808746808749,-0.25618825618825614,0.5690167320260917,1,0.5690167320260917,False,True,V4-C_rolling
2026-06-09,オリックス,ヤクルト,4,3,京セラドーム大阪,,https://handenomori.com/jpb/20260609/,2026,1,1.0,6,1.0,26.156686909036353,0.12298187328787086,0.8012473043072799,0,-0.2,-0.10000000000000003,0.5999999999999999,1.0,0.7999999999999998,0.20000000000000018,0.0,0.04040404040404044,0.2222222222222222,0.5713566260110828,1,0.5713566260110828,False,True,V4-C_rolling
2026-06-09,ソフトバンク,阪神,10,4,PayPayドーム,,https://handenomori.com/jpb/20260609/,2026,6,1.0,6,1.0,53.193753590579945,0.0020129062814516763,0.06411698537682775,-1,0.4,0.4,0.20000000000000007,1.4,1.2000000000000002,0.19999999999999973,0.16666666666666663,0.0574509803921569,0.8898039215686274,0.5696538092222786,1,0.5696538092222786,False,True,V4-C_rolling
2026-06-09,ロッテ,中日,3,1,ZOZOマリンスタジアム,,https://handenomori.com/jpb/20260609/,2026,2,1.0,6,1.0,115.54892771603159,-0.010765550239234478,-0.1692298929141034,2,0.39999999999999997,0.19999999999999996,2.4,1.0,0.7999999999999998,0.19999999999999973,-0.16666666666666669,0.03605769230769229,-0.5496794871794872,0.5673153671624774,1,0.5673153671624774,False,True,V4-C_rolling
2026-06-09,日本ハム,DeNA,4,1,エスコンF,,https://handenomori.com/jpb/20260609/,2026,3,1.0,6,1.0,92.94341364160209,0.06956018518518514,0.7195601851851852,0,0.4,0.29999999999999993,2.4000000000000004,2.8,-0.30000000000000027,3.1000000000000005,-0.16666666666666669,0.08367346938775505,0.4394557823129252,0.5607053548558619,1,0.5607053548558619,False,True,V4-C_rolling
2026-06-09,楽天,巨人,2,8,楽天モバイル,,https://handenomori.com/jpb/20260609/,2026,-6,0.0,6,1.0,-123.8856417126151,-0.03411938938254727,-0.6212690817953976,-1,-0.4,-0.49999999999999994,-1.7999999999999998,-2.1,-0.8999999999999999,-1.1999999999999997,0.16666666666666663,-0.15224489795918372,-0.9873469387755102,0.545338232602882,0,0.545338232602882,False,True,V4-C_rolling
2026-06-09,西武,広島,4,3,メットライフドーム,,https://handenomori.com/jpb/20260609/,2026,1,1.0,6,1.0,188.66534286208116,0.0201850780798149,-0.08328513591671483,0,0.20000000000000007,0.4,0.8,2.8000000000000003,1.4,1.4,-0.33333333333333337,0.15241758241758235,0.9403296703296703,0.5463913338538771,0,0.5463913338538771,False,False,V4-C_rolling
2026-06-10,オリックス,ヤクルト,8,4,京セラドーム大阪,,https://handenomori.com/jpb/20260610/,2026,4,1.0,6,1.0,42.67213945596973,0.12298187328787086,0.8012473043072799,0,0.2,-0.10000000000000003,1.4,0.10000000000000009,0.3999999999999999,-0.2999999999999998,0.0714285714285714,0.04040404040404044,0.2222222222222222,0.559355415852866,1,0.559355415852866,False,True,V4-C_rolling
2026-06-10,ソフトバンク,阪神,6,2,PayPayドーム,,https://handenomori.com/jpb/20260610/,2026,4,1.0,6,1.0,68.22321733649096,0.0020129062814516763,0.06411698537682775,0,0.4,0.5,1.5999999999999999,2.6,1.7000000000000002,0.8999999999999999,0.2142857142857143,0.0574509803921569,0.8898039215686274,0.5652842496874353,1,0.5652842496874353,False,True,V4-C_rolling
2026-06-10,ロッテ,中日,4,11,ZOZOマリンスタジアム,,https://handenomori.com/jpb/20260610/,2026,-7,0.0,6,1.0,127.38717411508674,-0.010765550239234478,-0.1692298929141034,0,0.39999999999999997,0.3,2.2,1.7,1.4,0.2999999999999998,-0.07142857142857145,0.03605769230769229,-0.5496794871794872,0.5583987683344085,1,0.5583987683344085,False,False,V4-C_rolling
2026-06-10,日本ハム,DeNA,4,2,エスコンF,,https://handenomori.com/jpb/20260610/,2026,2,1.0,6,1.0,105.89419941206097,0.06956018518518514,0.7195601851851852,0,0.4,0.39999999999999997,2.6,3.2,-0.10000000000000009,3.3000000000000003,-0.07142857142857145,0.08367346938775505,0.4394557823129252,0.5617187054136449,1,0.5617187054136449,False,True,V4-C_rolling
2026-06-10,楽天,巨人,0,7,楽天モバイル,,https://handenomori.com/jpb/20260610/,2026,-7,0.0,6,1.0,-138.87775572792248,-0.03411938938254727,-0.6212690817953976,0,-0.8,-0.6000000000000001,-5.6,-3.3,-1.4000000000000004,-1.9000000000000004,0.0714285714285714,-0.15224489795918372,-0.9873469387755102,0.5493877523654164,0,0.5493877523654164,False,True,V4-C_rolling
2026-06-10,西武,広島,5,4,メットライフドーム,,https://handenomori.com/jpb/20260610/,2026,1,1.0,6,1.0,197.3162495472793,0.0201850780798149,-0.08328513591671483,0,0.20000000000000007,0.5,0.6000000000000001,3.1,1.8000000000000003,1.2999999999999998,-0.2142857142857143,0.15241758241758235,0.9403296703296703,0.5439633602995462,0,0.5439633602995462,False,False,V4-C_rolling
2026-06-11,オリックス,ヤクルト,4,2,京セラドーム大阪,,https://handenomori.com/jpb/20260611/,2026,2,1.0,6,1.0,58.27399932119238,0.12298187328787086,0.8012473043072799,0,0.4,0.10000000000000003,2.6,1.6,1.4,0.20000000000000018,0.125,0.04040404040404044,0.2222222222222222,0.5585719181903289,1,0.5585719181903289,False,True,V4-C_rolling
2026-06-11,ソフトバンク,阪神,3,2,PayPayドーム,,https://handenomori.com/jpb/20260611/,2026,1,1.0,6,1.0,82.4500822265004,0.0020129062814516763,0.06411698537682775,0,0.4,0.5,2.8,2.7,1.5,1.2000000000000002,0.25,0.0574509803921569,0.8898039215686274,0.5612429077194544,1,0.5612429077194544,False,True,V4-C_rolling
2026-06-11,ロッテ,中日,3,2,ZOZOマリンスタジアム,,https://handenomori.com/jpb/20260611/,2026,1,1.0,6,1.0,98.66544733491833,-0.010765550239234478,-0.1692298929141034,0,0.0,0.2,-1.8,0.30000000000000004,0.40000000000000036,-0.09999999999999964,-0.125,0.03605769230769229,-0.5496794871794872,0.573112295878654,1,0.573112295878654,False,True,V4-C_rolling
2026-06-11,日本ハム,DeNA,3,0,エスコンF,,https://handenomori.com/jpb/20260611/,2026,3,1.0,6,1.0,118.20085228633843,0.06956018518518514,0.7195601851851852,0,0.8,0.39999999999999997,4.0,2.4,0.0,2.4,0.0,0.08367346938775505,0.4394557823129252,0.5547521247270253,0,0.5547521247270253,False,False,V4-C_rolling
2026-06-11,楽天,巨人,8,2,楽天モバイル,,https://handenomori.com/jpb/20260611/,2026,6,1.0,6,1.0,-153.07010062739687,-0.03411938938254727,-0.6212690817953976,0,-1.0,-0.6000000000000001,-8.600000000000001,-4.199999999999999,-1.6999999999999997,-2.5,0.0,-0.15224489795918372,-0.9873469387755102,0.5531264444276236,0,0.5531264444276236,False,False,V4-C_rolling
2026-06-11,西武,広島,4,1,メットライフドーム,,https://handenomori.com/jpb/20260611/,2026,3,1.0,6,1.0,205.6342958120399,0.0201850780798149,-0.08328513591671483,0,0.20000000000000007,0.5,0.19999999999999996,2.3,1.2000000000000002,1.1,-0.125,0.15241758241758235,0.9403296703296703,0.5452027207684392,0,0.5452027207684392,False,False,V4-C_rolling
2026-06-12,オリックス,阪神,2,1,京セラドーム大阪,,https://handenomori.com/jpb/20260612/,2026,1,1.0,6,1.0,23.36403691331043,-0.08821265762832275,-1.1689657213900895,0,0.19999999999999996,0.09999999999999998,0.8,0.8,1.1,-0.30000000000000027,-0.09999999999999998,-0.06494949494949487,-1.034141414141414,0.5199935279534337,0,0.5199935279534337,False,False,V4-C_rolling
2026-06-12,ソフトバンク,ヤクルト,2,4,PayPayドーム,,https://handenomori.com/jpb/20260612/,2026,-2,0.0,6,1.0,145.60146021688274,0.2132074371976453,2.0343300110741973,0,1.0,0.7,6.2,4.199999999999999,2.8000000000000003,1.4,0.0,0.1628045157456922,2.1461675579322637,0.5923301766605065,1,0.5923301766605065,False,False,V4-C_rolling
2026-06-12,ロッテ,DeNA,3,2,ZOZOマリンスタジアム,,https://handenomori.com/jpb/20260612/,2026,1,1.0,6,1.0,82.62086618386638,-0.09457236842105265,-0.9272791353383458,0,0.6,0.2,1.2000000000000002,0.39999999999999997,-0.3999999999999999,0.7999999999999998,-0.09999999999999998,0.009566326530612235,-0.5004251700680272,0.5278229575716734,0,0.5278229575716734,False,False,V4-C_rolling
2026-06-12,日本ハム,中日,3,1,エスコンF,,https://handenomori.com/jpb/20260612/,2026,2,1.0,6,1.0,158.62085203647052,0.15336700336700332,1.4776094276094276,0,0.8,0.49999999999999994,3.6,2.4,0.7000000000000002,1.7,0.16666666666666663,0.1101648351648351,0.3902014652014652,0.5762384996823305,1,0.5762384996823305,False,True,V4-C_rolling
2026-06-12,楽天,広島,2,1,楽天モバイル,,https://handenomori.com/jpb/20260612/,2026,1,1.0,6,1.0,-4.926816160287444,0.02365967365967364,-0.3210955710955711,0,-0.2,0.0,-3.2,-0.6,0.6000000000000001,-1.2000000000000002,-0.16666666666666669,-0.029827315541601285,-0.1970172684458399,0.5607029631350302,1,0.5607029631350302,False,True,V4-C_rolling
2026-06-12,西武,巨人,3,0,メットライフドーム,,https://handenomori.com/jpb/20260612/,2026,3,1.0,6,1.0,92.04456958401443,-0.03759398496240601,-0.38345864661654133,0,0.19999999999999996,0.0,-0.5999999999999996,-0.3999999999999999,-0.9000000000000004,0.5,-0.16666666666666669,0.029999999999999916,0.15000000000000002,0.5269197881609325,0,0.5269197881609325,False,False,V4-C_rolling
2026-06-13,オリックス,阪神,3,6,京セラドーム大阪,,https://handenomori.com/jpb/20260613/,2026,-3,0.0,6,1.0,40.035582717926445,-0.08821265762832275,-1.1689657213900895,0,0.6000000000000001,0.2,3.2,0.9,1.0,-0.10000000000000009,0.0,-0.06494949494949487,-1.034141414141414,0.5137444070559547,0,0.5137444070559547,False,True,V4-C_rolling
2026-06-13,ソフトバンク,ヤクルト,8,1,PayPayドーム,,https://handenomori.com/jpb/20260613/,2026,7,1.0,6,1.0,116.05035005287732,0.2132074371976453,2.0343300110741973,0,0.6000000000000001,0.6000000000000001,4.4,3.7,2.4000000000000004,1.2999999999999998,-0.07142857142857145,0.1628045157456922,2.1461675579322637,0.604682665022773,1,0.604682665022773,False,True,V4-C_rolling
2026-06-13,ロッテ,DeNA,6,16,ZOZOマリンスタジアム,,https://handenomori.com/jpb/20260613/,2026,-10,0.0,6,1.0,96.09739810249403,-0.09457236842105265,-0.9272791353383458,0,0.6,0.39999999999999997,0.40000000000000013,1.2999999999999998,0.30000000000000027,1.0,0.0,0.009566326530612235,-0.5004251700680272,0.5377197748561735,0,0.5377197748561735,False,True,V4-C_rolling
2026-06-13,日本ハム,中日,4,3,エスコンF,,https://handenomori.com/jpb/20260613/,2026,1,1.0,6,1.0,168.5016382205547,0.15336700336700332,1.4776094276094276,0,0.8,0.6000000000000001,3.4000000000000004,2.8,0.7999999999999998,2.0,0.2142857142857143,0.1101648351648351,0.3902014652014652,0.5722751099238392,1,0.5722751099238392,False,True,V4-C_rolling
2026-06-13,楽天,広島,0,2,楽天モバイル,,https://handenomori.com/jpb/20260613/,2026,-2,0.0,6,1.0,13.346342688598497,0.02365967365967364,-0.3210955710955711,0,0.2,0.10000000000000003,-0.7999999999999999,-0.6,0.2999999999999998,-0.8999999999999999,-0.07142857142857145,-0.029827315541601285,-0.1970172684458399,0.5510795549056441,0,0.5510795549056441,False,True,V4-C_rolling
2026-06-13,西武,巨人,1,2,メットライフドーム,,https://handenomori.com/jpb/20260613/,2026,-1,0.0,6,1.0,105.04071044628745,-0.03759398496240601,-0.38345864661654133,0,0.4,0.10000000000000009,0.20000000000000018,-0.19999999999999996,-0.7999999999999998,0.5999999999999996,-0.07142857142857145,0.029999999999999916,0.15000000000000002,0.5228633141371095,0,0.5228633141371095,False,True,V4-C_rolling
2026-06-14,オリックス,阪神,3,2,京セラドーム大阪,,https://handenomori.com/jpb/20260614/,2026,1,1.0,6,1.0,15.78211406287528,-0.08821265762832275,-1.1689657213900895,0,0.6000000000000001,0.10000000000000003,2.8,0.19999999999999996,0.3999999999999999,-0.19999999999999973,-0.07142857142857145,-0.06494949494949487,-1.034141414141414,0.5132286520145506,0,0.5132286520145506,False,False,V4-C_rolling
2026-06-14,ソフトバンク,ヤクルト,0,4,PayPayドーム,,https://handenomori.com/jpb/20260614/,2026,-4,0.0,6,1.0,127.86455335288224,0.2132074371976453,2.0343300110741973,0,0.6000000000000001,0.6000000000000001,5.6,4.4,2.8000000000000003,1.5999999999999996,0.0,0.1628045157456922,2.1461675579322637,0.5961576234214414,1,0.5961576234214414,False,False,V4-C_rolling
2026-06-14,ロッテ,DeNA,6,4,ZOZOマリンスタジアム,,https://handenomori.com/jpb/20260614/,2026,2,1.0,6,1.0,68.88969207740274,-0.09457236842105265,-0.9272791353383458,0,0.39999999999999997,0.3,-2.8000000000000003,-1.0,-0.7000000000000002,-0.2999999999999998,-0.07142857142857145,0.009566326530612235,-0.5004251700680272,0.5370967197905695,0,0.5370967197905695,False,False,V4-C_rolling
2026-06-14,日本ハム,中日,5,9,エスコンF,,https://handenomori.com/jpb/20260614/,2026,-4,0.0,6,1.0,177.96536073510038,0.15336700336700332,1.4776094276094276,0,0.8,0.7,2.0,3.0,1.1,1.9000000000000001,0.25,0.1101648351648351,0.3902014652014652,0.5701309567747723,1,0.5701309567747723,False,False,V4-C_rolling
2026-06-14,楽天,広島,0,3,楽天モバイル,,https://handenomori.com/jpb/20260614/,2026,-3,0.0,6,1.0,-9.418871645869103,0.02365967365967364,-0.3210955710955711,0,0.2,0.0,-0.8,-1.1,0.0,-1.1,-0.125,-0.029827315541601285,-0.1970172684458399,0.5588644183620934,1,0.5588644183620934,False,False,V4-C_rolling
2026-06-14,西武,巨人,1,0,メットライフドーム,,https://handenomori.com/jpb/20260614/,2026,1,1.0,6,1.0,77.38926377406051,-0.03759398496240601,-0.38345864661654133,0,0.20000000000000007,0.10000000000000009,0.3999999999999999,0.3999999999999999,-0.40000000000000036,0.8,-0.125,0.029999999999999916,0.15000000000000002,0.5297269020227782,0,0.5297269020227782,False,False,V4-C_rolling
2026-06-17,阪神,楽天,10,3,甲子園球場,,https://handenomori.com/jpb/20260617/,2026,7,1.0,6,1.0,105.28802573791836,0.1599260319732761,1.7075280362681937,0,-0.2,0.0,0.19999999999999996,1.3,0.7999999999999998,0.5,-0.2142857142857143,0.18224489795918364,1.4873469387755103,0.5473625667789941,0,0.5473625667789941,False,False,V4-C_rolling
2026-06-19,DeNA,阪神,3,11,横浜スタジアム,,https://handenomori.com/jpb/20260619/,2026,-8,0.0,6,1.0,-65.53801616746728,-0.1064222440944882,-0.813115157480315,3,-0.2,-0.10000000000000003,-0.9999999999999999,-0.3,0.7999999999999998,-1.0999999999999996,0.09999999999999998,-0.11081632653061219,-0.6404081632653061,0.5438528844158425,0,0.5438528844158425,False,True,V4-C_rolling
2026-06-19,オリックス,西武,6,5,京セラドーム大阪,,https://handenomori.com/jpb/20260619/,2026,1,1.0,6,1.0,-92.92738503447163,0.07518796992481208,0.3007518796992481,0,0.0,-0.30000000000000004,-0.3999999999999999,-1.7,0.3999999999999999,-2.1,0.09999999999999998,-0.06494949494949487,-0.6841414141414142,0.5742905228527108,1,0.5742905228527108,False,True,V4-C_rolling
2026-06-19,ヤクルト,広島,9,2,神宮野球場,,https://handenomori.com/jpb/20260619/,2026,7,1.0,6,1.0,52.7313511623729,-0.027608825283243876,-0.5837805605247466,0,0.0,-0.3,-1.4,-2.6,-0.7999999999999998,-1.7999999999999998,0.30000000000000004,0.04706404706404704,0.033966033966033926,0.5325287533176655,0,0.5325287533176655,False,False,V4-C_rolling
2026-06-19,ロッテ,楽天,8,5,ZOZOマリンスタジアム,,https://handenomori.com/jpb/20260619/,2026,3,1.0,6,1.0,135.1678210999669,-0.041068580542264754,-0.03286625655046704,3,0.19999999999999996,0.39999999999999997,-1.6,1.7000000000000002,1.4000000000000004,0.2999999999999998,0.09999999999999998,0.08099489795918369,0.3465136054421768,0.5449046233031533,0,0.5449046233031533,False,False,V4-C_rolling
2026-06-19,巨人,中日,2,3,東京ドーム,,https://handenomori.com/jpb/20260619/,2026,-1,0.0,6,1.0,116.7289563530453,0.06442241968557755,0.48490544543176123,0,0.0,0.39999999999999997,-1.7999999999999998,1.4000000000000001,0.5,0.8999999999999999,0.19999999999999996,0.10730769230769233,0.09115384615384614,0.5766498229928034,1,0.5766498229928034,False,False,V4-C_rolling
2026-06-19,日本ハム,ソフトバンク,4,3,エスコンF,,https://handenomori.com/jpb/20260619/,2026,1,1.0,6,1.0,-12.46982153112981,-0.03887496519075473,-0.15767195767195763,0,0.20000000000000007,0.10000000000000009,-0.3999999999999999,0.19999999999999996,-0.8000000000000003,1.0,-0.3,-0.08459383753501404,-1.0907563025210083,0.5454508448401346,0,0.5454508448401346,False,False,V4-C_rolling
2026-06-20,オリックス,西武,0,4,京セラドーム大阪,,https://handenomori.com/jpb/20260620/,2026,-4,0.0,6,1.0,-69.62337547022389,0.07518796992481208,0.3007518796992481,0,0.20000000000000007,-0.09999999999999998,-0.6,-1.2,0.5,-1.7000000000000002,0.19999999999999996,-0.06494949494949487,-0.6841414141414142,0.5696052341389447,1,0.5696052341389447,False,False,V4-C_rolling
2026-06-20,ヤクルト,広島,6,8,神宮野球場,,https://handenomori.com/jpb/20260620/,2026,-2,0.0,6,1.0,67.78579710264603,-0.027608825283243876,-0.5837805605247466,0,0.19999999999999996,-0.2,2.0,-1.1,-0.20000000000000018,-0.8999999999999999,0.30000000000000004,0.04706404706404704,0.033966033966033926,0.5417863763643075,0,0.5417863763643075,False,True,V4-C_rolling
2026-06-20,巨人,中日,1,0,東京ドーム,,https://handenomori.com/jpb/20260620/,2026,1,1.0,6,1.0,88.51066583442616,0.06442241968557755,0.48490544543176123,0,-0.2,0.19999999999999996,-2.2,1.0,0.20000000000000018,0.7999999999999998,0.09999999999999998,0.10730769230769233,0.09115384615384614,0.5813943079728534,1,0.5813943079728534,False,True,V4-C_rolling
2026-06-20,日本ハム,ソフトバンク,7,10,エスコンF,,https://handenomori.com/jpb/20260620/,2026,-3,0.0,6,1.0,6.23505202988531,-0.03887496519075473,-0.15767195767195763,0,0.4,0.30000000000000004,0.39999999999999997,0.7,-0.6000000000000001,1.2999999999999998,-0.3,-0.08459383753501404,-1.0907563025210083,0.5464132823530454,0,0.5464132823530454,False,True,V4-C_rolling
2026-06-21,DeNA,阪神,1,2,横浜スタジアム,,https://handenomori.com/jpb/20260621/,2026,-1,0.0,6,1.0,-83.78461967889302,-0.1064222440944882,-0.813115157480315,0,-0.39999999999999997,-0.3,-4.0,-2.2,-0.6000000000000005,-1.6,0.09999999999999998,-0.11081632653061219,-0.6404081632653061,0.5289549256940903,0,0.5289549256940903,False,True,V4-C_rolling
2026-06-21,オリックス,西武,3,5,京セラドーム大阪,,https://handenomori.com/jpb/20260621/,2026,-2,0.0,6,1.0,-87.63686538361435,0.07518796992481208,0.3007518796992481,0,0.0,-0.20000000000000007,-2.0,-2.0,0.0,-2.0,0.19999999999999996,-0.06494949494949487,-0.6841414141414142,0.5669980014760414,1,0.5669980014760414,False,False,V4-C_rolling
2026-06-21,ヤクルト,広島,1,2,神宮野球場,,https://handenomori.com/jpb/20260621/,2026,-1,0.0,6,1.0,42.03575224406313,-0.027608825283243876,-0.5837805605247466,0,0.0,-0.2,1.0,-1.1,-0.20000000000000018,-0.8999999999999999,0.19999999999999996,0.04706404706404704,0.033966033966033926,0.5502632558295021,0,0.5502632558295021,False,True,V4-C_rolling
2026-06-21,ロッテ,楽天,7,4,ZOZOマリンスタジアム,,https://handenomori.com/jpb/20260621/,2026,3,1.0,6,1.0,146.08694754706426,-0.041068580542264754,-0.03286625655046704,0,0.6000000000000001,0.39999999999999997,2.1999999999999997,1.7,1.9,-0.20000000000000018,0.09999999999999998,0.08099489795918369,0.3465136054421768,0.5304199205452774,0,0.5304199205452774,False,False,V4-C_rolling
2026-06-21,巨人,中日,3,5,東京ドーム,,https://handenomori.com/jpb/20260621/,2026,-2,0.0,6,1.0,101.6859189647721,0.06442241968557755,0.48490544543176123,0,0.0,0.3,-0.8,1.2000000000000002,-0.09999999999999964,1.2999999999999998,0.09999999999999998,0.10730769230769233,0.09115384615384614,0.5783602604606554,1,0.5783602604606554,False,False,V4-C_rolling
2026-06-21,日本ハム,ソフトバンク,0,8,エスコンF,,https://handenomori.com/jpb/20260621/,2026,-8,0.0,6,1.0,-16.127545673717805,-0.03887496519075473,-0.15767195767195763,0,0.19999999999999996,0.10000000000000009,-1.2,-0.5999999999999999,-0.9000000000000004,0.2999999999999998,-0.3,-0.08459383753501404,-1.0907563025210083,0.5361244556600248,0,0.5361244556600248,False,True,V4-C_rolling
2026-06-23,ソフトバンク,オリックス,0,5,PayPayドーム,,https://handenomori.com/jpb/20260623/,2026,-5,0.0,6,1.0,62.79593086612613,0.09022556390977443,1.2330827067669172,0,0.19999999999999996,0.09999999999999998,4.0,2.6,1.9000000000000004,0.7000000000000002,-0.2,0.12240047534165177,1.9239453357100416,0.5965635512907219,1,0.5965635512907219,False,False,V4-C_rolling
2026-06-23,中日,DeNA,5,2,岐阜,,https://handenomori.com/jpb/20260623/,2026,3,1.0,6,1.0,16.304361265064017,-0.08380681818181818,-0.7580492424242424,0,0.39999999999999997,0.30000000000000004,1.4,1.9,0.20000000000000018,1.7000000000000002,-0.3,-0.026491365777080056,0.04925431711145997,0.551864993395374,0,0.551864993395374,False,False,V4-C_rolling
2026-06-23,広島,巨人,3,7,マツダスタジアム,,https://handenomori.com/jpb/20260623/,2026,-4,0.0,6,1.0,-70.27596402675431,-0.05777906304222091,-0.3001735106998265,0,0.4,0.0,0.6000000000000001,-1.0,-0.19999999999999973,-0.7999999999999998,-0.09999999999999998,-0.12241758241758244,-0.7903296703296703,0.5599438055985865,1,0.5599438055985865,False,False,V4-C_rolling
2026-06-23,日本ハム,ロッテ,4,0,エスコンF,,https://handenomori.com/jpb/20260623/,2026,4,1.0,6,1.0,18.22653058365654,0.1641325536062378,1.646839320523531,0,-0.4,0.0,-2.4,1.1,-0.6000000000000005,1.7000000000000002,0.0,0.07410714285714282,0.9398809523809524,0.5785343993115633,1,0.5785343993115633,False,True,V4-C_rolling
2026-06-23,楽天,西武,8,4,山形市,,https://handenomori.com/jpb/20260623/,2026,4,1.0,6,1.0,-253.7875576277945,0.0034745955798587413,-0.23781043517885625,0,-0.6,-0.6000000000000001,-4.6,-4.1,-1.2000000000000002,-2.9000000000000004,-0.09999999999999998,-0.18224489795918364,-1.1373469387755102,0.5681493225561404,1,0.5681493225561404,False,True,V4-C_rolling
2026-06-23,阪神,ヤクルト,3,4,甲子園球場,,https://handenomori.com/jpb/20260623/,2026,-1,0.0,6,1.0,63.0938467847418,0.2111945309161936,1.9702130256973693,0,0.4,0.2,3.4,1.7,0.5999999999999996,1.1,0.09999999999999998,0.10535353535353531,1.2563636363636363,0.584429957448221,1,0.584429957448221,False,False,V4-C_rolling
2026-06-24,ソフトバンク,オリックス,8,5,PayPayドーム,,https://handenomori.com/jpb/20260624/,2026,3,1.0,6,1.0,37.310457516291535,0.09022556390977443,1.2330827067669172,0,-0.19999999999999996,-0.09999999999999998,0.0,1.1,1.2000000000000002,-0.09999999999999964,-0.2,0.12240047534165177,1.9239453357100416,0.5981171549958891,1,0.5981171549958891,False,True,V4-C_rolling
2026-06-24,中日,DeNA,4,6,ナゴヤドーム,,https://handenomori.com/jpb/20260624/,2026,-2,0.0,6,1.0,33.37232511979482,-0.08380681818181818,-0.7580492424242424,0,0.6000000000000001,0.4,2.6,2.5,0.7000000000000002,1.7999999999999998,-0.2,-0.026491365777080056,0.04925431711145997,0.5320190395523148,0,0.5320190395523148,False,True,V4-C_rolling
2026-06-24,日本ハム,ロッテ,7,4,エスコンF,,https://handenomori.com/jpb/20260624/,2026,3,1.0,6,1.0,35.18631240192167,0.1641325536062378,1.646839320523531,0,-0.19999999999999996,0.09999999999999998,-0.8,1.6,-0.40000000000000036,2.0,0.09999999999999998,0.07410714285714282,0.9398809523809524,0.575773286219948,1,0.575773286219948,False,True,V4-C_rolling
2026-06-25,ソフトバンク,オリックス,5,2,PayPayドーム,,https://handenomori.com/jpb/20260625/,2026,3,1.0,6,1.0,53.20701159089367,0.09022556390977443,1.2330827067669172,0,0.19999999999999996,0.0,2.2,1.2,0.8999999999999999,0.30000000000000027,-0.09999999999999998,0.12240047534165177,1.9239453357100416,0.5884430403553754,1,0.5884430403553754,False,True,V4-C_rolling
2026-06-25,中日,DeNA,3,1,ナゴヤドーム,,https://handenomori.com/jpb/20260625/,2026,2,1.0,6,1.0,9.486530198313176,-0.08380681818181818,-0.7580492424242424,0,0.39999999999999997,0.3,3.0,2.1,0.5999999999999996,1.5,-0.2,-0.026491365777080056,0.04925431711145997,0.5423757579596022,0,0.5423757579596022,False,False,V4-C_rolling
2026-06-25,楽天,西武,2,0,楽天モバイル,,https://handenomori.com/jpb/20260625/,2026,2,1.0,6,1.0,-222.6303532730924,0.0034745955798587413,-0.23781043517885625,0,-0.39999999999999997,-0.39999999999999997,-2.8,-2.9,-0.3999999999999999,-2.5,0.0,-0.18224489795918364,-1.1373469387755102,0.5889903133439587,1,0.5889903133439587,False,True,V4-C_rolling
2026-06-26,西武,日本ハム,4,3,メットライフドーム,,https://handenomori.com/jpb/20260626/,2026,1,1.0,6,1.0,32.05113203540782,-0.12653856864383178,-1.3761626287942077,-1,-0.19999999999999996,-0.09999999999999998,0.39999999999999997,0.5,-0.8999999999999995,1.4,0.09999999999999998,0.027142857142857135,-0.14904761904761904,0.5129078157569635,0,0.5129078157569635,False,False,V4-C_rolling
2026-06-27,オリックス,楽天,1,5,ほっと神戸,,https://handenomori.com/jpb/20260627/,2026,-4,0.0,6,1.0,115.92901655136916,0.07171337434495334,0.5385623148781044,0,-0.2,0.09999999999999998,0.0,0.7,0.09999999999999964,0.6000000000000005,0.19999999999999996,0.11729540300968877,0.453205524634096,0.5195105729920729,0,0.5195105729920729,False,True,V4-C_rolling
2026-06-27,広島,阪神,3,2,マツダスタジアム,,https://handenomori.com/jpb/20260627/,2026,1,1.0,6,1.0,-77.00382100541242,-0.18358570563294974,-1.3864324651726228,0,0.0,0.0,-3.8,-1.4,-1.4,0.0,-0.2,-0.15241758241758235,-1.2903296703296703,0.5530192316384709,0,0.5530192316384709,False,False,V4-C_rolling
2026-06-27,西武,日本ハム,2,4,メットライフドーム,,https://handenomori.com/jpb/20260627/,2026,-2,0.0,6,1.0,48.23857393330786,-0.12653856864383178,-1.3761626287942077,0,0.19999999999999996,0.0,1.2,0.8,-0.8999999999999999,1.7000000000000002,0.09999999999999998,0.027142857142857135,-0.14904761904761904,0.5056979451946679,0,0.5056979451946679,False,True,V4-C_rolling
2026-06-28,DeNA,巨人,1,2,横浜スタジアム,,https://handenomori.com/jpb/20260628/,2026,-1,0.0,6,1.0,-104.81005382755984,0.01938439849624063,0.2731437969924812,-2,-0.2,-0.3,-2.6,-1.6,0.5,-2.1,-0.3,-0.08081632653061227,-0.1404081632653061,0.5328563316528837,0,0.5328563316528837,False,True,V4-C_rolling
2026-06-28,オリックス,楽天,5,2,ほっと神戸,,https://handenomori.com/jpb/20260628/,2026,3,1.0,6,1.0,87.74903516651125,0.07171337434495334,0.5385623148781044,0,-0.39999999999999997,-0.09999999999999998,-2.2,-1.0,-0.7000000000000002,-0.2999999999999998,0.09999999999999998,0.11729540300968877,0.453205524634096,0.5164958515749216,0,0.5164958515749216,False,False,V4-C_rolling
2026-06-28,ヤクルト,中日,4,3,神宮野球場,,https://handenomori.com/jpb/20260628/,2026,1,1.0,6,1.0,29.029508040365727,-0.02096546863988724,-0.39904862579281186,2,0.0,-0.09999999999999998,1.0,-0.8,0.2999999999999998,-1.0999999999999996,-0.09999999999999998,0.03195415695415693,-0.6652097902097902,0.560011229470357,1,0.560011229470357,False,True,V4-C_rolling
2026-06-28,広島,阪神,3,12,マツダスタジアム,,https://handenomori.com/jpb/20260628/,2026,-9,0.0,6,1.0,-54.597598424890975,-0.18358570563294974,-1.3864324651726228,0,0.0,0.09999999999999998,-4.199999999999999,-1.7,-1.1999999999999997,-0.5,-0.09999999999999998,-0.15241758241758235,-1.2903296703296703,0.5545038967528808,0,0.5545038967528808,False,True,V4-C_rolling
2026-06-28,西武,日本ハム,1,5,メットライフドーム,,https://handenomori.com/jpb/20260628/,2026,-4,0.0,6,1.0,23.536596251226683,-0.12653856864383178,-1.3761626287942077,0,-0.19999999999999996,-0.09999999999999998,-1.0,0.4,-1.1999999999999997,1.6000000000000005,0.09999999999999998,0.027142857142857135,-0.14904761904761904,0.5168475269780426,0,0.5168475269780426,False,True,V4-C_rolling
2026-06-30,DeNA,広島,4,7,ハードオフ新潟,,https://handenomori.com/jpb/20260630/,2026,-3,0.0,6,1.0,-26.341682036833845,0.07716346153846154,0.5733173076923077,0,-0.39999999999999997,-0.3,0.8,0.6,0.8000000000000003,-0.20000000000000018,0.19999999999999996,0.04160125588697017,0.6499215070643641,0.5617889685791709,1,0.5617889685791709,False,False,V4-C_rolling
2026-06-30,ソフトバンク,西武,6,0,東京ドーム,,https://handenomori.com/jpb/20260630/,2026,6,1.0,6,1.0,7.321165164410331,0.1654135338345865,1.5338345864661653,3,0.6000000000000001,0.19999999999999996,4.6,1.9,2.0,-0.10000000000000009,-0.2,0.0574509803921569,1.2398039215686274,0.6073434180655456,1,0.6073434180655456,False,True,V4-C_rolling
2026-06-30,巨人,ヤクルト,3,4,弘前,,https://handenomori.com/jpb/20260630/,2026,-1,0.0,6,1.0,48.68061105788024,0.08538788832546479,0.883954071224573,0,0.0,0.0,-0.6,0.2,-1.2999999999999998,1.5,-0.2,0.0753535353535354,0.7563636363636363,0.5779157577608992,1,0.5779157577608992,False,False,V4-C_rolling
2026-06-30,日本ハム,オリックス,9,2,エスコンF,,https://handenomori.com/jpb/20260630/,2026,7,1.0,6,1.0,68.1990902358732,0.0513505987190197,1.0754107490949596,0,0.4,0.19999999999999996,2.8,0.8,1.0,-0.20000000000000018,0.0,0.03780663780663773,0.8331890331890333,0.5747242248234072,1,0.5747242248234072,False,True,V4-C_rolling
2026-06-30,楽天,ロッテ,2,5,楽天モバイル,,https://handenomori.com/jpb/20260630/,2026,-3,0.0,6,1.0,-102.03568109290518,0.041068580542264754,0.03286625655046704,-4,0.0,-0.19999999999999996,0.6000000000000001,0.19999999999999996,-1.3000000000000003,1.5,-0.2,-0.08099489795918369,-0.3465136054421768,0.5441109380164353,0,0.5441109380164353,False,True,V4-C_rolling
2026-06-30,阪神,中日,3,2,甲子園球場,,https://handenomori.com/jpb/20260630/,2026,1,1.0,6,1.0,73.03311477752959,0.19022906227630637,1.5711643999045575,0,0.0,0.0,2.4000000000000004,1.7999999999999998,1.4999999999999996,0.30000000000000027,0.30000000000000004,0.13730769230769224,0.5911538461538461,0.571781553436816,1,0.571781553436816,False,True,V4-C_rolling
2026-07-01,ソフトバンク,西武,11,0,PayPayドーム,,https://handenomori.com/jpb/20260701/,2026,11,1.0,7,1.0,24.89694119097635,0.1654135338345865,1.5338345864661653,0,0.6000000000000001,0.19999999999999996,5.6,2.9000000000000004,2.4,0.5,-0.09999999999999998,0.0574509803921569,1.2398039215686274,0.5972608940551188,1,0.5972608940551188,False,True,V4-C_rolling
2026-07-01,巨人,ヤクルト,2,1,盛岡,,https://handenomori.com/jpb/20260701/,2026,1,1.0,7,1.0,23.95460129649223,0.08538788832546479,0.883954071224573,0,0.0,-0.19999999999999996,0.6,-1.1,-1.6999999999999997,0.6000000000000001,-0.2,0.0753535353535354,0.7563636363636363,0.5675454417156455,1,0.5675454417156455,False,True,V4-C_rolling
2026-07-01,日本ハム,オリックス,6,0,エスコンF,,https://handenomori.com/jpb/20260701/,2026,6,1.0,7,1.0,82.4272282947311,0.0513505987190197,1.0754107490949596,0,0.6000000000000001,0.19999999999999996,5.8,1.8,1.5999999999999996,0.20000000000000018,0.0,0.03780663780663773,0.8331890331890333,0.5696362301860787,1,0.5696362301860787,False,True,V4-C_rolling
2026-07-01,楽天,ロッテ,0,5,郡山,,https://handenomori.com/jpb/20260701/,2026,-5,0.0,7,1.0,-118.22398010490451,0.041068580542264754,0.03286625655046704,0,0.0,-0.3,0.4,-0.2999999999999998,-1.4999999999999996,1.2000000000000002,-0.3,-0.08099489795918369,-0.3465136054421768,0.520181385459165,0,0.520181385459165,False,True,V4-C_rolling
2026-07-02,ソフトバンク,西武,3,1,PayPayドーム,,https://handenomori.com/jpb/20260702/,2026,2,1.0,7,1.0,41.48275340990108,0.1654135338345865,1.5338345864661653,0,0.6000000000000001,0.39999999999999997,8.0,5.4,3.4000000000000004,2.0,-0.09999999999999998,0.0574509803921569,1.2398039215686274,0.6048998136906651,1,0.6048998136906651,False,True,V4-C_rolling
2026-07-02,日本ハム,オリックス,9,1,エスコンF,,https://handenomori.com/jpb/20260702/,2026,8,1.0,7,1.0,95.91372282982115,0.0513505987190197,1.0754107490949596,0,0.6000000000000001,0.39999999999999997,7.0,3.5,2.0000000000000004,1.5000000000000004,0.09999999999999998,0.03780663780663773,0.8331890331890333,0.5740528344049769,1,0.5740528344049769,False,True,V4-C_rolling
2026-07-02,阪神,中日,2,3,甲子園球場,,https://handenomori.com/jpb/20260702/,2026,-1,0.0,7,1.0,87.00719641756268,0.19022906227630637,1.5711643999045575,0,0.19999999999999996,0.09999999999999998,1.6,1.9,1.5,0.3999999999999999,0.30000000000000004,0.13730769230769224,0.5911538461538461,0.5666991814322749,1,0.5666991814322749,False,False,V4-C_rolling
2026-07-03,ソフトバンク,ロッテ,3,2,PayPayドーム,,https://handenomori.com/jpb/20260703/,2026,1,1.0,7,1.0,83.81688274717499,0.20300751879699253,1.8045112781954886,-1,0.4,0.0,4.2,2.5,0.7000000000000002,1.7999999999999998,0.0,0.15870098039215685,2.030637254901961,0.5708492803290728,1,0.5708492803290728,False,True,V4-C_rolling
2026-07-03,中日,巨人,1,0,ナゴヤドーム,,https://handenomori.com/jpb/20260703/,2026,1,1.0,7,1.0,-83.63465683608956,-0.06442241968557755,-0.48490544543176123,-1,-0.19999999999999996,0.09999999999999998,-0.8,0.8,1.5,-0.6999999999999997,0.0,-0.10730769230769233,-0.09115384615384614,0.5596842236991655,1,0.5596842236991655,False,True,V4-C_rolling
2026-07-03,楽天,日本ハム,8,0,楽天モバイル,,https://handenomori.com/jpb/20260703/,2026,8,1.0,7,1.0,-205.16376689569347,-0.12306397306397304,-1.6139730639730638,1,-0.6,-0.39999999999999997,-6.4,-3.9000000000000004,-2.3000000000000003,-1.5999999999999996,-0.2,-0.1551020408163265,-1.2863945578231293,0.5304180423007846,0,0.5304180423007846,False,False,V4-C_rolling
2026-07-03,阪神,広島,1,5,甲子園球場,,https://handenomori.com/jpb/20260703/,2026,-4,0.0,7,1.0,56.83446820023846,0.18358570563294974,1.3864324651726228,-2,-0.19999999999999996,0.0,3.0,3.4,1.9,1.5,0.09999999999999998,0.15241758241758235,1.2903296703296703,0.5673483963549099,1,0.5673483963549099,False,False,V4-C_rolling
2026-07-04,ソフトバンク,ロッテ,1,8,PayPayドーム,,https://handenomori.com/jpb/20260704/,2026,-7,0.0,7,1.0,97.23196036552645,0.20300751879699253,1.8045112781954886,0,0.6,0.20000000000000007,4.6,3.2,1.1000000000000005,2.1,0.09999999999999998,0.15870098039215685,2.030637254901961,0.5670540668435003,1,0.5670540668435003,False,False,V4-C_rolling
2026-07-04,ヤクルト,DeNA,1,12,神宮野球場,,https://handenomori.com/jpb/20260704/,2026,-11,0.0,7,1.0,86.45698328076492,-0.10477228682170542,-1.1570978682170543,-1,0.39999999999999997,0.39999999999999997,1.5999999999999999,1.4,-0.20000000000000018,1.6000000000000005,0.19999999999999996,0.0054627911770768756,-0.6159554730983302,0.5127473371659287,0,0.5127473371659287,False,True,V4-C_rolling
2026-07-04,中日,巨人,2,1,ナゴヤドーム,,https://handenomori.com/jpb/20260704/,2026,1,1.0,7,1.0,-60.8531649393658,-0.06442241968557755,-0.48490544543176123,0,0.0,0.09999999999999998,-0.4,0.3,0.6999999999999997,-0.3999999999999999,0.09999999999999998,-0.10730769230769233,-0.09115384615384614,0.5538608089372471,0,0.5538608089372471,False,False,V4-C_rolling
2026-07-04,楽天,日本ハム,4,1,楽天モバイル,,https://handenomori.com/jpb/20260704/,2026,3,1.0,7,1.0,-176.08307861017852,-0.12306397306397304,-1.6139730639730638,0,-0.4,-0.29999999999999993,-3.1999999999999997,-2.3,-0.8000000000000003,-1.5,-0.09999999999999998,-0.1551020408163265,-1.2863945578231293,0.5276227641651684,0,0.5276227641651684,False,False,V4-C_rolling
2026-07-05,オリックス,西武,3,1,京セラドーム大阪,,https://handenomori.com/jpb/20260705/,2026,2,1.0,7,1.0,-63.74131278100981,0.07518796992481208,0.3007518796992481,0,0.2,-0.09999999999999998,0.5999999999999996,-0.5,0.2999999999999998,-0.7999999999999998,0.09999999999999998,-0.06494949494949487,-0.6841414141414142,0.5621159244430198,1,0.5621159244430198,False,True,V4-C_rolling
2026-07-05,ソフトバンク,ロッテ,7,2,PayPayドーム,,https://handenomori.com/jpb/20260705/,2026,5,1.0,7,1.0,69.967493076555,0.20300751879699253,1.8045112781954886,0,0.20000000000000007,0.20000000000000007,0.3999999999999999,2.0,0.40000000000000036,1.5999999999999996,0.09999999999999998,0.15870098039215685,2.030637254901961,0.5734903372402484,1,0.5734903372402484,False,True,V4-C_rolling
2026-07-05,ヤクルト,DeNA,4,6,神宮野球場,,https://handenomori.com/jpb/20260705/,2026,-2,0.0,7,1.0,59.73689995312748,-0.10477228682170542,-1.1570978682170543,0,0.19999999999999996,0.2,-3.2,-1.1,-1.5,0.40000000000000036,0.19999999999999996,0.0054627911770768756,-0.6159554730983302,0.5037145581345726,0,0.5037145581345726,False,True,V4-C_rolling
2026-07-05,中日,巨人,0,1,ナゴヤドーム,,https://handenomori.com/jpb/20260705/,2026,-1,0.0,7,1.0,-39.3676778641302,-0.06442241968557755,-0.48490544543176123,0,0.19999999999999996,0.19999999999999996,0.4,0.5,0.6999999999999997,-0.19999999999999973,0.09999999999999998,-0.10730769230769233,-0.09115384615384614,0.5503244063229634,0,0.5503244063229634,False,True,V4-C_rolling
2026-07-05,楽天,日本ハム,3,6,楽天モバイル,,https://handenomori.com/jpb/20260705/,2026,-3,0.0,7,1.0,-148.38046949283375,-0.12306397306397304,-1.6139730639730638,0,-0.19999999999999996,-0.19999999999999996,-2.0,-1.8000000000000003,-0.7999999999999998,-1.0,0.0,-0.1551020408163265,-1.2863945578231293,0.5278169326381257,0,0.5278169326381257,False,True,V4-C_rolling
2026-07-05,阪神,広島,6,4,甲子園球場,,https://handenomori.com/jpb/20260705/,2026,2,1.0,7,1.0,31.66781808342921,0.18358570563294974,1.3864324651726228,0,-0.19999999999999996,-0.19999999999999996,1.8,2.2,1.0,1.2000000000000002,0.0,0.15241758241758235,1.2903296703296703,0.5773603399994972,1,0.5773603399994972,False,True,V4-C_rolling
2026-07-07,DeNA,中日,4,0,横浜スタジアム,,https://handenomori.com/jpb/20260707/,2026,4,1.0,7,1.0,-29.653462889416915,0.08380681818181818,0.7580492424242424,0,-0.19999999999999996,-0.3,1.2,-1.0,1.2000000000000002,-2.2,0.09999999999999998,0.026491365777080056,-0.04925431711145997,0.5505894074881246,0,0.5505894074881246,False,False,V4-C_rolling
2026-07-07,オリックス,ソフトバンク,3,6,京セラドーム大阪,,https://handenomori.com/jpb/20260707/,2026,-3,0.0,7,1.0,-110.20855431595328,-0.09022556390977443,-1.2330827067669172,0,-0.4,-0.5,-5.6,-5.0,-2.5,-2.5,0.09999999999999998,-0.12240047534165177,-1.9239453357100416,0.5043071541624183,0,0.5043071541624183,False,True,V4-C_rolling
2026-07-07,ロッテ,日本ハム,10,2,ZOZOマリンスタジアム,,https://handenomori.com/jpb/20260707/,2026,8,1.0,7,1.0,-50.23986578101972,-0.1641325536062378,-1.646839320523531,0,0.0,-0.09999999999999998,0.6000000000000001,-1.1,-0.2999999999999998,-0.8000000000000003,-0.09999999999999998,-0.07410714285714282,-0.9398809523809524,0.5335817399187035,0,0.5335817399187035,False,False,V4-C_rolling
2026-07-07,巨人,阪神,4,3,東京ドーム,,https://handenomori.com/jpb/20260707/,2026,1,1.0,7,1.0,15.595401163853012,-0.12580664259072882,-1.0862589544727963,0,-0.19999999999999996,-0.09999999999999998,-1.5999999999999999,-1.9000000000000001,-3.0,1.1,-0.2,-0.029999999999999916,-0.5,0.5443805064222712,0,0.5443805064222712,False,False,V4-C_rolling
2026-07-07,広島,ヤクルト,4,3,マツダスタジアム,,https://handenomori.com/jpb/20260707/,2026,1,1.0,7,1.0,-9.116860702569284,0.027608825283243876,0.5837805605247466,0,0.19999999999999996,0.09999999999999998,1.7999999999999998,-0.5,0.20000000000000018,-0.7000000000000002,-0.09999999999999998,-0.04706404706404704,-0.033966033966033926,0.5780624048668321,1,0.5780624048668321,False,True,V4-C_rolling
2026-07-08,DeNA,中日,4,3,横浜スタジアム,,https://handenomori.com/jpb/20260708/,2026,1,1.0,7,1.0,-9.961210013711025,0.08380681818181818,0.7580492424242424,0,0.0,-0.09999999999999998,3.0,0.2,1.7000000000000002,-1.5,0.09999999999999998,0.026491365777080056,-0.04925431711145997,0.5510081541464438,0,0.5510081541464438,False,False,V4-C_rolling
2026-07-08,オリックス,ソフトバンク,3,2,京セラドーム大阪,,https://handenomori.com/jpb/20260708/,2026,1,1.0,7,1.0,-125.94557997963238,-0.09022556390977443,-1.2330827067669172,0,-0.6000000000000001,-0.5,-5.2,-4.6,-2.3,-2.3,0.0,-0.12240047534165177,-1.9239453357100416,0.5100089863264177,0,0.5100089863264177,False,False,V4-C_rolling
2026-07-08,ロッテ,日本ハム,2,7,ZOZOマリンスタジアム,,https://handenomori.com/jpb/20260708/,2026,-5,0.0,7,1.0,-29.363150792450824,-0.1641325536062378,-1.646839320523531,0,0.19999999999999996,0.0,4.4,0.6000000000000001,0.5999999999999996,0.0,-0.09999999999999998,-0.07410714285714282,-0.9398809523809524,0.535482200296132,0,0.535482200296132,False,True,V4-C_rolling
2026-07-08,巨人,阪神,1,4,東京ドーム,,https://handenomori.com/jpb/20260708/,2026,-3,0.0,7,1.0,32.70331082268581,-0.12580664259072882,-1.0862589544727963,0,0.19999999999999996,0.09999999999999998,0.8,-0.9,-2.1,1.2000000000000002,-0.09999999999999998,-0.029999999999999916,-0.5,0.5339836525931012,0,0.5339836525931012,False,True,V4-C_rolling
2026-07-08,広島,ヤクルト,4,3,マツダスタジアム,,https://handenomori.com/jpb/20260708/,2026,1,1.0,7,1.0,9.395936289268775,0.027608825283243876,0.5837805605247466,0,0.39999999999999997,0.19999999999999996,2.1999999999999997,-0.19999999999999996,0.39999999999999947,-0.5999999999999996,0.0,-0.04706404706404704,-0.033966033966033926,0.5699522980454973,1,0.5699522980454973,False,True,V4-C_rolling
2026-07-08,西武,楽天,2,5,那覇,,https://handenomori.com/jpb/20260708/,2026,-3,0.0,7,1.0,127.82061304098329,-0.0034745955798587413,0.23781043517885625,0,-0.4,-0.3,-5.0,-3.4,-1.9999999999999998,-1.4,0.0,0.18224489795918364,1.1373469387755102,0.4826965697279902,0,0.5173034302720099,False,True,V4-C_rolling
2026-07-09,DeNA,中日,3,4,横浜スタジアム,,https://handenomori.com/jpb/20260709/,2026,-1,0.0,7,1.0,8.599931516716424,0.08380681818181818,0.7580492424242424,0,0.4,0.09999999999999998,3.8,1.5,1.9999999999999996,-0.5,0.19999999999999996,0.026491365777080056,-0.04925431711145997,0.5517528939471383,0,0.5517528939471383,False,True,V4-C_rolling
2026-07-09,巨人,阪神,2,10,東京ドーム,,https://handenomori.com/jpb/20260709/,2026,-8,0.0,7,1.0,8.854587529531045,-0.12580664259072882,-1.0862589544727963,0,0.0,0.0,-0.39999999999999997,-0.8,-1.4,0.6000000000000001,-0.09999999999999998,-0.029999999999999916,-0.5,0.5399983516746868,0,0.5399983516746868,False,True,V4-C_rolling
2026-07-09,広島,ヤクルト,0,1,マツダスタジアム,,https://handenomori.com/jpb/20260709/,2026,-1,0.0,7,1.0,26.85412013858513,0.027608825283243876,0.5837805605247466,0,0.8,0.39999999999999997,4.6,1.4000000000000001,1.1999999999999997,0.20000000000000018,0.0,-0.04706404706404704,-0.033966033966033926,0.5743547080241791,1,0.5743547080241791,False,False,V4-C_rolling
2026-07-10,ソフトバンク,楽天,3,5,PayPayドーム,,https://handenomori.com/jpb/20260710/,2026,-2,0.0,7,1.0,176.876693385218,0.16193893825472777,1.7716450216450217,0,0.0,0.20000000000000007,-1.0,1.6,1.3000000000000003,0.2999999999999998,-0.09999999999999998,0.23969587835134054,2.3771508603441376,0.5529260066630799,0,0.5529260066630799,False,True,V4-C_rolling
2026-07-10,中日,広島,10,1,ナゴヤドーム,,https://handenomori.com/jpb/20260710/,2026,9,1.0,7,1.0,-9.746433836813594,-0.006643356643356635,-0.18473193473193472,0,-0.19999999999999996,-0.09999999999999998,-1.4,0.3,-1.4,1.7000000000000002,-0.2,0.015109890109890112,0.6991758241758241,0.5655442534048498,1,0.5655442534048498,False,True,V4-C_rolling
2026-07-10,日本ハム,西武,1,2,エスコンF,,https://handenomori.com/jpb/20260710/,2026,-1,0.0,7,1.0,48.350207522848905,0.12653856864383178,1.3761626287942077,0,0.4,0.6,2.5999999999999996,5.1,3.4000000000000004,1.7000000000000002,0.0,-0.027142857142857135,0.14904761904761904,0.5942413080908774,1,0.5942413080908774,False,False,V4-C_rolling
2026-07-10,阪神,ヤクルト,1,2,甲子園球場,,https://handenomori.com/jpb/20260710/,2026,-1,0.0,7,1.0,59.6094086300468,0.2111945309161936,1.9702130256973693,0,0.39999999999999997,0.09999999999999998,4.4,2.8,1.9999999999999996,0.7999999999999998,0.09999999999999998,0.10535353535353531,1.2563636363636363,0.5758596901190168,1,0.5758596901190168,False,False,V4-C_rolling
2026-07-11,DeNA,巨人,4,5,横浜スタジアム,,https://handenomori.com/jpb/20260711/,2026,-1,0.0,7,1.0,-66.26541152537288,0.01938439849624063,0.2731437969924812,0,0.4,0.0,5.4,1.6,2.0,-0.3999999999999999,-0.3,-0.08081632653061227,-0.1404081632653061,0.5429836055457055,0,0.5429836055457055,False,True,V4-C_rolling
2026-07-11,ソフトバンク,楽天,9,2,PayPayドーム,,https://handenomori.com/jpb/20260711/,2026,7,1.0,7,1.0,145.99654293969843,0.16193893825472777,1.7716450216450217,0,-0.4,0.09999999999999998,-3.0,1.3,1.1,0.19999999999999973,-0.09999999999999998,0.23969587835134054,2.3771508603441376,0.5626431315538422,1,0.5626431315538422,False,True,V4-C_rolling
2026-07-11,ロッテ,オリックス,3,8,ZOZOマリンスタジアム,,https://handenomori.com/jpb/20260711/,2026,-5,0.0,7,1.0,21.691315207029675,-0.1127819548872181,-0.5714285714285714,0,0.0,0.2,3.5999999999999996,3.5999999999999996,2.0,1.5999999999999996,-0.09999999999999998,-0.03630050505050508,-0.10669191919191923,0.5693124121549756,1,0.5693124121549756,False,False,V4-C_rolling
2026-07-11,中日,広島,8,1,ナゴヤドーム,,https://handenomori.com/jpb/20260711/,2026,7,1.0,7,1.0,8.80240872243894,-0.006643356643356635,-0.18473193473193472,0,0.0,0.0,2.8,2.0,-0.6000000000000001,2.6000000000000005,-0.09999999999999998,0.015109890109890112,0.6991758241758241,0.5634870714102577,1,0.5634870714102577,False,True,V4-C_rolling
2026-07-11,日本ハム,西武,8,2,エスコンF,,https://handenomori.com/jpb/20260711/,2026,6,1.0,7,1.0,23.642159336190616,0.12653856864383178,1.3761626287942077,0,0.2,0.39999999999999997,2.5999999999999996,4.3,3.3,1.0,-0.09999999999999998,-0.027142857142857135,0.14904761904761904,0.6006291823617999,1,0.6006291823617999,False,True,V4-C_rolling
2026-07-11,阪神,ヤクルト,2,1,甲子園球場,,https://handenomori.com/jpb/20260711/,2026,1,1.0,7,1.0,34.2939904672935,0.2111945309161936,1.9702130256973693,0,0.19999999999999996,0.0,2.6,2.6,1.7000000000000002,0.8999999999999999,0.0,0.10535353535353531,1.2563636363636363,0.5691236921124665,1,0.5691236921124665,False,True,V4-C_rolling
2026-07-12,DeNA,巨人,3,4,横浜スタジアム,,https://handenomori.com/jpb/20260712/,2026,-1,0.0,7,1.0,-84.47047230980456,0.01938439849624063,0.2731437969924812,0,0.0,0.0,2.6,2.1,2.4,-0.2999999999999998,-0.4,-0.08081632653061227,-0.1404081632653061,0.5514202708460775,0,0.5514202708460775,False,True,V4-C_rolling
2026-07-12,ソフトバンク,楽天,3,0,PayPayドーム,,https://handenomori.com/jpb/20260712/,2026,3,1.0,7,1.0,156.4278862260271,0.16193893825472777,1.7716450216450217,0,0.0,0.19999999999999996,2.8,2.6,1.4999999999999996,1.1,0.0,0.23969587835134054,2.3771508603441376,0.5635364102589163,1,0.5635364102589163,False,True,V4-C_rolling
2026-07-12,ロッテ,オリックス,2,7,ZOZOマリンスタジアム,,https://handenomori.com/jpb/20260712/,2026,-5,0.0,7,1.0,-1.5434419236453323,-0.1127819548872181,-0.5714285714285714,0,-0.19999999999999996,0.0,0.6,2.0,1.2999999999999998,0.7000000000000002,-0.2,-0.03630050505050508,-0.10669191919191923,0.5662558979921228,1,0.5662558979921228,False,False,V4-C_rolling
2026-07-12,中日,広島,1,5,ナゴヤドーム,,https://handenomori.com/jpb/20260712/,2026,-4,0.0,7,1.0,26.294214176983587,-0.006643356643356635,-0.18473193473193472,0,0.19999999999999996,0.09999999999999998,5.4,3.1,0.09999999999999964,3.0,0.0,0.015109890109890112,0.6991758241758241,0.564961064711913,1,0.564961064711913,False,False,V4-C_rolling
2026-07-12,日本ハム,西武,1,12,エスコンF,,https://handenomori.com/jpb/20260712/,2026,-11,0.0,7,1.0,40.298140625671294,0.12653856864383178,1.3761626287942077,0,0.39999999999999997,0.39999999999999997,3.4,4.9,3.4000000000000004,1.5000000000000004,0.0,-0.027142857142857135,0.14904761904761904,0.5930308364720783,1,0.5930308364720783,False,False,V4-C_rolling
2026-07-12,阪神,ヤクルト,3,0,甲子園球場,,https://handenomori.com/jpb/20260712/,2026,3,1.0,7,1.0,50.35716940152088,0.2111945309161936,1.9702130256973693,0,0.19999999999999996,0.19999999999999996,2.2,3.0,2.0000000000000004,1.0,0.0,0.10535353535353531,1.2563636363636363,0.5716139981806222,1,0.5716139981806222,False,True,V4-C_rolling
2026-07-14,ヤクルト,巨人,5,4,神宮野球場,,https://handenomori.com/jpb/20260714/,2026,1,1.0,7,1.0,-66.60641322545348,-0.08538788832546479,-0.883954071224573,0,-0.19999999999999996,-0.2,1.0,-0.7999999999999999,-0.2999999999999998,-0.5,0.09999999999999998,-0.0753535353535354,-0.7563636363636363,0.547796262847086,0,0.547796262847086,False,False,V4-C_rolling
2026-07-14,中日,阪神,2,5,ナゴヤドーム,,https://handenomori.com/jpb/20260714/,2026,-3,0.0,7,1.0,-62.716339563961355,-0.19022906227630637,-1.5711643999045575,0,-0.20000000000000007,0.0,-0.3999999999999999,-0.10000000000000009,-0.2999999999999998,0.19999999999999973,-0.2,-0.13730769230769224,-0.5911538461538461,0.5412062699469795,0,0.5412062699469795,False,True,V4-C_rolling
2026-07-14,広島,DeNA,4,5,マツダスタジアム,,https://handenomori.com/jpb/20260714/,2026,-1,0.0,7,1.0,35.057212443134176,-0.07716346153846154,-0.5733173076923077,0,0.0,0.09999999999999998,-2.8,-2.4,-0.8000000000000003,-1.6000000000000005,-0.09999999999999998,-0.04160125588697017,-0.6499215070643641,0.5325639869594829,0,0.5325639869594829,False,True,V4-C_rolling
2026-07-14,日本ハム,ソフトバンク,2,4,エスコンF,,https://handenomori.com/jpb/20260714/,2026,-2,0.0,7,1.0,-40.37087610874414,-0.03887496519075473,-0.15767195767195763,0,-0.19999999999999996,-0.19999999999999996,-3.8,-2.5,-0.7000000000000002,-1.8000000000000003,-0.4,-0.08459383753501404,-1.0907563025210083,0.5377659758923944,0,0.5377659758923944,False,True,V4-C_rolling
2026-07-14,楽天,オリックス,3,1,楽天モバイル,,https://handenomori.com/jpb/20260714/,2026,2,1.0,7,1.0,-93.3904483821832,-0.07171337434495334,-0.5385623148781044,0,-0.4,-0.09999999999999998,-3.6,0.3999999999999999,-0.19999999999999973,0.6000000000000001,-0.09999999999999998,-0.11729540300968877,-0.453205524634096,0.5636859387005524,1,0.5636859387005524,False,True,V4-C_rolling
2026-07-14,西武,ロッテ,2,1,メットライフドーム,,https://handenomori.com/jpb/20260714/,2026,1,1.0,7,1.0,40.07475001694252,0.03759398496240601,0.2706766917293233,0,0.2,-0.2,2.6,-2.3,-2.0,-0.2999999999999998,0.09999999999999998,0.10124999999999995,0.7908333333333334,0.5252398936329312,0,0.5252398936329312,False,False,V4-C_rolling
2026-07-15,ヤクルト,巨人,2,8,神宮野球場,,https://handenomori.com/jpb/20260715/,2026,-6,0.0,7,1.0,-44.79200420258735,-0.08538788832546479,-0.883954071224573,0,0.19999999999999996,-0.2,1.8,-0.7999999999999999,-0.2999999999999998,-0.5,0.19999999999999996,-0.0753535353535354,-0.7563636363636363,0.5325269134597527,0,0.5325269134597527,False,True,V4-C_rolling
2026-07-15,中日,阪神,6,5,ナゴヤドーム,,https://handenomori.com/jpb/20260715/,2026,1,1.0,7,1.0,-81.12423470466547,-0.19022906227630637,-1.5711643999045575,0,-0.20000000000000007,-0.09999999999999998,-0.7999999999999998,-0.7000000000000001,-0.6000000000000001,-0.10000000000000009,-0.2,-0.13730769230769224,-0.5911538461538461,0.5474592038143693,0,0.5474592038143693,False,False,V4-C_rolling
2026-07-15,広島,DeNA,6,4,マツダスタジアム,,https://handenomori.com/jpb/20260715/,2026,2,1.0,7,1.0,11.07817741740655,-0.07716346153846154,-0.5733173076923077,0,-0.2,0.0,-2.5999999999999996,-1.9,-1.0999999999999996,-0.8000000000000003,-0.09999999999999998,-0.04160125588697017,-0.6499215070643641,0.5418129185531029,0,0.5418129185531029,False,False,V4-C_rolling
2026-07-15,日本ハム,ソフトバンク,7,6,エスコンF,,https://handenomori.com/jpb/20260715/,2026,1,1.0,7,1.0,-60.06172825233489,-0.03887496519075473,-0.15767195767195763,0,-0.19999999999999996,-0.29999999999999993,-2.4,-2.4000000000000004,-0.39999999999999947,-2.0,-0.4,-0.08459383753501404,-1.0907563025210083,0.5384043921991251,0,0.5384043921991251,False,False,V4-C_rolling
2026-07-15,楽天,オリックス,3,2,楽天モバイル,,https://handenomori.com/jpb/20260715/,2026,1,1.0,7,1.0,-70.06051594799578,-0.07171337434495334,-0.5385623148781044,0,0.0,0.0,-1.7999999999999998,0.7,-0.09999999999999964,0.7999999999999998,0.0,-0.11729540300968877,-0.453205524634096,0.5492019647137465,0,0.5492019647137465,False,False,V4-C_rolling
2026-07-15,西武,ロッテ,7,3,メットライフドーム,,https://handenomori.com/jpb/20260715/,2026,4,1.0,7,1.0,55.819128740377664,0.03759398496240601,0.2706766917293233,0,0.39999999999999997,-0.10000000000000003,2.4000000000000004,-2.2,-1.7000000000000002,-0.5000000000000004,0.19999999999999996,0.10124999999999995,0.7908333333333334,0.5226701784554941,0,0.5226701784554941,False,False,V4-C_rolling
2026-07-16,ヤクルト,巨人,1,3,神宮野球場,,https://handenomori.com/jpb/20260716/,2026,-2,0.0,7,1.0,-64.22848032778279,-0.08538788832546479,-0.883954071224573,0,-0.19999999999999996,-0.2,-1.4000000000000001,-1.8000000000000003,-0.7999999999999998,-1.0000000000000004,0.09999999999999998,-0.0753535353535354,-0.7563636363636363,0.5455347354154316,0,0.5455347354154316,False,True,V4-C_rolling
2026-07-16,中日,阪神,1,3,ナゴヤドーム,,https://handenomori.com/jpb/20260716/,2026,-2,0.0,7,1.0,-58.48459929982528,-0.19022906227630637,-1.5711643999045575,0,0.0,-0.09999999999999998,1.0,-0.7000000000000001,-0.3999999999999999,-0.2999999999999998,-0.09999999999999998,-0.13730769230769224,-0.5911538461538461,0.5310441988665147,0,0.5310441988665147,False,True,V4-C_rolling
2026-07-16,日本ハム,ソフトバンク,2,6,エスコンF,,https://handenomori.com/jpb/20260716/,2026,-4,0.0,7,1.0,-38.621556190541924,-0.03887496519075473,-0.15767195767195763,0,-0.19999999999999996,-0.19999999999999996,-3.2,-2.8,-0.9000000000000004,-1.9,-0.3,-0.08459383753501404,-1.0907563025210083,0.5372231609017186,0,0.5372231609017186,False,True,V4-C_rolling
2026-07-16,楽天,オリックス,12,8,楽天モバイル,,https://handenomori.com/jpb/20260716/,2026,4,1.0,7,1.0,-48.049093414317895,-0.07171337434495334,-0.5385623148781044,0,0.0,0.19999999999999996,-2.6,1.5,0.2999999999999998,1.2000000000000002,0.09999999999999998,-0.11729540300968877,-0.453205524634096,0.555789612839896,1,0.555789612839896,False,True,V4-C_rolling
2026-07-16,西武,ロッテ,3,4,メットライフドーム,,https://handenomori.com/jpb/20260716/,2026,-1,0.0,7,1.0,70.70706677385238,0.03759398496240601,0.2706766917293233,0,0.8,0.10000000000000003,6.2,-0.7000000000000001,-0.8999999999999999,0.20000000000000018,0.19999999999999996,0.10124999999999995,0.7908333333333334,0.5121705404574569,0,0.5121705404574569,False,True,V4-C_rolling
2026-07-17,DeNA,ヤクルト,12,4,横浜スタジアム,,https://handenomori.com/jpb/20260717/,2026,8,1.0,7,1.0,-23.755618333817893,0.10477228682170542,1.1570978682170543,1,0.0,0.2,1.4000000000000001,2.4000000000000004,2.7,-0.2999999999999998,-0.09999999999999998,-0.0054627911770768756,0.6159554730983302,0.5737504629022676,1,0.5737504629022676,False,True,V4-C_rolling
2026-07-17,巨人,中日,4,1,東京ドーム,,https://handenomori.com/jpb/20260717/,2026,3,1.0,7,1.0,78.96357577592084,0.06442241968557755,0.48490544543176123,0,0.4,0.19999999999999996,2.0,-0.4,-0.20000000000000018,-0.19999999999999973,-0.09999999999999998,0.10730769230769233,0.09115384615384614,0.5636068433643885,1,0.5636068433643885,False,True,V4-C_rolling
2026-07-17,広島,阪神,2,4,マツダスタジアム,,https://handenomori.com/jpb/20260717/,2026,-2,0.0,7,1.0,-76.03557941028293,-0.18358570563294974,-1.3864324651726228,1,-0.4,-0.19999999999999996,-3.8000000000000003,-2.7,-0.8000000000000003,-1.9000000000000004,0.0,-0.15241758241758235,-1.2903296703296703,0.5496581241632076,0,0.5496581241632076,False,True,V4-C_rolling
2026-07-18,DeNA,ヤクルト,8,0,横浜スタジアム,,https://handenomori.com/jpb/20260718/,2026,8,1.0,7,1.0,-4.402671076825754,0.10477228682170542,1.1570978682170543,0,0.2,0.3,4.6,4.1,3.5,0.5999999999999996,0.0,-0.0054627911770768756,0.6159554730983302,0.5702115120694324,1,0.5702115120694324,False,True,V4-C_rolling
2026-07-18,オリックス,日本ハム,0,7,京セラドーム大阪,,https://handenomori.com/jpb/20260718/,2026,-7,0.0,7,1.0,-56.66654559592121,-0.0513505987190197,-1.0754107490949596,0,0.0,0.0,2.6,0.2999999999999998,-0.10000000000000009,0.39999999999999947,-0.2,-0.03780663780663773,-0.8331890331890333,0.5209703959598282,0,0.5209703959598282,False,True,V4-C_rolling
2026-07-18,ロッテ,ソフトバンク,4,5,ZOZOマリンスタジアム,,https://handenomori.com/jpb/20260718/,2026,-1,0.0,7,1.0,-107.86116980861993,-0.20300751879699253,-1.8045112781954886,0,-0.6000000000000001,-0.3,-5.8,-2.3,-1.0,-1.3000000000000003,-0.09999999999999998,-0.15870098039215685,-2.030637254901961,0.5297087826390666,0,0.5297087826390666,False,True,V4-C_rolling
2026-07-18,巨人,中日,1,5,東京ドーム,,https://handenomori.com/jpb/20260718/,2026,-4,0.0,7,1.0,92.62888127598012,0.06442241968557755,0.48490544543176123,0,0.6000000000000001,0.29999999999999993,4.4,0.19999999999999998,0.0,0.20000000000000018,-0.09999999999999998,0.10730769230769233,0.09115384615384614,0.5688774876920105,1,0.5688774876920105,False,False,V4-C_rolling
2026-07-18,広島,阪神,2,1,マツダスタジアム,,https://handenomori.com/jpb/20260718/,2026,1,1.0,7,1.0,-93.6843048049659,-0.18358570563294974,-1.3864324651726228,0,-0.4,-0.29999999999999993,-2.6,-3.3,-0.8999999999999999,-2.4,0.0,-0.15241758241758235,-1.2903296703296703,0.5536642300772335,0,0.5536642300772335,False,False,V4-C_rolling
2026-07-18,楽天,西武,3,2,楽天モバイル,,https://handenomori.com/jpb/20260718/,2026,1,1.0,7,1.0,-79.31988179500331,0.0034745955798587413,-0.23781043517885625,0,0.0,0.29999999999999993,-2.4,1.8,1.2999999999999998,0.5,0.0,-0.18224489795918364,-1.1373469387755102,0.5745857585188815,1,0.5745857585188815,False,True,V4-C_rolling
2026-07-19,DeNA,ヤクルト,5,1,横浜スタジアム,,https://handenomori.com/jpb/20260719/,2026,4,1.0,7,1.0,13.84054441109356,0.10477228682170542,1.1570978682170543,0,0.39999999999999997,0.3,7.3999999999999995,4.5,3.4,1.1,0.09999999999999998,-0.0054627911770768756,0.6159554730983302,0.5677188635501909,1,0.5677188635501909,False,True,V4-C_rolling
2026-07-19,オリックス,日本ハム,1,5,京セラドーム大阪,,https://handenomori.com/jpb/20260719/,2026,-4,0.0,7,1.0,-75.42093325686369,-0.0513505987190197,-1.0754107490949596,0,-0.2,-0.09999999999999998,0.0,-0.7999999999999999,-0.6999999999999997,-0.09999999999999964,-0.3,-0.03780663780663773,-0.8331890331890333,0.5270946905551777,0,0.5270946905551777,False,True,V4-C_rolling
2026-07-19,ロッテ,ソフトバンク,0,3,ZOZOマリンスタジアム,,https://handenomori.com/jpb/20260719/,2026,-3,0.0,7,1.0,-123.72736673127906,-0.20300751879699253,-1.8045112781954886,0,-0.6000000000000001,-0.39999999999999997,-3.8,-3.1,-1.1999999999999997,-1.9000000000000004,-0.2,-0.15870098039215685,-2.030637254901961,0.5326834164983716,0,0.5326834164983716,False,True,V4-C_rolling
2026-07-19,巨人,中日,6,1,東京ドーム,,https://handenomori.com/jpb/20260719/,2026,5,1.0,7,1.0,65.59552876716612,0.06442241968557755,0.48490544543176123,0,0.19999999999999996,0.09999999999999998,1.7999999999999998,-1.1,-0.49999999999999956,-0.5999999999999996,-0.09999999999999998,0.10730769230769233,0.09115384615384614,0.5682091634648412,1,0.5682091634648412,False,True,V4-C_rolling
2026-07-19,広島,阪神,2,4,マツダスタジアム,,https://handenomori.com/jpb/20260719/,2026,-2,0.0,7,1.0,-70.3379278781772,-0.18358570563294974,-1.3864324651726228,0,0.0,-0.19999999999999996,-0.19999999999999996,-3.0,-0.8999999999999999,-2.1,0.0,-0.15241758241758235,-1.2903296703296703,0.5415307696920513,0,0.5415307696920513,False,True,V4-C_rolling
2026-07-19,楽天,西武,3,6,楽天モバイル,,https://handenomori.com/jpb/20260719/,2026,-3,0.0,7,1.0,-56.78237309814267,0.0034745955798587413,-0.23781043517885625,0,0.20000000000000007,0.29999999999999993,-1.7999999999999998,0.09999999999999998,0.6000000000000001,-0.5,0.0,-0.18224489795918364,-1.1373469387755102,0.5738548737560458,1,0.5738548737560458,False,False,V4-C_rolling
2026-07-20,オリックス,日本ハム,3,0,京セラドーム大阪,,https://handenomori.com/jpb/20260720/,2026,3,1.0,7,1.0,-93.10455872937814,-0.0513505987190197,-1.0754107490949596,0,-0.6,-0.09999999999999998,-4.8,-0.5,-0.6000000000000001,0.09999999999999964,-0.3,-0.03780663780663773,-0.8331890331890333,0.5286775215838867,0,0.5286775215838867,False,False,V4-C_rolling
2026-07-20,ヤクルト,中日,2,4,神宮野球場,,https://handenomori.com/jpb/20260720/,2026,-2,0.0,7,1.0,-30.488972106337997,-0.02096546863988724,-0.39904862579281186,0,-0.4,-0.2,-4.6,-3.4,-2.2,-1.1999999999999997,0.0,0.03195415695415693,-0.6652097902097902,0.5531722845721876,0,0.5531722845721876,False,True,V4-C_rolling
2026-07-20,ロッテ,ソフトバンク,4,5,ZOZOマリンスタジアム,,https://handenomori.com/jpb/20260720/,2026,-1,0.0,7,1.0,-138.72802152286272,-0.20300751879699253,-1.8045112781954886,0,-0.6000000000000001,-0.49999999999999994,-3.4000000000000004,-3.9,-1.6,-2.3,-0.2,-0.15870098039215685,-2.030637254901961,0.5304973905515301,0,0.5304973905515301,False,True,V4-C_rolling
2026-07-20,巨人,広島,3,1,東京ドーム,,https://handenomori.com/jpb/20260720/,2026,2,1.0,7,1.0,84.5008312337468,0.05777906304222091,0.3001735106998265,0,0.4,0.19999999999999996,2.8,1.5999999999999999,1.0999999999999996,0.49999999999999956,0.09999999999999998,0.12241758241758244,0.7903296703296703,0.5678208161764079,1,0.5678208161764079,False,True,V4-C_rolling
2026-07-20,楽天,西武,4,5,楽天モバイル,,https://handenomori.com/jpb/20260720/,2026,-1,0.0,7,1.0,-75.5301191928911,0.0034745955798587413,-0.23781043517885625,0,0.20000000000000007,0.09999999999999998,-0.19999999999999996,-1.0,0.0,-1.0,-0.09999999999999998,-0.18224489795918364,-1.1373469387755102,0.5734195373589769,1,0.5734195373589769,False,False,V4-C_rolling
2026-07-20,阪神,DeNA,0,7,甲子園球場,,https://handenomori.com/jpb/20260720/,2026,-7,0.0,7,1.0,83.21276176191805,0.1064222440944882,0.813115157480315,0,-0.20000000000000007,0.09999999999999998,-3.0,-0.30000000000000004,-1.4000000000000004,1.1,0.0,0.11081632653061219,0.6404081632653061,0.5363463673177248,0,0.5363463673177248,False,True,V4-C_rolling
2026-07-21,ソフトバンク,オリックス,1,2,PayPayドーム,,https://handenomori.com/jpb/20260721/,2026,-1,0.0,7,1.0,144.17522280325943,0.09022556390977443,1.2330827067669172,0,0.6000000000000001,0.29999999999999993,4.2,2.4,0.9999999999999996,1.4,-0.09999999999999998,0.12240047534165177,1.9239453357100416,0.5811541507888391,1,0.5811541507888391,False,False,V4-C_rolling
2026-07-21,ヤクルト,中日,4,11,神宮野球場,,https://handenomori.com/jpb/20260721/,2026,-7,0.0,7,1.0,-50.74863315495463,-0.02096546863988724,-0.39904862579281186,0,-0.4,-0.3,-4.0,-3.8000000000000003,-2.0999999999999996,-1.7000000000000002,0.0,0.03195415695415693,-0.6652097902097902,0.5497687134270336,0,0.5497687134270336,False,True,V4-C_rolling
2026-07-21,巨人,広島,11,5,東京ドーム,,https://handenomori.com/jpb/20260721/,2026,6,1.0,7,1.0,97.88082835557043,0.05777906304222091,0.3001735106998265,0,0.4,0.39999999999999997,2.2,2.4,1.6,0.7999999999999998,0.09999999999999998,0.12241758241758244,0.7903296703296703,0.5680759156638292,1,0.5680759156638292,False,True,V4-C_rolling
2026-07-21,阪神,DeNA,2,1,甲子園球場,,https://handenomori.com/jpb/20260721/,2026,1,1.0,7,1.0,56.658863286450924,0.1064222440944882,0.813115157480315,0,-0.20000000000000007,0.0,-5.4,-2.1,-2.7,0.6000000000000001,-0.09999999999999998,0.11081632653061219,0.6404081632653061,0.5297591782746371,0,0.5297591782746371,False,False,V4-C_rolling
2026-07-22,ソフトバンク,オリックス,22,2,PayPayドーム,,https://handenomori.com/jpb/20260722/,2026,20,1.0,7,1.0,114.68761374064502,0.09022556390977443,1.2330827067669172,0,0.4,0.19999999999999996,3.8000000000000003,2.0,1.0,1.0,-0.09999999999999998,0.12240047534165177,1.9239453357100416,0.5859064459244699,1,0.5859064459244699,False,True,V4-C_rolling
2026-07-22,ヤクルト,中日,8,5,神宮野球場,,https://handenomori.com/jpb/20260722/,2026,3,1.0,7,1.0,-69.84268933634144,-0.02096546863988724,-0.39904862579281186,0,-0.6,-0.4,-6.8,-4.4,-2.0,-2.4,-0.09999999999999998,0.03195415695415693,-0.6652097902097902,0.5448659644470276,0,0.5448659644470276,False,False,V4-C_rolling
2026-07-22,ロッテ,楽天,10,2,ZOZOマリンスタジアム,,https://handenomori.com/jpb/20260722/,2026,8,1.0,7,1.0,18.927032201190514,-0.041068580542264754,-0.03286625655046704,0,-0.39999999999999997,-0.39999999999999997,-2.0,-1.5,-0.7000000000000002,-0.8000000000000007,0.4,0.08099489795918369,0.3465136054421768,0.5424849884587674,0,0.5424849884587674,False,False,V4-C_rolling
2026-07-22,巨人,広島,1,6,東京ドーム,,https://handenomori.com/jpb/20260722/,2026,-5,0.0,7,1.0,110.58395911427715,0.05777906304222091,0.3001735106998265,0,0.6000000000000001,0.5,4.6,4.300000000000001,2.0000000000000004,2.3,0.19999999999999996,0.12241758241758244,0.7903296703296703,0.5722183708058214,1,0.5722183708058214,False,False,V4-C_rolling
2026-07-22,西武,日本ハム,4,3,メットライフドーム,,https://handenomori.com/jpb/20260722/,2026,1,1.0,7,1.0,-4.263154847001715,-0.12653856864383178,-1.3761626287942077,0,0.0,0.09999999999999998,0.19999999999999996,0.8,0.2999999999999998,0.5,0.09999999999999998,0.027142857142857135,-0.14904761904761904,0.5174732178205729,0,0.5174732178205729,False,False,V4-C_rolling
2026-07-22,阪神,DeNA,5,4,甲子園球場,,https://handenomori.com/jpb/20260722/,2026,1,1.0,7,1.0,71.50164842578442,0.1064222440944882,0.813115157480315,0,-0.20000000000000007,0.19999999999999996,-5.8,-1.7000000000000002,-2.3000000000000003,0.6000000000000001,0.0,0.11081632653061219,0.6404081632653061,0.5355070125339748,0,0.5355070125339748,False,False,V4-C_rolling
2026-07-23,ソフトバンク,オリックス,6,5,PayPayドーム,,https://handenomori.com/jpb/20260723/,2026,1,1.0,7,1.0,126.56722608618497,0.09022556390977443,1.2330827067669172,0,0.4,0.4,10.2,6.3,3.0000000000000004,3.3,-0.09999999999999998,0.12240047534165177,1.9239453357100416,0.594429967381703,1,0.594429967381703,False,True,V4-C_rolling
2026-07-23,ロッテ,楽天,3,4,ZOZOマリンスタジアム,,https://handenomori.com/jpb/20260723/,2026,-1,0.0,7,1.0,35.847433809793756,-0.041068580542264754,-0.03286625655046704,0,0.0,-0.3,2.2,-0.40000000000000013,-0.40000000000000036,0.0,0.4,0.08099489795918369,0.3465136054421768,0.5357305077274522,0,0.5357305077274522,False,True,V4-C_rolling
2026-07-23,西武,日本ハム,2,11,メットライフドーム,,https://handenomori.com/jpb/20260723/,2026,-9,0.0,7,1.0,13.972091689222452,-0.12653856864383178,-1.3761626287942077,0,0.19999999999999996,0.29999999999999993,0.0,1.7999999999999998,0.8999999999999999,0.8999999999999999,0.09999999999999998,0.027142857142857135,-0.14904761904761904,0.5123706329573869,0,0.5123706329573869,False,True,V4-C_rolling
2026-07-24,オリックス,ロッテ,3,2,京セラドーム大阪,,https://handenomori.com/jpb/20260724/,2026,1,1.0,7,1.0,15.449918256270166,0.1127819548872181,0.5714285714285714,0,0.2,0.09999999999999998,-4.6000000000000005,-1.8,-0.2999999999999998,-1.5,0.19999999999999996,0.03630050505050508,0.10669191919191923,0.5276185171642838,0,0.5276185171642838,False,False,V4-C_rolling
2026-07-24,ヤクルト,広島,5,3,神宮野球場,,https://handenomori.com/jpb/20260724/,2026,2,1.0,7,1.0,-35.546365082638204,-0.027608825283243876,-0.5837805605247466,0,-0.2,-0.2,-2.8,-2.8,-0.6999999999999997,-2.0999999999999996,0.0,0.04706404706404704,0.033966033966033926,0.5415503556640331,0,0.5415503556640331,False,False,V4-C_rolling
2026-07-24,中日,DeNA,3,2,ナゴヤドーム,,https://handenomori.com/jpb/20260724/,2026,1,1.0,7,1.0,9.290509981058221,-0.08380681818181818,-0.7580492424242424,0,0.0,-0.09999999999999998,-2.4,-2.8000000000000003,-1.5999999999999996,-1.1999999999999997,-0.2,-0.026491365777080056,0.04925431711145997,0.5200344154313631,0,0.5200344154313631,False,False,V4-C_rolling
2026-07-24,西武,ソフトバンク,3,7,メットライフドーム,,https://handenomori.com/jpb/20260724/,2026,-4,0.0,7,1.0,-77.78466380577493,-0.1654135338345865,-1.5338345864661653,0,-0.20000000000000007,-0.20000000000000007,-5.8,-2.9,-1.5999999999999996,-1.2999999999999998,0.0,-0.0574509803921569,-1.2398039215686274,0.5012466098176962,0,0.5012466098176962,False,True,V4-C_rolling
2026-07-24,阪神,巨人,2,4,甲子園球場,,https://handenomori.com/jpb/20260724/,2026,-2,0.0,7,1.0,5.901000250404877,0.12580664259072882,1.0862589544727963,0,0.0,0.0,-1.6,-1.0,-1.2999999999999998,0.2999999999999998,0.19999999999999996,0.029999999999999916,0.5,0.556870545735362,1,0.556870545735362,False,False,V4-C_rolling
2026-07-25,オリックス,ロッテ,5,3,京セラドーム大阪,,https://handenomori.com/jpb/20260725/,2026,2,1.0,7,1.0,32.566027962258204,0.1127819548872181,0.5714285714285714,0,0.39999999999999997,0.09999999999999998,-3.6,-2.5999999999999996,-0.5999999999999996,-2.0,0.19999999999999996,0.03630050505050508,0.10669191919191923,0.5194005139486603,0,0.5194005139486603,False,False,V4-C_rolling
2026-07-25,ヤクルト,広島,2,1,神宮野球場,,https://handenomori.com/jpb/20260725/,2026,1,1.0,7,1.0,-15.51491380619882,-0.027608825283243876,-0.5837805605247466,0,0.2,-0.10000000000000003,-0.20000000000000018,-2.8000000000000003,-0.3999999999999999,-2.4,0.0,0.04706404706404704,0.033966033966033926,0.5396884496259357,0,0.5396884496259357,False,False,V4-C_rolling
2026-07-25,中日,DeNA,0,5,ナゴヤドーム,,https://handenomori.com/jpb/20260725/,2026,-5,0.0,7,1.0,26.754664862478876,-0.08380681818181818,-0.7580492424242424,0,0.19999999999999996,0.0,-1.2000000000000002,-2.3000000000000003,-1.1999999999999997,-1.1,-0.09999999999999998,-0.026491365777080056,0.04925431711145997,0.5263882484883308,0,0.5263882484883308,False,True,V4-C_rolling
2026-07-25,日本ハム,楽天,4,3,エスコンF,,https://handenomori.com/jpb/20260725/,2026,1,1.0,7,1.0,96.20219357165001,0.12306397306397304,1.6139730639730638,0,0.19999999999999996,0.0,5.2,1.9,0.9999999999999996,0.9000000000000004,0.0,0.1551020408163265,1.2863945578231293,0.55543885837191,1,0.55543885837191,False,True,V4-C_rolling
2026-07-25,西武,ソフトバンク,8,6,メットライフドーム,,https://handenomori.com/jpb/20260725/,2026,2,1.0,7,1.0,-95.3341549749457,-0.1654135338345865,-1.5338345864661653,0,-0.20000000000000007,-0.20000000000000007,-6.6,-2.8,-1.9000000000000004,-0.8999999999999999,-0.09999999999999998,-0.0574509803921569,-1.2398039215686274,0.5054974404526343,0,0.5054974404526343,False,False,V4-C_rolling
2026-07-25,阪神,巨人,1,5,甲子園球場,,https://handenomori.com/jpb/20260725/,2026,-4,0.0,7,1.0,-16.442634081248116,0.12580664259072882,1.0862589544727963,0,-0.20000000000000007,-0.09999999999999998,-3.0,-1.6,-1.4,-0.20000000000000018,0.19999999999999996,0.029999999999999916,0.5,0.5618006554492648,1,0.5618006554492648,False,False,V4-C_rolling
2026-07-26,オリックス,ロッテ,2,3,京セラドーム大阪,,https://handenomori.com/jpb/20260726/,2026,-1,0.0,7,1.0,48.72491523620215,0.1127819548872181,0.5714285714285714,0,0.39999999999999997,0.2,-4.0,-2.5,-0.2999999999999998,-2.1999999999999997,0.30000000000000004,0.03630050505050508,0.10669191919191923,0.5176201783894638,0,0.5176201783894638,False,True,V4-C_rolling
2026-07-26,ヤクルト,広島,3,4,神宮野球場,,https://handenomori.com/jpb/20260726/,2026,-1,0.0,7,1.0,3.3646089518501867,-0.027608825283243876,-0.5837805605247466,0,0.39999999999999997,0.0,0.6,-2.3,-0.30000000000000027,-2.0,0.0,0.04706404706404704,0.033966033966033926,0.5351528461899597,0,0.5351528461899597,False,True,V4-C_rolling
2026-07-26,中日,DeNA,5,1,ナゴヤドーム,,https://handenomori.com/jpb/20260726/,2026,4,1.0,7,1.0,3.2367499674746796,-0.08380681818181818,-0.7580492424242424,0,0.19999999999999996,-0.09999999999999998,-1.4,-3.0999999999999996,-1.5999999999999996,-1.5,-0.09999999999999998,-0.026491365777080056,0.04925431711145997,0.5187297888832616,0,0.5187297888832616,False,False,V4-C_rolling
2026-07-26,日本ハム,楽天,6,2,エスコンF,,https://handenomori.com/jpb/20260726/,2026,4,1.0,7,1.0,108.98923909309292,0.12306397306397304,1.6139730639730638,0,0.39999999999999997,0.0,4.4,0.7999999999999999,0.5,0.3000000000000007,0.0,0.1551020408163265,1.2863945578231293,0.5517269359105206,0,0.5517269359105206,False,False,V4-C_rolling
2026-07-26,西武,ソフトバンク,0,3,メットライフドーム,,https://handenomori.com/jpb/20260726/,2026,-3,0.0,7,1.0,-71.8955378457772,-0.1654135338345865,-1.5338345864661653,0,0.0,-0.09999999999999998,-6.2,-3.3,-2.5,-0.7999999999999998,0.0,-0.0574509803921569,-1.2398039215686274,0.5049512392815497,0,0.5049512392815497,False,True,V4-C_rolling
2026-07-26,阪神,巨人,1,0,甲子園球場,,https://handenomori.com/jpb/20260726/,2026,1,1.0,7,1.0,-37.50986723011715,0.12580664259072882,1.0862589544727963,0,-0.4,-0.30000000000000004,-4.0,-2.8,-1.8999999999999995,-0.8999999999999999,0.19999999999999996,0.029999999999999916,0.5,0.5612337657484078,1,0.5612337657484078,False,True,V4-C_rolling
2026-07-31,ヤクルト,阪神,3,4,神宮野球場,,https://handenomori.com/jpb/20260731/,2026,-1,0.0,7,1.0,-104.1202351808463,-0.2111945309161936,-1.9702130256973693,0,0.0,-0.3,0.19999999999999996,-2.1,0.7000000000000002,-2.8,-0.09999999999999998,-0.10535353535353531,-1.2563636363636363,0.5240213471571742,0,0.5240213471571742,False,True,V4-C_rolling
2026-07-31,巨人,DeNA,6,0,東京ドーム,,https://handenomori.com/jpb/20260731/,2026,6,1.0,7,1.0,97.16518611931133,-0.01938439849624063,-0.2731437969924812,0,0.39999999999999997,0.19999999999999996,1.6,-0.8999999999999999,-1.1000000000000005,0.20000000000000018,0.4,0.08081632653061227,0.1404081632653061,0.5372479637104225,0,0.5372479637104225,False,False,V4-C_rolling
2026-07-31,広島,中日,3,1,マツダスタジアム,,https://handenomori.com/jpb/20260731/,2026,2,1.0,7,1.0,-26.53004543116799,0.006643356643356635,0.18473193473193472,0,-0.19999999999999996,-0.09999999999999998,-1.4,-0.6,-0.3999999999999999,-0.19999999999999973,0.0,-0.015109890109890112,-0.6991758241758241,0.5733421045118373,1,0.5733421045118373,False,True,V4-C_rolling
2026-07-31,日本ハム,ロッテ,6,1,エスコンF,,https://handenomori.com/jpb/20260731/,2026,5,1.0,7,1.0,101.12196231730718,0.1641325536062378,1.646839320523531,0,0.19999999999999996,0.3,1.0,1.9000000000000001,1.1,0.7999999999999998,0.09999999999999998,0.07410714285714282,0.9398809523809524,0.5616722798003669,1,0.5616722798003669,False,True,V4-C_rolling
2026-07-31,西武,オリックス,4,5,メットライフドーム,,https://handenomori.com/jpb/20260731/,2026,-1,0.0,7,1.0,49.82833702220705,-0.07518796992481208,-0.3007518796992481,0,0.0,0.09999999999999998,1.1999999999999997,2.3,0.8999999999999999,1.3999999999999995,-0.09999999999999998,0.06494949494949487,0.6841414141414142,0.5508137964078348,0,0.5508137964078348,False,True,V4-C_rolling
2026-08-01,ヤクルト,阪神,3,7,神宮野球場,,https://handenomori.com/jpb/20260801/,2026,-4,0.0,8,1.0,-120.19302967152521,-0.2111945309161936,-1.9702130256973693,0,0.0,-0.3,1.4,-1.9,0.8000000000000003,-2.7,-0.09999999999999998,-0.10535353535353531,-1.2563636363636363,0.5249423603331069,0,0.5249423603331069,False,True,V4-C_rolling
2026-08-01,巨人,DeNA,7,8,東京ドーム,,https://handenomori.com/jpb/20260801/,2026,-1,0.0,8,1.0,109.90405577608499,-0.01938439849624063,-0.2731437969924812,0,0.39999999999999997,0.19999999999999996,2.5999999999999996,-0.09999999999999987,-0.40000000000000036,0.30000000000000027,0.4,0.08081632653061227,0.1404081632653061,0.5316732148810691,0,0.5316732148810691,False,True,V4-C_rolling
2026-08-01,広島,中日,1,7,マツダスタジアム,,https://handenomori.com/jpb/20260801/,2026,-6,0.0,8,1.0,-7.017518643021731,0.006643356643356635,0.18473193473193472,0,0.19999999999999996,-0.09999999999999998,2.0,-0.6,-0.7000000000000002,0.10000000000000009,0.09999999999999998,-0.015109890109890112,-0.6991758241758241,0.5655072183965103,1,0.5655072183965103,False,False,V4-C_rolling
2026-08-01,日本ハム,ロッテ,3,5,エスコンF,,https://handenomori.com/jpb/20260801/,2026,-2,0.0,8,1.0,113.66390677951517,0.1641325536062378,1.646839320523531,0,0.6000000000000001,0.39999999999999997,5.2,2.6999999999999997,1.6999999999999997,1.0,0.09999999999999998,0.07410714285714282,0.9398809523809524,0.5536796626993035,0,0.5536796626993035,False,True,V4-C_rolling
2026-08-01,楽天,ソフトバンク,0,5,楽天モバイル,,https://handenomori.com/jpb/20260801/,2026,-5,0.0,8,1.0,-183.62709259129065,-0.16193893825472777,-1.7716450216450217,0,-0.6000000000000001,-0.30000000000000004,-7.800000000000001,-4.2,-2.5000000000000004,-1.7000000000000002,-0.09999999999999998,-0.23969587835134054,-2.3771508603441376,0.5196648345319974,0,0.5196648345319974,False,True,V4-C_rolling
2026-08-01,西武,オリックス,4,1,メットライフドーム,,https://handenomori.com/jpb/20260801/,2026,3,1.0,8,1.0,25.039996848307055,-0.07518796992481208,-0.3007518796992481,0,-0.39999999999999997,-0.09999999999999998,-3.4,1.3,0.9000000000000004,0.39999999999999947,-0.09999999999999998,0.06494949494949487,0.6841414141414142,0.5504206891680793,0,0.5504206891680793,False,False,V4-C_rolling
2026-08-02,巨人,DeNA,1,2,東京ドーム,,https://handenomori.com/jpb/20260802/,2026,-1,0.0,8,1.0,82.0149157604219,-0.01938439849624063,-0.2731437969924812,0,0.19999999999999996,0.09999999999999998,3.0,0.19999999999999996,0.3000000000000007,-0.10000000000000009,0.4,0.08081632653061227,0.1404081632653061,0.5367184684485167,0,0.5367184684485167,False,True,V4-C_rolling
2026-08-02,広島,中日,4,3,マツダスタジアム,,https://handenomori.com/jpb/20260802/,2026,1,1.0,8,1.0,-28.62484583923083,0.006643356643356635,0.18473193473193472,0,-0.19999999999999996,-0.19999999999999996,-2.0,-1.9,-1.4000000000000004,-0.5,0.0,-0.015109890109890112,-0.6991758241758241,0.571632004162628,1,0.571632004162628,False,True,V4-C_rolling
2026-08-02,日本ハム,ロッテ,3,0,エスコンF,,https://handenomori.com/jpb/20260802/,2026,3,1.0,8,1.0,85.59279263997337,0.1641325536062378,1.646839320523531,0,0.4,0.3,4.4,2.3,1.2000000000000002,1.0999999999999996,0.09999999999999998,0.07410714285714282,0.9398809523809524,0.5568712404998247,1,0.5568712404998247,False,True,V4-C_rolling
2026-08-02,楽天,ソフトバンク,6,10,楽天モバイル,,https://handenomori.com/jpb/20260802/,2026,-4,0.0,8,1.0,-195.55775259644474,-0.16193893825472777,-1.7716450216450217,0,-0.6000000000000001,-0.4,-5.6,-5.0,-2.6999999999999997,-2.3,-0.09999999999999998,-0.23969587835134054,-2.3771508603441376,0.5208673994490347,0,0.5208673994490347,False,True,V4-C_rolling
2026-08-02,西武,オリックス,5,1,メットライフドーム,,https://handenomori.com/jpb/20260802/,2026,4,1.0,8,1.0,41.61781466427965,-0.07518796992481208,-0.3007518796992481,0,-0.19999999999999996,0.0,-0.6,1.3,0.8999999999999999,0.40000000000000036,0.0,0.06494949494949487,0.6841414141414142,0.5489312645656931,0,0.5489312645656931,False,False,V4-C_rolling
2026-08-03,オリックス,楽天,9,6,東京ドーム,,https://handenomori.com/jpb/20260803/,2026,3,1.0,8,1.0,51.94178721885987,0.07171337434495334,0.5385623148781044,0,0.2,0.2,1.6,-0.10000000000000009,-1.0,0.9000000000000004,-0.2,0.11729540300968877,0.453205524634096,0.5186963370789026,0,0.5186963370789026,False,False,V4-C_rolling
2026-08-04,DeNA,阪神,1,0,横浜スタジアム,,https://handenomori.com/jpb/20260804/,2026,1,1.0,8,1.0,-74.6108553683523,-0.1064222440944882,-0.813115157480315,-1,0.0,-0.09999999999999998,-0.6,0.9,0.7999999999999998,0.10000000000000009,0.0,-0.11081632653061219,-0.6404081632653061,0.5216134490717504,0,0.5216134490717504,False,False,V4-C_rolling
2026-08-04,ソフトバンク,日本ハム,1,0,京セラドーム大阪,,https://handenomori.com/jpb/20260804/,2026,1,1.0,8,1.0,75.23222890979446,0.03887496519075473,0.15767195767195763,0,0.0,0.10000000000000009,0.5999999999999996,1.0999999999999996,2.0,-0.8999999999999999,0.30000000000000004,0.08459383753501404,1.0907563025210083,0.543650542778156,0,0.543650542778156,False,False,V4-C_rolling
2026-08-04,ロッテ,西武,5,3,ZOZOマリンスタジアム,,https://handenomori.com/jpb/20260804/,2026,2,1.0,8,1.0,-76.44685811491127,-0.03759398496240601,-0.2706766917293233,0,-0.19999999999999996,-0.3,-2.4,-0.2,-0.9999999999999996,0.8000000000000003,-0.2,-0.10124999999999995,-0.7908333333333334,0.5825657386435472,1,0.5825657386435472,False,True,V4-C_rolling
2026-08-04,中日,ヤクルト,4,3,ナゴヤドーム,,https://handenomori.com/jpb/20260804/,2026,1,1.0,8,1.0,52.22815448117126,0.02096546863988724,0.39904862579281186,-1,0.0,0.2,1.0,2.5,0.8999999999999999,1.6,0.09999999999999998,-0.03195415695415693,0.6652097902097902,0.5650400873010266,1,0.5650400873010266,False,True,V4-C_rolling
2026-08-04,広島,巨人,4,3,マツダスタジアム,,https://handenomori.com/jpb/20260804/,2026,1,1.0,8,1.0,-73.06031832329268,-0.05777906304222091,-0.3001735106998265,0,0.19999999999999996,-0.19999999999999996,-2.0,-2.7,-1.4000000000000004,-1.2999999999999998,-0.2,-0.12241758241758244,-0.7903296703296703,0.5443277044591587,0,0.5443277044591587,False,False,V4-C_rolling
2026-08-05,DeNA,阪神,11,7,横浜スタジアム,,https://handenomori.com/jpb/20260805/,2026,4,1.0,8,1.0,-52.34049949786481,-0.1064222440944882,-0.813115157480315,0,0.0,-0.09999999999999998,-1.5999999999999999,0.6000000000000001,0.5,0.10000000000000009,0.0,-0.11081632653061219,-0.6404081632653061,0.5204339628125684,0,0.5204339628125684,False,False,V4-C_rolling
2026-08-05,オリックス,楽天,3,1,京セラドーム大阪,,https://handenomori.com/jpb/20260805/,2026,2,1.0,8,1.0,67.03892887669622,0.07171337434495334,0.5385623148781044,0,0.4,0.3,2.5999999999999996,0.6000000000000001,0.20000000000000018,0.40000000000000036,-0.2,0.11729540300968877,0.453205524634096,0.5265810381322987,0,0.5265810381322987,False,False,V4-C_rolling
2026-08-05,ソフトバンク,日本ハム,7,5,PayPayドーム,,https://handenomori.com/jpb/20260805/,2026,2,1.0,8,1.0,89.09143183066476,0.03887496519075473,0.15767195767195763,0,0.20000000000000007,0.20000000000000007,0.40000000000000013,1.7000000000000002,2.5,-0.7999999999999998,0.30000000000000004,0.08459383753501404,1.0907563025210083,0.5515880268778869,0,0.5515880268778869,False,False,V4-C_rolling
2026-08-05,ロッテ,西武,8,0,ZOZOマリンスタジアム,,https://handenomori.com/jpb/20260805/,2026,8,1.0,8,1.0,-54.07223888302633,-0.03759398496240601,-0.2706766917293233,0,0.19999999999999996,-0.09999999999999998,-0.8,0.8,-0.19999999999999973,0.9999999999999996,-0.09999999999999998,-0.10124999999999995,-0.7908333333333334,0.5809446214655987,1,0.5809446214655987,False,True,V4-C_rolling
2026-08-05,中日,ヤクルト,4,1,ナゴヤドーム,,https://handenomori.com/jpb/20260805/,2026,3,1.0,8,1.0,67.30980529212138,0.02096546863988724,0.39904862579281186,0,0.39999999999999997,0.3,2.8,2.4,0.8999999999999999,1.5,0.09999999999999998,-0.03195415695415693,0.6652097902097902,0.5584252416934846,1,0.5584252416934846,False,True,V4-C_rolling
2026-08-05,広島,巨人,0,4,マツダスタジアム,,https://handenomori.com/jpb/20260805/,2026,-4,0.0,8,1.0,-50.87811243242618,-0.05777906304222091,-0.3001735106998265,0,0.6000000000000001,0.0,-0.6000000000000001,-1.8,-0.8999999999999995,-0.8999999999999999,-0.09999999999999998,-0.12241758241758244,-0.7903296703296703,0.5506130996213925,0,0.5506130996213925,False,True,V4-C_rolling
2026-08-06,DeNA,阪神,5,10,横浜スタジアム,,https://handenomori.com/jpb/20260806/,2026,-5,0.0,8,1.0,-31.343128121529617,-0.1064222440944882,-0.813115157480315,0,0.20000000000000007,0.0,0.0,0.9,0.6000000000000001,0.2999999999999998,0.0,-0.11081632653061219,-0.6404081632653061,0.5175238770592789,0,0.5175238770592789,False,True,V4-C_rolling
2026-08-06,オリックス,楽天,1,3,京セラドーム大阪,,https://handenomori.com/jpb/20260806/,2026,-2,0.0,8,1.0,81.32834782690884,0.07171337434495334,0.5385623148781044,0,0.6,0.4,3.4,1.0,0.5,0.5,-0.09999999999999998,0.11729540300968877,0.453205524634096,0.523601193493812,0,0.523601193493812,False,True,V4-C_rolling
2026-08-06,ソフトバンク,日本ハム,2,6,PayPayドーム,,https://handenomori.com/jpb/20260806/,2026,-4,0.0,8,1.0,102.23716312051215,0.03887496519075473,0.15767195767195763,0,0.6,0.30000000000000004,2.4,2.4000000000000004,2.7,-0.30000000000000027,0.30000000000000004,0.08459383753501404,1.0907563025210083,0.5424536485413963,0,0.5424536485413963,False,True,V4-C_rolling
2026-08-06,中日,ヤクルト,5,0,ナゴヤドーム,,https://handenomori.com/jpb/20260806/,2026,5,1.0,8,1.0,81.58490577263592,0.02096546863988724,0.39904862579281186,0,0.6,0.3,3.4,2.4000000000000004,0.8999999999999999,1.5,0.09999999999999998,-0.03195415695415693,0.6652097902097902,0.5544789077961384,0,0.5544789077961384,False,False,V4-C_rolling
2026-08-07,DeNA,広島,2,1,横浜スタジアム,,https://handenomori.com/jpb/20260807/,2026,1,1.0,8,1.0,27.518503032725903,0.07716346153846154,0.5733173076923077,-1,0.20000000000000007,0.0,1.6,0.4,0.7999999999999998,-0.40000000000000036,0.0,0.04160125588697017,0.6499215070643641,0.5385529653199802,0,0.5385529653199802,False,False,V4-C_rolling
2026-08-07,ロッテ,オリックス,2,6,ZOZOマリンスタジアム,,https://handenomori.com/jpb/20260807/,2026,-4,0.0,8,1.0,1.1014833528522558,-0.1127819548872181,-0.5714285714285714,1,0.19999999999999996,0.0,1.6,1.1,0.5,0.6000000000000001,-0.2,-0.03630050505050508,-0.10669191919191923,0.5606054581665075,1,0.5606054581665075,False,False,V4-C_rolling
2026-08-07,巨人,ヤクルト,0,1,東京ドーム,,https://handenomori.com/jpb/20260807/,2026,-1,0.0,8,1.0,136.19220347799046,0.08538788832546479,0.883954071224573,1,0.4,0.2,4.199999999999999,2.9000000000000004,1.0,1.9,0.0,0.0753535353535354,0.7563636363636363,0.5744479951066638,1,0.5744479951066638,False,False,V4-C_rolling
2026-08-07,日本ハム,楽天,3,2,エスコンF,,https://handenomori.com/jpb/20260807/,2026,1,1.0,8,1.0,133.4082678900761,0.12306397306397304,1.6139730639730638,0,0.2,0.39999999999999997,2.8,4.5,1.6,2.8999999999999995,0.09999999999999998,0.1551020408163265,1.2863945578231293,0.5553834896136316,1,0.5553834896136316,False,True,V4-C_rolling
2026-08-07,西武,ソフトバンク,2,5,メットライフドーム,,https://handenomori.com/jpb/20260807/,2026,-3,0.0,8,1.0,-119.18378728760626,-0.1654135338345865,-1.5338345864661653,1,-0.4,-0.4,-2.4000000000000004,-5.1,-3.6000000000000005,-1.5,-0.09999999999999998,-0.0574509803921569,-1.2398039215686274,0.5097981426974426,0,0.5097981426974426,False,True,V4-C_rolling
2026-08-07,阪神,中日,2,3,京セラドーム大阪,,https://handenomori.com/jpb/20260807/,2026,-1,0.0,8,1.0,50.184823111674405,0.19022906227630637,1.5711643999045575,0,-0.20000000000000007,0.0,-1.7999999999999998,-0.7,0.19999999999999973,-0.9000000000000004,0.09999999999999998,0.13730769230769224,0.5911538461538461,0.5557684773222538,1,0.5557684773222538,False,False,V4-C_rolling
2026-08-08,ロッテ,オリックス,4,1,ZOZOマリンスタジアム,,https://handenomori.com/jpb/20260808/,2026,3,1.0,8,1.0,-20.969237942598056,-0.1127819548872181,-0.5714285714285714,0,0.0,-0.19999999999999996,0.4,-0.6,-0.3999999999999999,-0.20000000000000018,-0.2,-0.03630050505050508,-0.10669191919191923,0.5590112662679892,1,0.5590112662679892,False,True,V4-C_rolling
2026-08-08,巨人,ヤクルト,8,2,東京ドーム,,https://handenomori.com/jpb/20260808/,2026,6,1.0,8,1.0,107.06458107987919,0.08538788832546479,0.883954071224573,0,0.0,0.0,2.4,1.4,0.20000000000000018,1.2000000000000002,0.0,0.0753535353535354,0.7563636363636363,0.5826702253707644,1,0.5826702253707644,False,True,V4-C_rolling
2026-08-08,日本ハム,楽天,0,6,エスコンF,,https://handenomori.com/jpb/20260808/,2026,-6,0.0,8,1.0,144.40798589023075,0.12306397306397304,1.6139730639730638,0,0.39999999999999997,0.49999999999999994,2.6,4.7,1.8000000000000003,2.9000000000000004,0.19999999999999996,0.1551020408163265,1.2863945578231293,0.5549391242114898,0,0.5549391242114898,False,True,V4-C_rolling
2026-08-08,西武,ソフトバンク,2,1,メットライフドーム,,https://handenomori.com/jpb/20260808/,2026,1,1.0,8,1.0,-134.43043910292,-0.1654135338345865,-1.5338345864661653,0,-0.4,-0.5,-2.4,-3.8,-2.1,-1.7000000000000002,-0.09999999999999998,-0.0574509803921569,-1.2398039215686274,0.5104922760440468,0,0.5104922760440468,False,False,V4-C_rolling
2026-08-08,阪神,中日,1,7,京セラドーム大阪,,https://handenomori.com/jpb/20260808/,2026,-6,0.0,8,1.0,25.37714298003334,0.19022906227630637,1.5711643999045575,0,-0.4,-0.19999999999999996,-1.2000000000000002,-1.3,0.3999999999999999,-1.6999999999999997,0.09999999999999998,0.13730769230769224,0.5911538461538461,0.5616282349245745,1,0.5616282349245745,False,False,V4-C_rolling
2026-08-09,DeNA,広島,3,0,横浜スタジアム,,https://handenomori.com/jpb/20260809/,2026,3,1.0,8,1.0,43.95799502124578,0.07716346153846154,0.5733173076923077,0,0.4,0.09999999999999998,2.2,0.10000000000000003,1.0,-0.8999999999999999,0.0,0.04160125588697017,0.6499215070643641,0.536682125325232,0,0.536682125325232,False,False,V4-C_rolling
2026-08-09,ロッテ,オリックス,7,2,ZOZOマリンスタジアム,,https://handenomori.com/jpb/20260809/,2026,5,1.0,8,1.0,-1.776474751932028,-0.1127819548872181,-0.5714285714285714,0,0.0,0.0,0.3999999999999999,0.2,-0.10000000000000009,0.2999999999999998,-0.09999999999999998,-0.03630050505050508,-0.10669191919191923,0.558672959428851,1,0.558672959428851,False,True,V4-C_rolling
2026-08-09,巨人,ヤクルト,7,3,東京ドーム,,https://handenomori.com/jpb/20260809/,2026,4,1.0,8,1.0,119.3139049257993,0.08538788832546479,0.883954071224573,0,0.2,0.2,4.199999999999999,3.4,1.5,1.9,0.0,0.0753535353535354,0.7563636363636363,0.5820465251822675,1,0.5820465251822675,False,True,V4-C_rolling
2026-08-09,日本ハム,楽天,1,0,エスコンF,,https://handenomori.com/jpb/20260809/,2026,1,1.0,8,1.0,114.90999645814304,0.12306397306397304,1.6139730639730638,0,0.0,0.3,-1.2000000000000002,1.8,0.30000000000000027,1.5000000000000004,0.19999999999999996,0.1551020408163265,1.2863945578231293,0.5526947211931936,0,0.5526947211931936,False,False,V4-C_rolling
2026-08-09,西武,ソフトバンク,0,5,メットライフドーム,,https://handenomori.com/jpb/20260809/,2026,-5,0.0,8,1.0,-108.85806667198312,-0.1654135338345865,-1.5338345864661653,0,-0.19999999999999996,-0.29999999999999993,-1.8,-2.6,-1.6,-1.0,-0.09999999999999998,-0.0574509803921569,-1.2398039215686274,0.5087976021739673,0,0.5087976021739673,False,True,V4-C_rolling
2026-08-09,阪神,中日,1,0,京セラドーム大阪,,https://handenomori.com/jpb/20260809/,2026,1,1.0,8,1.0,1.936124462847829,0.19022906227630637,1.5711643999045575,0,-0.8,-0.29999999999999993,-4.6,-2.5,-0.3999999999999999,-2.1,0.09999999999999998,0.13730769230769224,0.5911538461538461,0.5634164076387282,1,0.5634164076387282,False,True,V4-C_rolling
2026-08-11,ソフトバンク,ロッテ,16,2,PayPayドーム,,https://handenomori.com/jpb/20260811/,2026,14,1.0,8,1.0,147.29435350801873,0.20300751879699253,1.8045112781954886,0,-0.20000000000000007,0.09999999999999998,-1.7999999999999998,0.9000000000000001,0.7000000000000002,0.20000000000000018,0.19999999999999996,0.15870098039215685,2.030637254901961,0.5685968977692749,1,0.5685968977692749,False,True,V4-C_rolling
2026-08-11,中日,DeNA,5,2,ナゴヤドーム,,https://handenomori.com/jpb/20260811/,2026,3,1.0,8,1.0,0.5667885083082638,-0.08380681818181818,-0.7580492424242424,0,0.0,0.0,1.9999999999999998,2.1,0.10000000000000009,2.0,0.0,-0.026491365777080056,0.04925431711145997,0.5347331991415321,0,0.5347331991415321,False,False,V4-C_rolling
2026-08-11,巨人,阪神,1,9,東京ドーム,,https://handenomori.com/jpb/20260811/,2026,-8,0.0,8,1.0,3.466127065542878,-0.12580664259072882,-1.0862589544727963,0,0.19999999999999996,0.0,3.4,2.3,0.6999999999999997,1.5999999999999996,-0.2,-0.029999999999999916,-0.5,0.5407193483024748,0,0.5407193483024748,False,True,V4-C_rolling
2026-08-11,日本ハム,西武,0,1,エスコンF,,https://handenomori.com/jpb/20260811/,2026,-1,0.0,8,1.0,43.88799629354912,0.12653856864383178,1.3761626287942077,0,0.39999999999999997,0.19999999999999996,3.0,1.9,0.5,1.4,0.0,-0.027142857142857135,0.14904761904761904,0.5942917871949667,1,0.5942917871949667,False,False,V4-C_rolling
2026-08-11,楽天,ロッテ,1,9,楽天モバイル,,https://handenomori.com/jpb/20260811/,2026,-8,0.0,8,1.0,-55.07901319474354,0.041068580542264754,0.03286625655046704,2,-0.19999999999999996,-0.39999999999999997,1.2000000000000002,-0.8,-0.8000000000000003,0.0,-0.3,-0.08099489795918369,-0.3465136054421768,0.5461687529987677,0,0.5461687529987677,False,True,V4-C_rolling
2026-08-12,ソフトバンク,ロッテ,10,4,PayPayドーム,,https://handenomori.com/jpb/20260812/,2026,6,1.0,8,1.0,148.24547026582718,0.20300751879699253,1.8045112781954886,0,0.0,0.20000000000000007,3.8,3.0,1.2000000000000002,1.7999999999999998,0.30000000000000004,0.15870098039215685,2.030637254901961,0.5707288548426894,1,0.5707288548426894,False,True,V4-C_rolling
2026-08-12,ヤクルト,広島,12,0,神宮野球場,,https://handenomori.com/jpb/20260812/,2026,12,1.0,8,1.0,-47.63204518226871,-0.027608825283243876,-0.5837805605247466,0,-0.2,-0.2,-2.2,-1.0999999999999999,0.0,-1.1000000000000005,-0.09999999999999998,0.04706404706404704,0.033966033966033926,0.5561565127582574,1,0.5561565127582574,False,True,V4-C_rolling
2026-08-12,中日,DeNA,3,6,ナゴヤドーム,,https://handenomori.com/jpb/20260812/,2026,-3,0.0,8,1.0,18.52652160323828,-0.08380681818181818,-0.7580492424242424,0,0.20000000000000007,0.09999999999999998,2.8,2.8,0.3999999999999999,2.4000000000000004,0.09999999999999998,-0.026491365777080056,0.04925431711145997,0.534921556095616,0,0.534921556095616,False,True,V4-C_rolling
2026-08-12,巨人,阪神,1,5,東京ドーム,,https://handenomori.com/jpb/20260812/,2026,-4,0.0,8,1.0,-18.73915799774022,-0.12580664259072882,-1.0862589544727963,0,0.0,-0.19999999999999996,-0.3999999999999999,-0.10000000000000009,-0.5,0.3999999999999999,-0.2,-0.029999999999999916,-0.5,0.5415820941612739,0,0.5415820941612739,False,True,V4-C_rolling
2026-08-12,日本ハム,西武,2,5,エスコンF,,https://handenomori.com/jpb/20260812/,2026,-3,0.0,8,1.0,19.423301972262152,0.12653856864383178,1.3761626287942077,0,0.19999999999999996,0.09999999999999998,2.5999999999999996,1.5,0.6000000000000001,0.8999999999999999,-0.09999999999999998,-0.027142857142857135,0.14904761904761904,0.5953624316798491,1,0.5953624316798491,False,False,V4-C_rolling
2026-08-12,楽天,オリックス,7,2,楽天モバイル,,https://handenomori.com/jpb/20260812/,2026,5,1.0,8,1.0,-53.371821162787455,-0.07171337434495334,-0.5385623148781044,-2,0.0,-0.2,0.4,-1.2,-0.3999999999999999,-0.8000000000000003,0.09999999999999998,-0.11729540300968877,-0.453205524634096,0.5501711755212326,0,0.5501711755212326,False,False,V4-C_rolling
2026-08-13,ソフトバンク,ロッテ,3,4,PayPayドーム,,https://handenomori.com/jpb/20260813/,2026,-1,0.0,8,1.0,158.57729729323478,0.20300751879699253,1.8045112781954886,0,0.20000000000000007,0.20000000000000007,6.2,3.4,1.6000000000000005,1.7999999999999998,0.30000000000000004,0.15870098039215685,2.030637254901961,0.5643338366832845,1,0.5643338366832845,False,False,V4-C_rolling
2026-08-13,中日,DeNA,1,5,ナゴヤドーム,,https://handenomori.com/jpb/20260813/,2026,-4,0.0,8,1.0,-4.530564194352564,-0.08380681818181818,-0.7580492424242424,0,0.0,0.0,1.4,2.0,0.09999999999999964,1.9,0.0,-0.026491365777080056,0.04925431711145997,0.5343955065086531,0,0.5343955065086531,False,True,V4-C_rolling
2026-08-13,巨人,阪神,2,3,東京ドーム,,https://handenomori.com/jpb/20260813/,2026,-1,0.0,8,1.0,-39.674524443014434,-0.12580664259072882,-1.0862589544727963,0,-0.19999999999999996,-0.19999999999999996,-1.7999999999999998,-0.7000000000000001,-0.7999999999999998,0.10000000000000009,-0.2,-0.029999999999999916,-0.5,0.54630450956235,0,0.54630450956235,False,True,V4-C_rolling
2026-08-13,日本ハム,西武,8,2,エスコンF,,https://handenomori.com/jpb/20260813/,2026,6,1.0,8,1.0,-3.6841805195583675,0.12653856864383178,1.3761626287942077,0,-0.19999999999999996,-0.09999999999999998,-1.0,0.09999999999999998,-0.30000000000000027,0.3999999999999999,-0.09999999999999998,-0.027142857142857135,0.14904761904761904,0.6056959285364897,1,0.6056959285364897,False,True,V4-C_rolling
2026-08-14,オリックス,日本ハム,6,2,京セラドーム大阪,,https://handenomori.com/jpb/20260814/,2026,4,1.0,8,1.0,-78.67311551507373,-0.0513505987190197,-1.0754107490949596,1,-0.2,-0.09999999999999998,-1.6,-1.4,0.30000000000000027,-1.6999999999999997,-0.3,-0.03780663780663773,-0.8331890331890333,0.5249599881087198,0,0.5249599881087198,False,False,V4-C_rolling
2026-08-14,ソフトバンク,楽天,2,5,PayPayドーム,,https://handenomori.com/jpb/20260814/,2026,-3,0.0,8,1.0,201.74887576801666,0.16193893825472777,1.7716450216450217,-1,0.19999999999999996,0.39999999999999997,4.3999999999999995,4.0,2.8,1.1999999999999997,0.09999999999999998,0.23969587835134054,2.3771508603441376,0.5582270705240351,1,0.5582270705240351,False,False,V4-C_rolling
2026-08-14,ヤクルト,DeNA,7,2,神宮野球場,,https://handenomori.com/jpb/20260814/,2026,5,1.0,8,1.0,-110.18151387204443,-0.10477228682170542,-1.1570978682170543,1,-0.4,-0.6000000000000001,-2.0,-2.2,-1.4,-0.7999999999999998,-0.2,0.0054627911770768756,-0.6159554730983302,0.5297652531000491,0,0.5297652531000491,False,False,V4-C_rolling
2026-08-14,中日,巨人,0,1,ナゴヤドーム,,https://handenomori.com/jpb/20260814/,2026,-1,0.0,8,1.0,-5.271636964739628,-0.06442241968557755,-0.48490544543176123,0,0.0,0.3,0.8,1.3,0.10000000000000009,1.2000000000000002,0.0,-0.10730769230769233,-0.09115384615384614,0.5526359881632468,0,0.5526359881632468,False,True,V4-C_rolling
2026-08-14,広島,阪神,6,1,マツダスタジアム,,https://handenomori.com/jpb/20260814/,2026,5,1.0,8,1.0,-121.67335465257565,-0.18358570563294974,-1.3864324651726228,1,-0.6000000000000001,-0.19999999999999996,-5.4,-3.3000000000000003,-2.7,-0.6000000000000001,0.0,-0.15241758241758235,-1.2903296703296703,0.5587799726586723,1,0.5587799726586723,False,True,V4-C_rolling
2026-08-14,西武,ロッテ,7,0,メットライフドーム,,https://handenomori.com/jpb/20260814/,2026,7,1.0,8,1.0,23.181425477063385,0.03759398496240601,0.2706766917293233,0,0.0,-0.09999999999999998,0.0,-1.2,-2.1,0.8999999999999999,0.0,0.10124999999999995,0.7908333333333334,0.5286948153964405,0,0.5286948153964405,False,False,V4-C_rolling
